order_id,order_date,region,channel,customer_id,customer_type,sales_rep,category,product,qty,discount,status,unit_price,revenue,cost
ORD-100001,2024-09-01,Jakarta,Offline,C00438,UMKM,SR02,Smartphone,Smartphone Lumo X,4,0.1,Completed,5500000.0,19800000.0,19274000.0
ORD-100002,2024-09-01,Jawa Timur,Offline,K0002,Korporat,SR09,Peralatan Kantor,Kursi Ergonomis E1,20,0.1,Completed,1900000.0,34200000.0,26338000.0
ORD-100003,2024-09-01,Jawa Barat,Online,C01918,Retail,SYS-ONLINE,Laptop,Laptop Axio Pro 15,1,0.1,Completed,13000000.0,11700000.0,11642500.0
ORD-100004,2024-09-01,Kalimantan,Offline,C00108,Retail,SR14,Aksesoris,Keyboard Mekanik K7,1,0.0,Completed,650000.0,650000.0,401000.0
ORD-100005,2024-09-01,Sulawesi,Online,C01567,Retail,SYS-ONLINE,Smartphone,Smartphone Lumo X,2,0.1,Completed,5500000.0,9900000.0,9743000.0
ORD-100005,2024-09-01,Sulawesi,Online,C01567,Retail,SYS-ONLINE,Smartphone,Smartphone Lumo X,2,0.1,Completed,5500000.0,9900000.0,9743000.0
ORD-100006,2024-09-01,Jawa Barat,Offline,C00827,UMKM,SR04,Peralatan Kantor,Kursi Ergonomis E1,4,0.05,Completed,1900000.0,7220000.0,5213600.0
ORD-100007,2024-09-01,Jakarta,Offline,C00524,Retail,SR01,Aksesoris,Power Bank 20000mAh,4,0.05,Completed,320000.0,1216000.0,809200.0
ORD-100008,2024-09-01,Kalimantan,ONLINE,C00480,UMKM,SYS-ONLINE,Peralatan Kantor,Kertas A4 80gsm (rim),4,0.1,Completed,55000.0,198000.0,154000.0
ORD-100009,2024-09-01,Sulawesi,Offline,C01122,Retail,SR17,Networking,Switch 8 Port S8,3,0.0,Completed,450000.0,1350000.0,
ORD-100010,2024-09-01,Sumatera,Online,C02312,Retail,SYS-ONLINE,Printer & Tinta,Printer InkJet P200,1,0.0,Completed,2100000.0,2100000.0,
ORD-100011,2024-09-01,Jakarta,Offline,C00105,Retail,SR02,Networking,Router WiFi 6 R600,2,0.05,Completed,1200000.0,2280000.0,1682400.0
ORD-100244,2024-10-01,Jawa Barat,Offline,C00019,Retail,SR06,Aksesoris,Mouse Wireless M20,1,0.0,Completed,180000.0,180000.0,104900.0
ORD-100245,2024-10-01,Jakarta,Offline,C01111,UMKM,SR02,Printer & Tinta,Tinta Botol Set CMYK,2,0.05,Completed,280000.0,532000.0,327200.0
ORD-100481,2024-11-01,Kalimantan,Offline,C00523,UMKM,SR15,Peralatan Kantor,Kertas A4 80gsm (rim),7,0.0,Completed,55000.0,385000.0,264600.0
ORD-100482,2024-11-01,Jakarta,Offline,C01477,UMKM,SR02,Networking,Switch 8 Port S8,1,0.0,Completed,450000.0,450000.0,
ORD-100483,2024-11-01,Jakarta,Offline,C00952,Retail,SR01,Networking,Switch 8 Port S8,5,0.0,Completed,450000.0,2250000.0,
ORD-100484,2024-11-01,Kalimantan,online,K0098,Korporat,SYS-ONLINE,Peralatan Kantor,Kertas A4 80gsm (rim),7,0.05,Completed,55000.0,365750.0,266000.0
ORD-100485,2024-11-01,Sulawesi,Offline,C01249,Retail,SR16,Laptop,Laptop Veno 13,2,0.0,Completed,6200000.0,12400000.0,11005600.0
ORD-100486,2024-11-01,Kalimantan,Offline,C00324,Retail,SR15,Networking,Router WiFi 6 R600,5,0.0,Completed,1200000.0,6000000.0,4272500.0
ORD-100487,2024-11-01,Jawa Timur,Offline,C00438,Retail,SR09,Laptop,Laptop Veno 13,2,0.1,Completed,6200000.0,11160000.0,10983600.0
ORD-100488,2024-11-01,JKT ,Online,C01110,Retail,SYS-ONLINE,Laptop,Laptop Veno 13,1,0.0,Completed,6200000.0,6200000.0,5620900.0
ORD-100489,2024-11-01,Jawa Barat,Offline,C00115,Retail,SR04,Smartphone,Smartphone Lumo X,1,0.0,Completed,5500000.0,5500000.0,4808000.0
ORD-100490,2024-11-01,Jakarta,Offline,C00037,UMKM,SR03,Laptop,Laptop Axio 14,4,0.0,Completed,8500000.0,34000000.0,30138400.0
ORD-100491,2024-11-01,Jawa Timur,Offline,C00415,Retail,SR09,Aksesoris,Headset USB H3,5,0.0,Completed,350000.0,1750000.0,1056500.0
ORD-100492,2024-11-01,Jawa Barat,Online,C00731,UMKM,SYS-ONLINE,Smartphone,Smartphone Lumo A5,4,0.05,Completed,2800000.0,10640000.0,9657200.0
ORD-100493,2024-11-01,Jawa Timur,Offline,C00567,UMKM,SR08,Peralatan Kantor,Kertas A4 80gsm (rim),10,0.0,Completed,55000.0,550000.0,375000.0
ORD-100761,2024-12-01,Jakarta,Offline,K0091,Korporat,SR03,Laptop,Laptop Veno 13,4,0.0,Completed,6200000.0,24800000.0,22396400.0
ORD-100762,2024-12-01,Jakarta,Offline,C00163,Retail,SR02,Smartphone,Smartphone Lumo A5,1,0.1,Completed,2800000.0,2520000.0,2442400.0
ORD-100763,2024-12-01,Jakarta,Offline,K0155,Korporat,SR02,Aksesoris,Headset USB H3,13,0.0,Completed,350000.0,4550000.0,2733900.0
ORD-100764,2024-12-01,Kalimantan,Offline,C00476,Retail,SR13,LAPTOP,Laptop Axio Pro 15,1,0.05,Completed,13000000.0,12350000.0,11643400.0
ORD-100765,2024-12-01,,Online,C02230,Retail,SYS-ONLINE,Aksesoris,Keyboard Mekanik K7,2,0.05,Completed,650000.0,1235000.0,789800.0
ORD-100766,2024-12-01,Sulawesi,Offline,C00457,UMKM,SR18,Peralatan Kantor,Kertas A4 80gsm (rim),6,0.05,Completed,55000.0,313500.0,225000.0
ORD-100767,2024-12-01,Jakarta,Offline,C00859,UMKM,SR02,Smartphone,Smartphone Lumo A5,1,0.05,Completed,2800000.0,2660000.0,2458000.0
ORD-100768,2024-12-01,Jawa Timur,Offline,C01146,UMKM,SR07,Aksesoris,Power Bank 20000mAh,3,0.0,Completed,320000.0,960000.0,607200.0
ORD-100769,2024-12-01,kalimantan,Offline,C00521,Retail,SR15,Peralatan Kantor,Kursi Ergonomis E1,4,0.0,Completed,1900000.0,7600000.0,5123600.0
ORD-100770,2024-12-01,Jakarta,Offline,C02091,Retail,SR02,Printer & Tinta,Printer InkJet P200,1,0.1,Completed,2100000.0,1890000.0,1701600.0
ORD-100012,2024-09-02,Jakarta,Online,C00278,UMKM,SYS-ONLINE,Peralatan Kantor,Kertas A4 80gsm (rim),2,0.15,Completed,55000.0,93500.0,76600.0
ORD-100013,2024-09-02,Sumatera,Offline,C00954,UMKM,SR11,Aksesoris,Headset USB H3,10,0.0,Completed,350000.0,3500000.0,2130000.0
ORD-100014,2024-09-02,Jawa Barat,Offline,C01329,UMKM,SR05,Peralatan Kantor,Kursi Ergonomis E1,6,0.0,Completed,1900000.0,11400000.0,7766400.0
ORD-100015,2024-09-02,Jawa Timur,Offline,C00927,Retail,SR08,Printer & Tinta,Printer InkJet P200,2,0.05,Completed,2100000.0,3990000.0,3402400.0
ORD-100016,2024-09-02,Jawa Barat,Offline,K0089,Korporat,SR04,Networking,Router WiFi 6 R600,30,0.0,Completed,1200000.0,36000000.0,
ORD-100017,2024-09-02,Jakarta,Offline,C00364,Retail,SR02,Peralatan Kantor,Kursi Ergonomis E1,3,0.05,Completed,1900000.0,5415000.0,3905700.0
ORD-100017,2024-09-02,Jakarta,Offline,C00364,Retail,SR02,Peralatan Kantor,Kursi Ergonomis E1,3,0.05,Completed,1900000.0,5415000.0,3905700.0
ORD-100246,2024-10-02,Jawa Barat,Offline,C01304,Retail,SR04,Laptop,Laptop Veno 13,2,0.0,Completed,6200000.0,12400000.0,10935200.0
ORD-100247,2024-10-02,Jawa Timur,Online,C00132,Retail,SYS-ONLINE,Networking,Router WiFi 6 R600,1,0.1,Completed,1200000.0,1080000.0,843600.0
ORD-100248,2024-10-02,Jakarta,Offline,C00089,UMKM,SR01,Laptop,Laptop Veno 13,4,0.0,Completed,6200000.0,24800000.0,22423200.0
ORD-100249,2024-10-02,Kalimantan,Online,C00660,Retail,SYS-ONLINE,Smartphone,Smartphone Lumo A5,1,0.0,Completed,2800000.0,2800000.0,2422400.0
ORD-100250,2024-10-02,Jatim,Offline,C00760,UMKM,SR08,Printer & Tinta,Printer InkJet P200,1,0.0,Completed,2100000.0,2100000.0,1693000.0
ORD-100251,2024-10-02,Jakarta,Online,C00913,UMKM,SYS-ONLINE,Smartphone,Smartphone Lumo A5,4,0.05,Completed,2800000.0,10640000.0,9590400.0
ORD-100252,2024-10-02,Jawa Barat,Offline,C01162,Retail,SR06,Smartphone,Smartphone Lumo A5,2,0.0,Completed,2800000.0,5600000.0,4810000.0
ORD-100494,2024-11-02,Jakarta,Online,C01369,UMKM,SYS-ONLINE,networking,Switch 8 Port S8,9,0.1,Completed,450000.0,3645000.0,
ORD-100495,2024-11-02,Jakarta,Offline,C00283,UMKM,SR02,Printer & Tinta,Tinta Botol Set CMYK,1,0.05,Completed,280000.0,266000.0,163300.0
ORD-100496,2024-11-02,Jawa Barat,Offline,C00376,Retail,SR04,Laptop,Laptop Axio 14,1,0.05,Completed,8500000.0,8075000.0,7663600.0
ORD-100497,2024-11-02,jakarta,Online,C00387,Retail,SYS-ONLINE,Smartphone,Smartphone Lumo X,2,0.05,Completed,5500000.0,10450000.0,9689600.0
ORD-100498,2024-11-02,Sumatera,Offline,C00625,Retail,SR10,Aksesoris,Keyboard Mekanik K7,2,0.0,Completed,650000.0,1300000.0,792800.0
ORD-100499,2024-11-02,Sumatera,Offline,C00056,Retail,SR10,Peralatan Kantor,Kursi Ergonomis E1,2,0.0,Completed,1900000.0,3800000.0,2576200.0
ORD-100500,2024-11-02,Sulawesi,Offline,C01415,Retail,SR16,Printer & Tinta,Tinta Botol Set CMYK,1,0.0,Completed,280000.0,280000.0,162700.0
ORD-100501,2024-11-02,Jakarta,Online,C00590,Retail,SYS-ONLINE,Aksesoris,Power Bank 20000mAh,2,0.05,Completed,320000.0,608000.0,401800.0
ORD-100502,2024-11-02,Jawa Barat,Online,C02025,Retail,SYS-ONLINE,Laptop,Laptop Axio 14,1,0.1,Completed,8500000.0,7650000.0,7635700.0
ORD-100503,2024-11-02,Jawa barat ,Offline,C00366,Retail,SR05,Printer & Tinta,Printer InkJet P200,2,0.05,Completed,2100000.0,3990000.0,3359600.0
ORD-100771,2024-12-02,Kalimantan,Online,C00586,UMKM,SYS-ONLINE,aksesoris ,Keyboard Mekanik K7,4,0.05,Completed,650000.0,2470000.0,1615200.0
ORD-100772,2024-12-02,kalimantan,Offline,C01836,Retail,SR13,Aksesoris,Power Bank 20000mAh,5,0.05,Completed,320000.0,1520000.0,995500.0
ORD-100773,2024-12-02,Jawa Barat,Online,C02087,Retail,SYS-ONLINE,Networking,Switch 8 Port S8,3,0.0,Completed,450000.0,1350000.0,904800.0
ORD-100774,2024-12-02,Jawa Timur,Offline,C00463,Retail,SR09,Smartphone,Smartphone Lumo X,1,0.0,Completed,5500000.0,5500000.0,
ORD-100775,2024-12-02,Kalimantan,Offline,C01702,UMKM,SR15,Smartphone,Smartphone Lumo A5,2,0.0,Completed,2800000.0,5600000.0,4816600.0
ORD-100776,2024-12-02,Jawa Timur,Offline,C01680,UMKM,SR08,Peralatan Kantor,Kertas A4 80gsm (rim),1,0.05,Completed,55000.0,52250.0,37500.0
ORD-100777,2024-12-02,Sulawesi,Offline,C01512,Retail,SR18,Laptop,Laptop Axio 14,1,0.05,Completed,8500000.0,8075000.0,7527200.0
ORD-100778,2024-12-02,Jakarta,Offline,C01903,UMKM,SR02,Aksesoris,Power Bank 20000mAh,12,0.0,Completed,320000.0,3840000.0,2395200.0
ORD-100779,2024-12-02,Sumatera,Online,C02343,UMKM,SYS-ONLINE,Aksesoris,Headset USB H3,2,0.0,Completed,350000.0,700000.0,425800.0
ORD-100018,2024-09-03,Kalimantan,Offline,C01219,UMKM,SR14,Networking,Router WiFi 6 R600,1,0.0,Completed,1200000.0,1200000.0,842100.0
ORD-100019,2024-09-03,Kalimantan,Offline,C00666,UMKM,SR15,Aksesoris,Mouse Wireless M20,1,10.0,Completed,180000.0,162000.0,103900.0
ORD-100020,2024-09-03,Jawa Timur,Offline,C01733,Retail,SR09,Peralatan Kantor,Kursi Ergonomis E1,1,0.0,Completed,1900000.0,1900000.0,1299000.0
ORD-100021,2024-09-03,Jawa Barat,Online,C01191,Retail,SYS-ONLINE,Laptop,Laptop Axio Pro 15,1,0.0,Cancelled,13000000.0,13000000.0,11794700.0
ORD-100022,2024-09-03,Jakarta,Offline,C01841,UMKM,SR02,Smartphone,Smartphone Lumo X,4,0.0,Completed,5500000.0,22000000.0,19289600.0
ORD-100023,2024-09-03,Jawa Barat,Offline,K0040,Korporat,SR06,Printer & Tinta,Printer InkJet P200,8,0.0,Completed,2100000.0,16800000.0,13581600.0
ORD-106984,2024-09-03,Kalimantan,Offline,C01219,UMKM,SR14,Networking,Router WiFi 6 R600,1,0.0,Completed,1200000.0,1200000.0,
ORD-100253,2024-10-03,Jakarta,Offline,C00339,Retail,SR01,Aksesoris,Keyboard Mekanik K7,1,0.0,Completed,650000.0,650000.0,402300.0
ORD-100254,2024-10-03,Sumatera,Offline,C00735,UMKM,SR10,Smartphone,Smartphone Lumo X,2,0.0,Completed,5500000.0,11000000.0,9598000.0
ORD-100504,2024-11-03,Sumatera,Offline,K0107,Korporat,SR12,Peralatan Kantor,Kertas A4 80gsm (rim),33,0.0,Completed,55000.0,1815000.0,1240800.0
ORD-100505,2024-11-03,Sumatera,Offline,C01228,UMKM,SR11,Smartphone,Smartphone Lumo A5,3,0.0,Completed,2800000.0,8400000.0,7302900.0
ORD-100506,2024-11-03,Jawa Timur,Online,C01279,Retail,SYS-ONLINE,Laptop,Laptop Axio 14,1,0.0,Completed,8500000.0,8500000.0,7683000.0
ORD-100507,2024-11-03,Sulawesi,Online,C01555,Retail,SYS-ONLINE,Aksesoris,Headset USB H3,2,0.15,Completed,350000.0,595000.0,414600.0
ORD-100508,2024-11-03,Jakarta,Offline,C01223,Retail,SR02,Laptop,Laptop Axio 14,1,0.0,Completed,8500000.0,8500000.0,7595700.0
ORD-100509,2024-11-03,Jawa Timur,Online,C00627,Retail,SYS-ONLINE,Smartphone,Smartphone Lumo A5,2,0.1,Completed,2800000.0,5040000.0,4878800.0
ORD-100510,2024-11-03,Jawa Barat,Offline,C00402,Retail,SR06,Aksesoris,Keyboard Mekanik K7,4,0.0,Completed,650000.0,2600000.0,1610800.0
ORD-100511,2024-11-03,Jawa Timur,Offline,C02120,Retail,SR07,Laptop,Laptop Axio Pro 15,1,5.0,Completed,13000000.0,12350000.0,11666400.0
ORD-100512,2024-11-03,Kalimantan,Offline,C01633,Retail,SR13,Peralatan Kantor,Kursi Ergonomis E1,3,0.1,Completed,1900000.0,5130000.0,3921600.0
ORD-100513,2024-11-03,Jakarta,Offline,C01808,UMKM,SR01,Smartphone,Smartphone Lumo X,1,0.0,Completed,5500000.0,5500000.0,4832900.0
RET-100443,2024-11-03,Jawa Barat,Offline,C01632,Retail,SR04,Networking,Router WiFi 6 R600,-1,0.05,Returned,1200000.0,-1140000.0,
ORD-100780,2024-12-03,Jakarta,Offline,C00356,UMKM,SR01,Peralatan Kantor,Kertas A4 80gsm (rim),8,0.1,Completed,55000.0,396000.0,303200.0
ORD-100781,2024-12-03,Sulawesi,Online,C00150,Retail,SYS-ONLINE,Peralatan Kantor,Kursi Ergonomis E1,2,0.05,Completed,1900000.0,3610000.0,2611800.0
ORD-100782,2024-12-03,Jawa Barat,Online,K0093,Korporat,SYS-ONLINE,Peralatan Kantor,Kertas A4 80gsm (rim),36,0.05,Completed,55000.0,1881000.0,1357200.0
ORD-100783,2024-12-03,Jawa Timur,Offline,C00462,Retail,SR08,Smartphone,Smartphone Lumo X,2,0.0,Completed,5500000.0,11000000.0,9581000.0
ORD-100784,2024-12-03,SULAWESI,Offline,C01758,Retail,SR16,Networking,Switch 8 Port S8,3,0.0,Completed,450000.0,1350000.0,
ORD-100785,2024-12-03,Jakarta,Offline,C00070,UMKM,SR02,Peralatan Kantor,Kursi Ergonomis E1,5,0.0,Completed,1900000.0,9500000.0,6501500.0
ORD-100786,2024-12-03,Jawa Barat,Offline,C00084,Retail,SR05,Peralatan Kantor,Kursi Ergonomis E1,5,0.05,Completed,1900000.0,9025000.0,6487500.0
ORD-100787,2024-12-03,Jawa Barat,Offline,C02003,Retail,SR04,Laptop,Laptop Axio 14,2,0.05,Completed,8500000.0,16150000.0,15158600.0
ORD-100788,2024-12-03,Jakarta,Online,C00240,Retail,SYS-ONLINE,Smartphone,Smartphone Lumo A5,1,0.0,Completed,2800000.0,2800000.0,2464300.0
ORD-100789,2024-12-03,Jawa Timur,E-Commerce,K0116,Korporat,SYS-ONLINE,Printer & Tinta,Tinta Botol Set CMYK,8,0.15,Completed,280000.0,1904000.0,1335200.0
ORD-100024,2024-09-04,Sulawesi,Online,C00581,UMKM,SYS-ONLINE,Peralatan Kantor,Kertas A4 80gsm (rim),11,0.05,Completed,55000.0,574750.0,419100.0
ORD-100025,2024-09-04,Sumatera,Offline,C00921,Retail,SR11,Laptop,Laptop Axio 14,1,5.0,Completed,8500000.0,8075000.0,7512800.0
ORD-100026,2024-09-04,Jakarta,Offline,C00487,Retail,SR03,Aksesoris,Mouse Wireless M20,1,0.0,Completed,180000.0,180000.0,104700.0
ORD-100027,2024-09-04,Jakarta,Offline,C00755,UMKM,SR01,Laptop,Laptop Axio 14,2,0.05,Completed,8500000.0,16150000.0,15262400.0
ORD-100028,2024-09-04,Jawa Timur,Offline,C02227,UMKM,SR07,Printer&Tinta,Printer InkJet P200,2,5.0,Completed,2100000.0,3990000.0,3391800.0
ORD-100029,2024-09-04,Sumatera,Online,C01166,UMKM,SYS-ONLINE,Printer & Tinta,Tinta Botol Set CMYK,2,0.05,Completed,280000.0,532000.0,328200.0
ORD-100255,2024-10-04,Jawa Barat,Online,C02085,Retail,SYS-ONLINE,Aksesoris,Mouse Wireless M20,4,0.0,Completed,180000.0,720000.0,425200.0
ORD-100256,2024-10-04,Jakarta,Offline,C00692,Retail,SR02,Printer & Tinta,Printer InkJet P200,2,0.05,Completed,2100000.0,3990000.0,3370800.0
ORD-100257,2024-10-04,Jawa Timur,Offline,C00672,UMKM,SR08,networking,Router WiFi 6 R600,7,0.05,Completed,1200000.0,7980000.0,
ORD-100258,2024-10-04,Jawa Barat,Offline,C01118,Retail,SR05,Networking,Router WiFi 6 R600,5,0.0,Completed,1200000.0,6000000.0,4306500.0
ORD-100259,2024-10-04,Sumatera,Online,C01241,Retail,SYS-ONLINE,aksesoris ,Headset USB H3,1,0.1,Completed,350000.0,315000.0,210100.0
ORD-100260,2024-10-04,Sumatera,Offline,C02228,Retail,SR11,Laptop,Laptop Veno 13,1,5.0,Completed,6200000.0,5890000.0,5489100.0
ORD-100261,2024-10-04,Jakarta,Online,C00980,UMKM,SYS-ONLINE,Aksesoris,Headset USB H3,14,0.05,Completed,350000.0,4655000.0,2949800.0
ORD-100262,2024-10-04,Sumatera,Offline,C00181,Retail,SR11,Laptop,Laptop Axio Pro 15,1,5.0,Completed,13000000.0,12350000.0,11680800.0
ORD-100263,2024-10-04,Jakarta,ONLINE,C01589,UMKM,SYS-ONLINE,Peralatan Kantor,Kursi Ergonomis E1,11,0.1,Completed,1900000.0,18810000.0,14267000.0
ORD-100264,2024-10-04,Jawa Barat,Offline,C00402,Retail,SR04,Printer & Tinta,Printer InkJet P200,2,0.05,Completed,2100000.0,3990000.0,3379000.0
ORD-100265,2024-10-04,Kalimantan,Offline,C02250,Retail,SR14,Aksesoris,Power Bank 20000mAh,2,0.0,Completed,320000.0,640000.0,405200.0
ORD-100514,2024-11-04,Jakarta,Offline,C01309,UMKM,SR02,Printer & Tinta,Tinta Botol Set CMYK,1,0.0,Completed,280000.0,280000.0,163200.0
ORD-100515,2024-11-04,Jawa Timur,Offline,C00855,Retail,SR09,Laptop,Laptop Axio 14,1,0.0,Completed,8500000.0,8500000.0,7501700.0
ORD-100516,2024-11-04,Jawa Timur,Offline,C00303,Retail,SR07,Smartphone,Smartphone Lumo X,1,5.0,Completed,5500000.0,5225000.0,4861600.0
ORD-100517,2024-11-04,Jakarta,Offline,C01534,Retail,SR03,Printer & Tinta,Printer InkJet P200,2,0.1,Completed,2100000.0,3780000.0,3419800.0
ORD-100518,2024-11-04,Jakarta,Offline,K0091,Korporat,SR01,Peralatan Kantor,Kertas A4 80gsm (rim),9,0.1,Completed,55000.0,445500.0,339300.0
ORD-100519,2024-11-04,Jakarta,Offline,C02186,Retail,SR02,Peralatan Kantor,Kertas A4 80gsm (rim),2,0.0,Cancelled,55000.0,110000.0,75800.0
ORD-100520,2024-11-04,Kalimantan,Offline,K0134,Korporat,SR15,Peralatan kantor,Kertas A4 80gsm (rim),18,10.0,Completed,55000.0,891000.0,684000.0
ORD-100521,2024-11-04,Kalimantan,Offline,C00414,Retail,SR15,Laptop,Laptop Axio Pro 15,1,0.0,Completed,13000000.0,13000000.0,11675000.0
ORD-100790,2024-12-04,Sulawesi,Offline,C01107,Retail,SR17,Networking,Router WiFi 6 R600,5,0.0,Completed,1200000.0,6000000.0,4218000.0
ORD-100791,2024-12-04,Jawa Timur,Offline,C00850,Retail,SR09,Laptop,Laptop Axio 14,1,0.1,Completed,8500000.0,7650000.0,7569500.0
ORD-100792,2024-12-04,Jawa Timur,Offline,C01424,UMKM,SR07,Smartphone,Smartphone Lumo A5,2,0.0,Completed,2800000.0,5600000.0,4867600.0
ORD-100793,2024-12-04,Kalimantan,Online,C00277,Retail,SYS-ONLINE,Laptop,Laptop Veno 13,1,0.0,Completed,6200000.0,6200000.0,5540800.0
ORD-100794,2024-12-04,Sulawesi,Online,C01951,UMKM,SYS-ONLINE,Aksesoris,Power Bank 20000mAh,4,0.05,Completed,320000.0,1216000.0,788800.0
ORD-100795,2024-12-04,Jawa Barat,Online,C00381,Retail,SYS-ONLINE,Peralatan Kantor,Kertas A4 80gsm (rim),1,0.1,Completed,55000.0,49500.0,38200.0
ORD-100796,2024-12-04,Jakarta,Offline,C01717,Retail,SR02,Smartphone,Smartphone Lumo X,2,0.1,Completed,5500000.0,9900000.0,
ORD-100797,2024-12-04,Jawa Barat,Offline,C02061,Retail,SR06,Laptop,Laptop Axio Pro 15,1,0.0,Completed,13000000.0,13000000.0,11708000.0
ORD-100798,2024-12-04,Sulawesi,Online,C01927,Retail,SYS-ONLINE,Laptop,Laptop Axio Pro 15,1,0.0,Completed,13000000.0,13000000.0,11616900.0
ORD-100799,2024-12-04,Kalimantan,Offline,C01092,Retail,SR14,Peralatan Kantor,Kertas A4 80gsm (rim),2,0.0,Completed,55000.0,110000.0,77000.0
ORD-100800,2024-12-04,Jawa Barat,Offline,C01196,Retail,SR05,Peralatan Kantor,Kursi Ergonomis E1,4,0.0,Completed,1900000.0,7600000.0,5176400.0
ORD-100801,2024-12-04,Jawa Barat,Online,C01956,UMKM,SYS-ONLINE,Peralatan Kantor,Kertas A4 80gsm (rim),11,0.1,Completed,55000.0,544500.0,413600.0
ORD-100802,2024-12-04,Jakarta,Offline,C01828,Retail,SR03,Smartphone,Smartphone Lumo X,1,0.0,Completed,5500000.0,5500000.0,4777900.0
ORD-100803,2024-12-04,Sumatera,Offline,K0165,Korporat,SR11,Peralatan Kantor,Kertas A4 80gsm (rim),41,0.0,Completed,55000.0,2255000.0,
ORD-100804,2024-12-04,Sulawesi,Offline,C00711,Retail,SR17,Networking,Switch 8 Port S8,1,0.0,Completed,450000.0,450000.0,
ORD-100805,2024-12-04,Jakarta,Offline,C02190,UMKM,SR03,Laptop,Laptop Axio 14,4,0.0,Completed,8500000.0,34000000.0,30032400.0
ORD-100806,2024-12-04,Jawa Timur,Offline,K0097,Korporat,SR09,Laptop,Laptop Veno 13,7,0.05,Completed,6200000.0,41230000.0,
ORD-100030,2024-09-05,Jabar,Offline,C02231,UMKM,SR05,Printer & Tinta,Tinta Botol Set CMYK,5,0.0,Completed,280000.0,1400000.0,819500.0
ORD-100031,2024-09-05,Jawa Timur,Online,C01488,UMKM,SYS-ONLINE,Printer & Tinta,Tinta Botol Set CMYK,2,0.1,Completed,280000.0,504000.0,329000.0
ORD-100032,2024-09-05,Sumatera,Offline,C02115,Retail,SR11,Aksesoris,Power Bank 20000mAh,5,0.0,Completed,320000.0,1600000.0,1014000.0
ORD-100033,2024-09-05,Sulawesi,Offline,C00343,UMKM,SR16,Aksesoris,Headset USB H3,7,0.0,Completed,350000.0,2450000.0,1457400.0
ORD-100034,2024-09-05,Jakarta,Offline,C00473,Retail,SR03,Aksesoris,Keyboard Mekanik K7,4,0.05,Completed,650000.0,2470000.0,1584800.0
ORD-100035,2024-09-05,Jawa Timur,Online,C01705,Retail,SYS-ONLINE,Aksesoris,Keyboard Mekanik K7,1,0.05,Completed,650000.0,617500.0,395500.0
ORD-100036,2024-09-05,Jabar,Offline,C01650,Retail,SR06,Aksesoris,Mouse Wireless M20,4,0.1,Completed,180000.0,648000.0,414000.0
ORD-106980,2024-09-05,Jawa Timur,Online,C01488,UMKM,SYS-ONLINE,Printer & Tinta,Tinta Botol Set CMYK,2,0.1,Completed,280000.0,504000.0,331600.0
RET-100014,2024-09-05,Jawa Barat,Offline,C01329,UMKM,SR05,Peralatan Kantor,Kursi Ergonomis E1,-6,0.0,Returned,1900000.0,-11400000.0,-7766400.0
ORD-100266,2024-10-05,Sumatera,Offline,K0145,Korporat,SR11,Peralatan Kantor,Kertas A4 80gsm (rim),16,5.0,Completed,55000.0,836000.0,604800.0
ORD-100267,2024-10-05,Jakarta,Offline,K0048,Korporat,SR03,Smartphone,Smartphone Lumo A5,7,0.0,Completed,2800000.0,19600000.0,16988300.0
ORD-100268,2024-10-05,Kalimantan,Offline,C00614,UMKM,SR13,Peralatan Kantor,Kertas A4 80gsm (rim),9,0.0,Completed,55000.0,495000.0,344700.0
ORD-100269,2024-10-05,Jakarta,Offline,C01104,UMKM,SR03,Smartphone,Smartphone Lumo X,2,0.0,Completed,5500000.0,11000000.0,9475800.0
ORD-100270,2024-10-05,Jawa Timur,Online,C01309,Retail,SYS-ONLINE,Aksesoris,Headset USB H3,3,0.05,Completed,350000.0,997500.0,630000.0
ORD-100270,2024-10-05,Jawa Timur,Online,C01309,Retail,SYS-ONLINE,Aksesoris,Headset USB H3,3,0.05,Completed,350000.0,997500.0,630000.0
ORD-100271,2024-10-05,Jawa Barat,Offline,C02268,UMKM,SR05,Smartphone,Smartphone Lumo A5,3,0.1,Completed,2800000.0,7560000.0,7329600.0
ORD-100272,2024-10-05,Jawa Timur,Offline,C00245,Retail,SR09,Peralatan Kantor,Kertas A4 80gsm (rim),1,0.0,Completed,55000.0,55000.0,38400.0
ORD-100522,2024-11-05,Jawa Barat,Offline,C00191,UMKM,SR06,Printer & Tinta,Printer InkJet P200,4,0.0,Completed,2100000.0,8400000.0,6707200.0
ORD-100523,2024-11-05,Sumatera,Offline,C01397,UMKM,SR10,Aksesoris,Mouse Wireless M20,2,0.1,Completed,180000.0,324000.0,207400.0
ORD-100524,2024-11-05,Kalimantan,Offline,C01431,Retail,SR15,Peralatan Kantor,Kertas A4 80gsm (rim),4,0.0,Completed,55000.0,220000.0,150000.0
ORD-100525,2024-11-05,Jakarta,Offline,C02025,Retail,SR02,Printer & Tinta,Printer InkJet P200,2,0.05,Completed,2100000.0,3990000.0,3426400.0
ORD-100525,2024-11-05,Jakarta,Offline,C02025,Retail,SR02,Printer & Tinta,Printer InkJet P200,2,0.05,Completed,2100000.0,3990000.0,3426400.0
ORD-100526,2024-11-05,Sumatera,Offline,C00153,UMKM,SR10,Printer & Tinta,Tinta Botol Set CMYK,3,0.0,Completed,280000.0,840000.0,488700.0
ORD-100527,2024-11-05,Sumatera,Offline,C00560,Retail,SR10,Aksesoris,Headset USB H3,5,0.0,Completed,350000.0,1750000.0,1045000.0
ORD-100528,2024-11-05,Jawa Timur,ONLINE,K0081,Korporat,SYS-ONLINE,Networking,Router WiFi 6 R600,22,0.05,Completed,1200000.0,25080000.0,
ORD-100529,2024-11-05,Jawa barat ,Offline,C01136,Retail,SR06,Networking,Router WiFi 6 R600,2,0.05,Completed,1200000.0,2280000.0,1676600.0
ORD-100807,2024-12-05,Sumatera,Offline,C01358,UMKM,SR12,Printer & Tinta,Printer InkJet P200,1,0.0,Completed,2100000.0,2100000.0,1682300.0
ORD-100808,2024-12-05,Jakarta,Online,C00275,Retail,SYS-ONLINE,Peralatan Kantor,Kursi Ergonomis E1,3,0.1,Completed,1900000.0,5130000.0,3885000.0
ORD-100809,2024-12-05,JKT ,Offline,C00485,Retail,SR01,Peralatan Kantor,Kertas A4 80gsm (rim),5,0.0,Completed,55000.0,275000.0,191500.0
ORD-100810,2024-12-05,Jawa Barat,Online,K0005,Korporat,SYS-ONLINE,Aksesoris,Power Bank 20000mAh,48,0.0,Completed,320000.0,15360000.0,9552000.0
ORD-100811,2024-12-05,Kalimantan,Offline,C00531,Retail,SR14,Aksesoris,Keyboard Mekanik K7,2,0.05,Completed,650000.0,1235000.0,811400.0
ORD-100812,2024-12-05,Sulawesi,Offline,C00765,UMKM,SR17,Aksesoris,Keyboard Mekanik K7,9,0.1,Completed,650000.0,5265000.0,3626100.0
ORD-100813,2024-12-05,Sumatera,Online,C00724,Retail,SYS-ONLINE,Peralatan Kantor,Kertas A4 80gsm (rim),3,0.0,Completed,55000.0,165000.0,115500.0
ORD-100814,2024-12-05,Sumatera,Online,C01225,Retail,SYS-ONLINE,Aksesoris,Mouse Wireless M20,1,0.1,Completed,180000.0,162000.0,104800.0
ORD-100815,2024-12-05,Jawa Barat,Online,C02020,UMKM,SYS-ONLINE,Aksesoris,Headset USB H3,4,0.1,Completed,350000.0,1260000.0,842400.0
ORD-100816,2024-12-05,Jawa Barat,Online,C00475,UMKM,SYS-ONLINE,Smartphone,Smartphone Lumo X,4,0.0,Completed,5500000.0,22000000.0,19016800.0
ORD-100817,2024-12-05,Sumatera,Offline,C00612,Retail,SR10,Aksesoris,Headset USB H3,5,0.0,Completed,350000.0,1750000.0,1043000.0
ORD-100818,2024-12-05,Jakarta,Offline,C01714,Retail,SR01,Aksesoris,Power Bank 20000mAh,3,0.0,Completed,320000.0,960000.0,596100.0
ORD-100819,2024-12-05,Jakarta,Offline,C01306,UMKM,SR03,Printer & Tinta,Tinta Botol Set CMYK,5,0.05,Completed,280000.0,1330000.0,822500.0
ORD-100820,2024-12-05,Sulawesi,Offline,C00468,Retail,SR17,HP,Smartphone Lumo A5,2,0.0,Completed,2800000.0,5600000.0,4904000.0
ORD-100037,2024-09-06,Sumatera,Offline,C00422,Retail,SR10,Aksesoris,Power Bank 20000mAh,2,0.0,Completed,320000.0,640000.0,399000.0
ORD-100038,2024-09-06,Jawa Timur,Offline,C00934,UMKM,SR09,LAPTOP,Laptop Axio Pro 15,4,0.0,Completed,13000000.0,52000000.0,47189600.0
ORD-100039,2024-09-06,Jawa Barat,Online,C00304,Retail,SYS-ONLINE,Smartphone,Smartphone Lumo X,1,0.0,Completed,5500000.0,5500000.0,4867100.0
ORD-100040,2024-09-06,Sulawesi,ONLINE,C00488,UMKM,SYS-ONLINE,Peralatan Kantor,Kursi Ergonomis E1,11,0.05,Completed,1900000.0,19855000.0,14433100.0
ORD-100041,2024-09-06,Sumatera,Offline,C00643,UMKM,SR10,Smartphone,Smartphone Lumo X,5,0.0,Completed,5500000.0,27500000.0,23714000.0
ORD-100273,2024-10-06,Jakarta,Offline,C01002,Retail,SR02,Peralatan Kantor,Kertas A4 80gsm (rim),5,0.0,Completed,55000.0,275000.0,192500.0
ORD-100274,2024-10-06,Jawa Barat,Offline,C02240,UMKM,SR04,Aksesoris,Mouse Wireless M20,7,0.0,Completed,180000.0,1260000.0,736400.0
ORD-100275,2024-10-06,Jakarta,Offline,C01342,UMKM,SR03,Aksesoris,Mouse Wireless M20,2,0.0,Cancelled,180000.0,360000.0,211800.0
ORD-100276,2024-10-06,Sumatera,Offline,C01029,UMKM,SR10,Laptop,Laptop Axio 14,4,0.0,Completed,8500000.0,34000000.0,30167200.0
ORD-100530,2024-11-06,Jakarta,Offline,K0114,Korporat,SR01,Aksesoris,Keyboard Mekanik K7,14,0.0,Completed,650000.0,9100000.0,5545400.0
ORD-100531,2024-11-06,Kalimantan,Online,C01159,UMKM,SYS-ONLINE,Laptop,Laptop Axio Pro 15,5,0.05,Completed,13000000.0,61750000.0,58987500.0
ORD-100532,2024-11-06,Jawa Timur,Online,C00033,UMKM,SYS-ONLINE,Smartphone,Smartphone Lumo X,2,0.15,Completed,5500000.0,9350000.0,9567600.0
ORD-100533,2024-11-06,Jawa Timur,Offline,C00970,Retail,SR07,Smartphone,Smartphone Lumo A5,1,0.0,Completed,2800000.0,2800000.0,2428600.0
ORD-100534,2024-11-06,Sulawesi,Offline,C00829,Retail,SR17,Smartphone,Smartphone Lumo A5,1,0.05,Cancelled,2800000.0,2660000.0,2416400.0
ORD-100535,2024-11-06,Jawa Timur,Offline,C01995,Retail,SR08,Aksesoris,Keyboard Mekanik K7,3,0.0,Completed,650000.0,1950000.0,1192500.0
ORD-100536,2024-11-06,Jawa Barat,Offline,C02325,UMKM,SR05,Peralatan Kantor,Kertas A4 80gsm (rim),12,0.0,Completed,55000.0,660000.0,452400.0
ORD-100537,2024-11-06,Jawa Timur,Online,C00204,UMKM,SYS-ONLINE,Aksesoris,Keyboard Mekanik K7,11,0.05,Completed,650000.0,6792500.0,4431900.0
ORD-100538,2024-11-06,Jakarta,Offline,K0058,Korporat,SR01,Peralatan Kantor,Kursi Ergonomis E1,28,0.0,Completed,1900000.0,53200000.0,36430800.0
ORD-100821,2024-12-06,Jawa Barat,Offline,C00183,Retail,SR06,Peralatan Kantor,Kertas A4 80gsm (rim),3,0.0,Completed,55000.0,165000.0,112500.0
ORD-100822,2024-12-06,Jawa Barat,Online,C02145,Retail,SYS-ONLINE,Laptop,Laptop Veno 13,2,0.0,Completed,6200000.0,12400000.0,11228000.0
ORD-100823,2024-12-06,DKI Jakarta,Offline,C00289,Retail,SR02,Smartphone,Smartphone Lumo X,2,0.0,Completed,5500000.0,11000000.0,9717600.0
ORD-100824,2024-12-06,Jawa Timur,Online,C00601,Retail,SYS-ONLINE,Networking,Router WiFi 6 R600,3,0.0,Completed,1200000.0,3600000.0,
ORD-100825,2024-12-06,Sulawesi,Offline,C01332,Retail,SR18,Aksesoris,Headset USB H3,1,0.0,Completed,350000.0,350000.0,209000.0
ORD-100826,2024-12-06,Jawa Timur,Online,C02035,Retail,SYS-ONLINE,Aksesoris,Headset USB H3,3,0.1,Completed,350000.0,945000.0,633300.0
ORD-100827,2024-12-06,Jawa Timur,Online,C01536,Retail,SYS-ONLINE,Peralatan Kantor,Kursi Ergonomis E1,2,0.1,Completed,1900000.0,3420000.0,2607200.0
ORD-100042,2024-09-07,Sulawesi,Offline,C00024,UMKM,SR17,Peralatan Kantor,Kertas A4 80gsm (rim),12,0.0,Cancelled,55000.0,660000.0,452400.0
ORD-100043,2024-09-07,Jakarta,Offline,C00327,UMKM,SR02,Aksesoris,Keyboard Mekanik K7,10,0.0,Completed,650000.0,6500000.0,3959000.0
ORD-100044,2024-09-07,Jawa Barat,Online,C02112,Retail,SYS-ONLINE,HP,Smartphone Lumo A5,1,0.15,Completed,2800000.0,2380000.0,2434500.0
ORD-100045,2024-09-07,Jawa Timur,Online,K0095,Korporat,SYS-ONLINE,Printer & Tinta,Printer InkJet P200,5,0.05,Completed,2100000.0,9975000.0,8400000.0
ORD-100046,2024-09-07,,Online,C00921,Retail,SYS-ONLINE,Smartphone,Smartphone Lumo X,1,0.05,Completed,5500000.0,5225000.0,4756700.0
ORD-100047,2024-09-07,Jawa Barat,Offline,C01974,UMKM,SR04,Smartphone,Smartphone Lumo X,3,0.05,Completed,5500000.0,15675000.0,14403000.0
ORD-100048,2024-09-07,Jawa Timur,Offline,C01307,Retail,SR09,Laptop,Laptop Axio 14,2,0.1,Completed,8500000.0,15300000.0,15243400.0
ORD-100049,2024-09-07,Jawa Barat,Offline,C00910,UMKM,SR05,Aksesoris,Power Bank 20000mAh,10,0.0,Completed,320000.0,3200000.0,2024000.0
ORD-100050,2024-09-07,Sumatera,Offline,C00775,Retail,SR12,Aksesoris,Power Bank 20000mAh,3,0.0,Completed,320000.0,960000.0,600300.0
ORD-100051,2024-09-07,Kalimantan,Online,C01370,Retail,SYS-ONLINE,Peralatan Kantor,Kertas A4 80gsm (rim),5,0.1,Completed,55000.0,247500.0,193000.0
ORD-100052,2024-09-07,Jakarta,Online,C00990,Retail,SYS-ONLINE,Smartphone,Smartphone Lumo X,1,0.05,Completed,5500000.0,5225000.0,4831900.0
ORD-100053,2024-09-07,Sumatera,Offline,C02318,UMKM,SR11,Printer & Tinta,Tinta Botol Set CMYK,4,0.0,Completed,280000.0,1120000.0,670000.0
ORD-100277,2024-10-07,Jakarta,Online,C02358,Retail,SYS-ONLINE,Peralatan Kantor,Kertas A4 80gsm (rim),4,0.0,Completed,55000.0,220000.0,152400.0
ORD-100278,2024-10-07,Jakarta,Offline,C00541,UMKM,SR02,Smartphone,Smartphone Lumo X,4,0.0,Completed,5500000.0,22000000.0,19432400.0
ORD-100279,2024-10-07,Sulawesi,Online,C00225,UMKM,SYS-ONLINE,Printer & Tinta,Tinta Botol Set CMYK,4,0.0,Completed,280000.0,1120000.0,650400.0
ORD-100280,2024-10-07,Kalimantan,Offline,K0014,Korporat,SR15,Aksesoris,Mouse Wireless M20,12,5.0,Completed,180000.0,2052000.0,1243200.0
ORD-100281,2024-10-07,Jakarta,Offline,C01261,Retail,SR01,Smartphone,Smartphone Lumo A5,1,0.0,Completed,2800000.0,2800000.0,2423300.0
ORD-100282,2024-10-07,Sumatra,Offline,K0178,Korporat,SR11,aksesoris ,Power Bank 20000mAh,5,0.0,Completed,320000.0,1600000.0,1010000.0
ORD-100283,2024-10-07,Kalimantan,Offline,K0091,Korporat,SR13,Aksesoris,Keyboard Mekanik K7,18,0.1,Completed,650000.0,10530000.0,7225200.0
ORD-100539,2024-11-07,Jakarta,Offline,C00114,UMKM,SR01,Aksesoris,Headset USB H3,1,0.0,Completed,350000.0,350000.0,207900.0
ORD-100539,2024-11-07,Jakarta,Offline,C00114,UMKM,SR01,Aksesoris,Headset USB H3,1,0.0,Completed,350000.0,350000.0,207900.0
ORD-100540,2024-11-07,JKT ,Online,C01540,Retail,SYS-ONLINE,Smartphone,Smartphone Lumo A5,1,0.05,Completed,2800000.0,2660000.0,2403800.0
ORD-100541,2024-11-07,Sulawesi,Offline,C02012,UMKM,SR18,Smartphone,Smartphone Lumo A5,3,0.0,Completed,2800000.0,8400000.0,7382400.0
ORD-100542,2024-11-07,Jawa Barat,Online,C00765,UMKM,SYS-ONLINE,Laptop,Laptop Axio 14,3,0.1,Completed,8500000.0,22950000.0,22718100.0
ORD-100543,2024-11-07,Sumatera,Offline,C01015,Retail,SR10,Aksesoris,Headset USB H3,1,0.05,Completed,350000.0,332500.0,210900.0
ORD-100544,2024-11-07,Jawa Barat,Online,K0004,Korporat,SYS-ONLINE,Smartphone,Smartphone Lumo A5,5,0.0,Completed,2800000.0,14000000.0,12328500.0
ORD-100545,2024-11-07,Jakarta,Offline,C00075,Retail,SR03,Peralatan Kantor,Kursi Ergonomis E1,5,0.0,Completed,1900000.0,9500000.0,6435000.0
ORD-100546,2024-11-07,Sulawesi,Online,C01159,UMKM,SYS-ONLINE,Aksesoris,Power Bank 20000mAh,14,0.05,Cancelled,320000.0,4256000.0,2774800.0
ORD-100546,2024-11-07,Sulawesi,Online,C01159,UMKM,SYS-ONLINE,Aksesoris,Power Bank 20000mAh,14,0.05,Cancelled,320000.0,4256000.0,2774800.0
ORD-100547,2024-11-07,Sumatera,Offline,C01896,Retail,SR10,Laptop,Laptop Veno 13,2,0.05,Completed,6200000.0,11780000.0,11057800.0
ORD-100828,2024-12-07,Sumatera,Offline,C00463,Retail,SR11,Peralatan Kantor,Kertas A4 80gsm (rim),2,0.0,Completed,55000.0,110000.0,77000.0
ORD-100829,2024-12-07,Jakarta,Offline,C00639,Retail,SR01,Printer & Tinta,Printer InkJet P200,2,0.05,Completed,2100000.0,3990000.0,3425400.0
ORD-100830,2024-12-07,Jawa Barat,Offline,C01311,UMKM,SR06,Networking,Switch 8 Port S8,11,0.0,Completed,450000.0,4950000.0,
ORD-100831,2024-12-07,Jakarta,Online,C00808,Retail,SYS-ONLINE,Smartphone,Smartphone Lumo X,2,0.05,Completed,5500000.0,10450000.0,9459400.0
ORD-100832,2024-12-07,Jawa Barat,Offline,C00766,UMKM,SR06,Laptop,Laptop Axio Pro 15,2,0.1,Completed,13000000.0,23400000.0,22978800.0
ORD-100833,2024-12-07,Jawa Barat,Offline,C01072,UMKM,SR04,Laptop,Laptop Veno 13,1,0.0,Completed,6200000.0,6200000.0,5563200.0
ORD-100834,2024-12-07,Kalimantan,Online,C01913,Retail,SYS-ONLINE,Peralatan Kantor,Kursi Ergonomis E1,5,0.1,Completed,1900000.0,8550000.0,6442000.0
ORD-100835,2024-12-07,Kalimantan,Offline,C01570,Retail,SR14,Networking,Router WiFi 6 R600,4,0.05,Completed,1200000.0,4560000.0,
ORD-100836,2024-12-07,Kalimantan,Offline,C01029,UMKM,SR15,Smartphone,Smartphone Lumo A5,5,0.0,Completed,2800000.0,14000000.0,12180500.0
ORD-100837,2024-12-07,Jawa Barat,Offline,C00312,Retail,SR04,Peralatan Kantor,Kursi Ergonomis E1,4,0.0,Completed,1900000.0,7600000.0,5164000.0
ORD-100838,2024-12-07,Jawa Barat,Online,C02188,Retail,SYS-ONLINE,Printer & Tinta,Tinta Botol Set CMYK,2,0.05,Completed,280000.0,532000.0,326800.0
ORD-100054,2024-09-08,Jawa Barat,Offline,C00218,Retail,SR06,Smartphone,Smartphone Lumo X,1,0.05,Completed,5500000.0,5225000.0,4771800.0
ORD-100055,2024-09-08,Sumatera,Online,C00557,UMKM,SYS-ONLINE,Aksesoris,Keyboard Mekanik K7,4,0.05,Completed,650000.0,2470000.0,1582800.0
ORD-100056,2024-09-08,Jawa Barat,Online,C00981,Retail,SYS-ONLINE,Laptop,Laptop Veno 13,1,0.0,Completed,6200000.0,6200000.0,5509600.0
ORD-100057,2024-09-08,Jawa barat ,Offline,C01216,Retail,SR05,Peralatan Kantor,Kertas A4 80gsm (rim),2,0.0,Completed,55000.0,110000.0,76400.0
ORD-100058,2024-09-08,Jabar,Offline,K0074,Korporat,SR04,Aksesoris,Headset USB H3,186,0.1,Completed,350000.0,58590000.0,39339000.0
ORD-100059,2024-09-08,Jawa Timur,Offline,C00582,Retail,SR08,Peralatan Kantor,Kursi Ergonomis E1,4,0.1,Completed,1900000.0,6840000.0,5224400.0
ORD-100060,2024-09-08,Jakarta,Online,C02125,UMKM,SYS-ONLINE,Peralatan Kantor,Kursi Ergonomis E1,11,0.05,Completed,1900000.0,19855000.0,14507900.0
ORD-100061,2024-09-08,Sumatera,Online,C01800,Retail,SYS-ONLINE,Aksesoris,Headset USB H3,3,0.1,Completed,350000.0,945000.0,626700.0
ORD-100284,2024-10-08,Jakarta,E-Commerce,C01877,UMKM,SYS-ONLINE,Aksesoris,Mouse Wireless M20,8,0.05,Completed,180000.0,1368000.0,833600.0
ORD-100285,2024-10-08,Jakarta,Offline,C00319,UMKM,SR03,Laptop,Laptop Axio 14,3,0.0,Completed,8500000.0,25500000.0,22999200.0
ORD-100286,2024-10-08,Sulawesi,Online,C00678,UMKM,SYS-ONLINE,Smartphone,Smartphone Lumo A5,1,0.1,Completed,2800000.0,2520000.0,2442600.0
ORD-100287,2024-10-08,Jawa Barat,Offline,C01933,Retail,SR05,Smartphone,Smartphone Lumo X,2,0.05,Completed,5500000.0,10450000.0,9486000.0
ORD-100288,2024-10-08,Sumatera,Offline,C01014,UMKM,SR10,Networking,Switch 8 Port S8,1,0.0,Completed,450000.0,450000.0,
ORD-100289,2024-10-08,Sulawesi,Offline,C01462,UMKM,SR16,Aksesoris,Headset USB H3,14,0.0,Completed,350000.0,4900000.0,2940000.0
ORD-100290,2024-10-08,Sumatera,Offline,C01479,Retail,SR11,Smartphone,Smartphone Lumo A5,2,5.0,Completed,2800000.0,5320000.0,4814200.0
ORD-100291,2024-10-08,Jawa Timur,Offline,C00933,Retail,SR09,Peralatan Kantor,Kursi Ergonomis E1,3,0.0,Completed,1900000.0,5700000.0,3891600.0
ORD-100292,2024-10-08,Jawa Timur,Offline,K0105,Korporat,SR09,Smartphone,Smartphone Lumo X,9,0.1,Cancelled,5500000.0,44550000.0,43157700.0
ORD-100293,2024-10-08,Sumatera,Offline,C01908,Retail,SR10,Aksesoris,Mouse Wireless M20,1,0.0,Completed,180000.0,180000.0,105900.0
ORD-100294,2024-10-08,Jakarta,Offline,C01634,Retail,SR03,Laptop,Laptop Axio Pro 15,2,0.05,Cancelled,13000000.0,24700000.0,23447000.0
RET-100211,2024-10-08,Jakarta,Offline,C00767,Retail,SR03,Peralatan Kantor,Kertas A4 80gsm (rim),-1,0.0,Returned,55000.0,-55000.0,-38100.0
ORD-100548,2024-11-08,Jawa Barat,Online,C01464,UMKM,SYS-ONLINE,Laptop,Laptop Veno 13,3,0.0,Completed,6200000.0,18600000.0,16776900.0
ORD-100549,2024-11-08,Jawa Timur,Online,K0078,Korporat,SYS-ONLINE,Aksesoris,Mouse Wireless M20,46,0.0,Completed,180000.0,8280000.0,4811600.0
ORD-100550,2024-11-08,Jawa Barat,Online,C01056,UMKM,SYS-ONLINE,Aksesoris,Headset USB H3,11,0.15,Completed,350000.0,3272500.0,2325400.0
ORD-100551,2024-11-08,Sumatera,Online,C01793,Retail,SYS-ONLINE,Printer & Tinta,Tinta Botol Set CMYK,1,0.0,Completed,280000.0,280000.0,165600.0
ORD-100552,2024-11-08,Kalimantan,Online,C00489,UMKM,SYS-ONLINE,Aksesoris,Mouse Wireless M20,3,0.1,Completed,180000.0,486000.0,318600.0
ORD-100553,2024-11-08,Jawa Timur,Offline,C01586,Retail,SR08,Smartphone,Smartphone Lumo A5,1,0.0,Completed,2800000.0,2800000.0,2401200.0
ORD-100554,2024-11-08,Jawa Barat,Offline,C01526,Retail,SR05,Laptop,Laptop Axio 14,1,0.0,Completed,8500000.0,8500000.0,7521700.0
ORD-100839,2024-12-08,Sumatera,Offline,C01448,Retail,SR12,Aksesoris,Keyboard Mekanik K7,2,0.0,Completed,650000.0,1300000.0,805600.0
ORD-100839,2024-12-08,Sumatera,Offline,C01448,Retail,SR12,Aksesoris,Keyboard Mekanik K7,2,0.0,Completed,650000.0,1300000.0,805600.0
ORD-100840,2024-12-08,Kalimantan,Online,K0140,Korporat,SYS-ONLINE,Laptop,Laptop Axio Pro 15,10,0.0,Completed,13000000.0,130000000.0,117651000.0
ORD-100841,2024-12-08,Jawa Timur,Offline,C00583,Retail,SR07,Networking,Router WiFi 6 R600,2,5.0,Completed,1200000.0,2280000.0,1685800.0
ORD-100842,2024-12-08,Jawa Timur,Offline,C00962,UMKM,SR08,Laptop,Laptop Axio 14,5,0.05,Completed,8500000.0,40375000.0,38103500.0
ORD-100843,2024-12-08,Jawa Barat,Offline,C02324,Retail,SR06,Aksesoris,Power Bank 20000mAh,3,0.0,Completed,320000.0,960000.0,603900.0
ORD-100844,2024-12-08,Jawa Barat,Offline,C01094,Retail,SR05,Printer & Tinta,Tinta Botol Set CMYK,1,0.05,Completed,280000.0,266000.0,166000.0
ORD-100845,2024-12-08,Sulawesi,Online,C00861,Retail,SYS-ONLINE,Aksesoris,Headset USB H3,2,0.1,Completed,350000.0,630000.0,419400.0
ORD-100846,2024-12-08,Sulawesi,Online,C01047,Retail,SYS-ONLINE,Printer&Tinta,Printer InkJet P200,2,0.05,Completed,2100000.0,3990000.0,3448200.0
ORD-100847,2024-12-08,Sulawesi,Online,K0111,Korporat,SYS-ONLINE,Networking,Switch 8 Port S8,12,0.05,Completed,450000.0,5130000.0,
ORD-100848,2024-12-08,Jakarta,Online,C01560,Retail,SYS-ONLINE,Smartphone,Smartphone Lumo A5,1,0.1,Completed,2800000.0,2520000.0,2425800.0
ORD-100849,2024-12-08,Jakarta,Online,C01985,UMKM,SYS-ONLINE,Aksesoris,Keyboard Mekanik K7,5,0.05,Completed,650000.0,3087500.0,2017000.0
ORD-100850,2024-12-08,Sumatera,Online,C00082,UMKM,SYS-ONLINE,Peralatan Kantor,Kertas A4 80gsm (rim),4,0.0,Completed,55000.0,220000.0,153200.0
ORD-100062,2024-09-09,Jakarta,Offline,C01623,Retail,SR02,Smartphone,Smartphone Lumo A5,1,0.0,Completed,2800000.0,2800000.0,2430100.0
ORD-100063,2024-09-09,Jakarta,Offline,C02348,Retail,SR01,Smartphone,Smartphone Lumo X,2,0.0,Completed,5500000.0,11000000.0,9595600.0
ORD-100064,2024-09-09,Jawa Timur,Offline,C02116,UMKM,SR08,Aksesori,Power Bank 20000mAh,7,0.0,Completed,320000.0,2240000.0,1390200.0
ORD-100065,2024-09-09,Kalimantan,Offline,C00554,Retail,SR15,Networking,Switch 8 Port S8,2,0.0,Completed,450000.0,900000.0,595800.0
ORD-100066,2024-09-09,Jawa Timur,Online,C02347,Retail,SYS-ONLINE,Aksesoris,Keyboard Mekanik K7,3,0.1,Completed,650000.0,1755000.0,1189800.0
ORD-100067,2024-09-09,Sumatera,Offline,C01667,UMKM,SR12,Peralatan Kantor,Kertas A4 80gsm (rim),3,0.0,Completed,55000.0,165000.0,112500.0
ORD-100068,2024-09-09,SULAWESI,Offline,C00689,UMKM,SR17,Smartphone,Smartphone Lumo A5,5,0.05,Completed,2800000.0,13300000.0,12062500.0
ORD-100069,2024-09-09,Jawa Timur,Offline,C00899,UMKM,SR09,Smartphone,Smartphone Lumo X,1,0.05,Completed,5500000.0,5225000.0,4819500.0
ORD-100070,2024-09-09,Kalimantan,Offline,C01791,UMKM,SR15,Smartphone,Smartphone Lumo A5,1,0.0,Completed,2800000.0,2800000.0,2454900.0
ORD-100071,2024-09-09,Jawa Timur,Online,K0040,Korporat,SYS-ONLINE,Aksesoris,Keyboard Mekanik K7,24,0.0,Completed,650000.0,15600000.0,9693600.0
ORD-100072,2024-09-09,Jawa Barat,Online,C01938,UMKM,SYS-ONLINE,Aksesoris,Headset USB H3,5,0.05,Completed,350000.0,1662500.0,1045500.0
ORD-100073,2024-09-09,Jawa Timur,Offline,C00078,UMKM,SR07,Printer & Tinta,Printer InkJet P200,3,0.0,Completed,2100000.0,6300000.0,5046600.0
ORD-100074,2024-09-09,Kalimantan,Online,C01275,UMKM,SYS-ONLINE,Smartphone,Smartphone Lumo X,2,0.05,Completed,5500000.0,10450000.0,9646400.0
ORD-100295,2024-10-09,Jawa Timur,Offline,C01870,Retail,SR08,Aksesoris,Mouse Wireless M20,3,0.05,Completed,180000.0,513000.0,313500.0
ORD-100296,2024-10-09,Jakarta,Offline,C00135,UMKM,SR02,Aksesoris,Keyboard Mekanik K7,5,0.0,Completed,650000.0,3250000.0,1974500.0
ORD-100297,2024-10-09,Jawa Barat,Offline,C01787,Retail,SR06,Smartphone,Smartphone Lumo X,1,0.1,Completed,5500000.0,4950000.0,4798700.0
ORD-100298,2024-10-09,Jakarta,Online,C01290,Retail,SYS-ONLINE,Printer & Tinta,Printer InkJet P200,2,0.0,Completed,2100000.0,4200000.0,3444200.0
ORD-100299,2024-10-09,Sumatera,Offline,C01092,Retail,SR11,Aksesoris,Headset USB H3,4,10.0,Completed,350000.0,1260000.0,841200.0
ORD-100300,2024-10-09,Sulawesi,Offline,C01543,Retail,SR17,Aksesoris,Mouse Wireless M20,2,0.05,Completed,180000.0,342000.0,210200.0
ORD-100301,2024-10-09,Jawa Timur,Offline,C01179,Retail,SR07,Laptop,Laptop Veno 13,1,10.0,Completed,6200000.0,5580000.0,5547300.0
ORD-100302,2024-10-09,Jawa Timur,Offline,C01227,Retail,SR09,Peralatan Kantor,Kertas A4 80gsm (rim),1,0.0,Completed,55000.0,55000.0,38400.0
ORD-100303,2024-10-09,Jawa Timur,Online,C00519,UMKM,SYS-ONLINE,Aksesoris,Power Bank 20000mAh,14,0.05,Completed,320000.0,4256000.0,2821000.0
ORD-100555,2024-11-09,Jawa Timur,Offline,C00900,UMKM,SR09,Networking,Switch 8 Port S8,11,0.1,Completed,450000.0,4455000.0,
ORD-100556,2024-11-09,Jawa Barat,Online,C02061,UMKM,SYS-ONLINE,Peralatan Kantor,Kursi Ergonomis E1,5,0.05,Completed,1900000.0,9025000.0,6571000.0
ORD-100557,2024-11-09,Jakarta,Offline,C00120,Retail,SR01,Peralatan Kantor,Kursi Ergonomis E1,1,0.05,Completed,1900000.0,1805000.0,1288500.0
ORD-100558,2024-11-09,Sumatera,Online,K0140,Korporat,SYS-ONLINE,Printer & Tinta,Printer InkJet P200,8,0.0,Completed,2100000.0,16800000.0,13584800.0
ORD-100559,2024-11-09,Jawa Barat,Offline,C01921,Retail,SR06,Smartphone,Smartphone Lumo A5,2,0.0,Completed,2800000.0,5600000.0,4925800.0
ORD-100560,2024-11-09,Jawa Timur,Offline,C02148,Retail,SR07,Peralatan Kantor,Kertas A4 80gsm (rim),3,0.0,Completed,55000.0,165000.0,114900.0
ORD-100561,2024-11-09,Kalimantan,Offline,C00305,UMKM,SR13,Laptop,Laptop Axio 14,1,0.0,Completed,8500000.0,8500000.0,7559300.0
ORD-100562,2024-11-09,Jawa Barat,Offline,C01609,UMKM,SR05,Smartphone,Smartphone Lumo X,4,0.0,Completed,5500000.0,22000000.0,19080000.0
ORD-100563,2024-11-09,Jakarta,Offline,C00955,Retail,SR02,Peralatan Kantor,Kertas A4 80gsm (rim),4,0.0,Completed,55000.0,220000.0,151600.0
ORD-100564,2024-11-09,Jawa Barat,Offline,C01110,Retail,SR06,Printer & Tinta,Tinta Botol Set CMYK,1,0.05,Completed,280000.0,266000.0,164400.0
ORD-100565,2024-11-09,Jakarta,E-Commerce,C02008,Retail,SYS-ONLINE,Laptop,Laptop Axio 14,1,0.1,Completed,8500000.0,7650000.0,7644000.0
ORD-100566,2024-11-09,Jakarta,Online,C00991,UMKM,SYS-ONLINE,Aksesoris,Mouse Wireless M20,7,0.05,Completed,180000.0,1197000.0,738500.0
RET-100533,2024-11-09,Jawa Timur,Offline,C00970,Retail,SR07,Smartphone,Smartphone Lumo A5,-1,0.0,Returned,2800000.0,-2800000.0,-2428600.0
ORD-100851,2024-12-09,Sumatera,Offline,C01413,Retail,SR11,ATK,Kursi Ergonomis E1,3,0.0,Completed,1900000.0,5700000.0,3909000.0
ORD-100852,2024-12-09,Sumatera,Offline,C01311,UMKM,SR12,Aksesoris,Power Bank 20000mAh,14,0.0,Completed,320000.0,4480000.0,2804200.0
ORD-100853,2024-12-09,Sulawesi,Offline,C00390,Retail,SR16,Laptop,Laptop Veno 13,2,0.0,Completed,6200000.0,12400000.0,10962800.0
ORD-100854,2024-12-09,Jawa Barat,Online,C00308,Retail,SYS-ONLINE,Smartphone,Smartphone Lumo A5,2,0.0,Completed,2800000.0,5600000.0,4924800.0
ORD-100855,2024-12-09,Sumatera,Offline,C00478,Retail,SR12,Aksesoris,Keyboard Mekanik K7,4,0.1,Completed,650000.0,2340000.0,1612400.0
ORD-100856,2024-12-09,Sumatera,Offline,C00500,Retail,SR10,Printer & Tinta,Tinta Botol Set CMYK,1,0.05,Completed,280000.0,266000.0,163700.0
ORD-100857,2024-12-09,Kalimantan,Offline,K0092,Korporat,SR14,Smartphone,Smartphone Lumo A5,8,0.0,Completed,2800000.0,22400000.0,19688800.0
ORD-100858,2024-12-09,Jawa Barat,Offline,C02043,Retail,SR05,Networking,Switch 8 Port S8,1,0.0,Completed,450000.0,450000.0,
ORD-100859,2024-12-09,Jakarta,Online,C00729,Retail,SYS-ONLINE,Smartphone,Smartphone Lumo X,2,0.1,Completed,5500000.0,9900000.0,9623000.0
ORD-100860,2024-12-09,kalimantan,Offline,C00102,Retail,SR14,Aksesoris,Power Bank 20000mAh,4,0.05,Completed,320000.0,1216000.0,806400.0
ORD-100861,2024-12-09,Sumatera,Offline,C00229,Retail,SR10,Smartphone,Smartphone Lumo X,1,0.0,Completed,5500000.0,5500000.0,4830100.0
ORD-100861,2024-12-09,Sumatera,Offline,C00229,Retail,SR10,Smartphone,Smartphone Lumo X,1,0.0,Completed,5500000.0,5500000.0,4830100.0
ORD-100862,2024-12-09,Sulawesi,Online,C00129,Retail,SYS-ONLINE,Smartphone,Smartphone Lumo X,1,0.1,Completed,5500000.0,4950000.0,4832900.0
ORD-100863,2024-12-09,Jakarta,Online,C01259,Retail,SYS-ONLINE,Printer & Tinta,Printer InkJet P200,2,0.05,Completed,2100000.0,3990000.0,3423000.0
ORD-100095,2024-09-13,Jakarta,Offline,C02319,Retail,SR01,Aksesoris,Headset USB H3,3,0.0,Completed,350000.0,1050000.0,623100.0
ORD-100096,2024-09-13,Jakarta,Offline,C00231,UMKM,SR02,Peralatan Kantor,Kursi Ergonomis E1,6,0.0,Cancelled,1900000.0,11400000.0,7808400.0
ORD-100097,2024-09-13,Sumatera,Offline,C00980,UMKM,SR10,Laptop,Laptop Axio Pro 15,3,0.05,Completed,13000000.0,37050000.0,34983900.0
ORD-100098,2024-09-13,Sulawesi,Offline,C01617,UMKM,SR17,Printer & Tinta,Printer InkJet P200,4,0.0,Completed,2100000.0,8400000.0,
ORD-100099,2024-09-13,Jakarta,Offline,C01246,Retail,SR02,Networking,Switch 8 Port S8,2,0.05,Completed,450000.0,855000.0,
ORD-100100,2024-09-13,Jakarta,Offline,C02236,Retail,SR03,Smartphone,Smartphone Lumo X,1,0.0,Completed,5500000.0,5500000.0,4750900.0
ORD-100101,2024-09-13,Jakarta,Offline,C01015,UMKM,SR02,Peralatan Kantor,Kertas A4 80gsm (rim),5,0.0,Completed,55000.0,275000.0,189000.0
ORD-100102,2024-09-13,Sumatera,Offline,C01265,UMKM,SR11,Laptop,Laptop Axio Pro 15,1,0.0,Completed,13000000.0,13000000.0,11572300.0
ORD-100103,2024-09-13,DKI Jakarta,Offline,C00688,Retail,SR02,Networking,Router WiFi 6 R600,1,0.0,Completed,1200000.0,1200000.0,
ORD-100104,2024-09-13,Sulawesi,Online,C02334,UMKM,SYS-ONLINE,Peralatan Kantor,Kertas A4 80gsm (rim),2,0.1,Completed,55000.0,99000.0,76800.0
ORD-100105,2024-09-13,Jakarta,Offline,C00575,Retail,SR01,Aksesoris,Power Bank 20000mAh,2,0.05,Completed,320000.0,608000.0,401600.0
ORD-100106,2024-09-13,Jawa barat ,Online,K0035,Korporat,SYS-ONLINE,Printer & Tinta,Printer InkJet P200,9,0.1,Completed,2100000.0,17010000.0,15471900.0
ORD-100107,2024-09-14,Jakarta,Offline,C01541,UMKM,SR01,Smartphone,Smartphone Lumo X,3,0.0,Completed,5500000.0,16500000.0,14237700.0
ORD-100107,2024-09-14,Jakarta,Offline,C01541,UMKM,SR01,Smartphone,Smartphone Lumo X,3,0.0,Completed,5500000.0,16500000.0,14237700.0
ORD-100108,2024-09-14,jakarta,Offline,C01700,UMKM,SR01,Smartphone,Smartphone Lumo A5,4,0.0,Completed,2800000.0,11200000.0,9734800.0
ORD-100108,2024-09-14,jakarta,Offline,C01700,UMKM,SR01,Smartphone,Smartphone Lumo A5,4,0.0,Completed,2800000.0,11200000.0,9734800.0
ORD-100109,2024-09-14,Jakarta,Offline,C00898,Retail,SR01,Aksesoris,Keyboard Mekanik K7,5,0.05,Completed,650000.0,3087500.0,2014500.0
ORD-100110,2024-09-14,Sulawesi,Offline,C01227,Retail,SR16,Printer & Tinta,Printer InkJet P200,1,0.0,Completed,2100000.0,2100000.0,1704100.0
ORD-100111,2024-09-14,Jakarta,Offline,C01874,Retail,SR01,Networking,Switch 8 Port S8,1,0.0,Completed,450000.0,450000.0,298600.0
ORD-100112,2024-09-14,Jakarta,Offline,C00286,Retail,SR03,aksesoris ,Keyboard Mekanik K7,5,0.0,Completed,650000.0,3250000.0,2028500.0
ORD-100113,2024-09-14,Jawa Timur,Offline,C00782,UMKM,SR09,Aksesori,Mouse Wireless M20,4,0.0,Completed,180000.0,720000.0,422400.0
ORD-100114,2024-09-14,Jakarta,Offline,C01624,UMKM,SR03,Smartphone,Smartphone Lumo X,5,0.05,Completed,5500000.0,26125000.0,23900500.0
ORD-106974,2024-09-14,Jakarta,Offline,C00286,Retail,SR03,Aksesoris,Keyboard Mekanik K7,5,0.0,Completed,650000.0,3250000.0,1986000.0
ORD-100115,2024-09-15,Jakarta,Offline,C00193,Retail,SR01,Aksesoris,Mouse Wireless M20,1,0.0,Completed,180000.0,180000.0,105500.0
ORD-100116,2024-09-15,Jawa Barat,Offline,C00245,Retail,SR05,Aksesoris,Power Bank 20000mAh,4,0.0,Completed,320000.0,1280000.0,811600.0
ORD-100117,2024-09-15,Jawa Barat,Online,C01283,UMKM,SYS-ONLINE,Laptop,Laptop Axio 14,2,0.1,Completed,8500000.0,15300000.0,15269000.0
ORD-100118,2024-09-15,Jakarta,Online,C01245,UMKM,SYS-ONLINE,Printer & Tinta,Tinta Botol Set CMYK,3,0.05,Completed,280000.0,798000.0,492900.0
ORD-100119,2024-09-15,Jakarta,Offline,C01773,UMKM,SR03,ATK,Kertas A4 80gsm (rim),1,0.05,Completed,55000.0,52250.0,38100.0
ORD-100120,2024-09-15,DKI Jakarta,Online,C01274,Retail,SYS-ONLINE,Smartphone,Smartphone Lumo A5,2,0.05,Completed,2800000.0,5320000.0,4799000.0
ORD-100121,2024-09-15,Jawa Timur,Offline,C00344,UMKM,SR08,Aksesoris,Headset USB H3,1,0.0,Completed,350000.0,350000.0,208800.0
ORD-100122,2024-09-15,Jawa Barat,Online,K0022,Korporat,SYS-ONLINE,Networking,Router WiFi 6 R600,16,0.0,Completed,1200000.0,19200000.0,
ORD-100123,2024-09-15,Jakarta,Offline,C01530,Retail,SR02,laptop,Laptop Axio 14,1,0.0,Completed,8500000.0,8500000.0,7696500.0
ORD-100124,2024-09-16,Jakarta,ONLINE,C00467,UMKM,SYS-ONLINE,Networking,Switch 8 Port S8,5,0.1,Completed,450000.0,2025000.0,
ORD-100125,2024-09-16,Kalimantan,Offline,C01479,Retail,SR13,Smartphone,Smartphone Lumo X,2,0.0,Completed,5500000.0,11000000.0,9583200.0
ORD-100126,2024-09-16,Jawa Timur,Online,C02240,UMKM,SYS-ONLINE,Printer & Tinta,Printer InkJet P200,2,0.15,Completed,2100000.0,3570000.0,3388200.0
ORD-100127,2024-09-16,Jakarta,Online,C01325,Retail,SYS-ONLINE,Laptop,Laptop Axio 14,2,0.0,Cancelled,8500000.0,17000000.0,15150000.0
ORD-100128,2024-09-16,Sumatera,Offline,C01876,Retail,SR10,Peralatan Kantor,Kertas A4 80gsm (rim),5,0.05,Completed,55000.0,261250.0,191000.0
ORD-100129,2024-09-16,Jawa Timur,Offline,C00991,Retail,SR09,Smartphone,Smartphone Lumo A5,2,0.05,Completed,2800000.0,5320000.0,4878200.0
ORD-100130,2024-09-16,Jawa Timur,Offline,C01695,Retail,SR09,Laptop,Laptop Veno 13,2,0.05,Completed,6200000.0,11780000.0,11021200.0
ORD-100131,2024-09-17,Jawa Timur,Offline,C00216,Retail,SR07,Smartphone,Smartphone Lumo X,1,0.0,Completed,5500000.0,5500000.0,4813800.0
ORD-100132,2024-09-17,Sumatera,Offline,K0120,Korporat,SR11,Networking,Switch 8 Port S8,13,0.0,Completed,450000.0,5850000.0,
ORD-100133,2024-09-17,Sulawesi,Online,C00579,Retail,SYS-ONLINE,Printer & Tinta,Tinta Botol Set CMYK,2,0.05,Completed,280000.0,532000.0,329600.0
ORD-100134,2024-09-17,Jakarta,Online,C02231,Retail,SYS-ONLINE,Aksesoris,Keyboard Mekanik K7,2,0.05,Completed,650000.0,1235000.0,789600.0
ORD-100134,2024-09-17,Jakarta,Online,C02231,Retail,SYS-ONLINE,Aksesoris,Keyboard Mekanik K7,2,0.05,Completed,650000.0,1235000.0,789600.0
ORD-100135,2024-09-17,Jawa Timur,Offline,C01990,Retail,SR07,Aksesoris,Power Bank 20000mAh,2,5.0,Completed,320000.0,608000.0,397400.0
ORD-100136,2024-09-17,Jawa Timur,Offline,K0077,Korporat,SR08,Peralatan Kantor,Kertas A4 80gsm (rim),48,0.0,Completed,55000.0,2640000.0,1848000.0
ORD-100137,2024-09-17,Kalimantan,ONLINE,C00332,Retail,SYS-ONLINE,Aksesoris,Keyboard Mekanik K7,3,0.1,Completed,650000.0,1755000.0,1190700.0
ORD-100138,2024-09-17,Jawa Barat,Online,K0078,Korporat,SYS-ONLINE,Aksesoris,Mouse Wireless M20,21,0.05,Completed,180000.0,3591000.0,2215500.0
ORD-100139,2024-09-17,Jawa Timur,Offline,C00061,Retail,SR08,Laptop,Laptop Axio 14,2,0.05,Completed,8500000.0,16150000.0,15380000.0
ORD-100140,2024-09-17,Sumatera,Offline,C00314,Retail,SR11,Printer & Tinta,Tinta Botol Set CMYK,1,0.0,Completed,280000.0,280000.0,166600.0
ORD-100141,2024-09-17,Kalimantan,Offline,C00133,Retail,SR14,Smartphone,Smartphone Lumo X,2,0.05,Completed,5500000.0,10450000.0,9659600.0
ORD-100142,2024-09-17,Jakarta,Offline,C01778,UMKM,SR02,Laptop,Laptop Axio Pro 15,5,0.1,Completed,13000000.0,58500000.0,58026000.0
ORD-100143,2024-09-17,Jawa Barat,Offline,C01169,UMKM,SR04,Aksesoris,Headset USB H3,10,0.1,Completed,350000.0,3150000.0,2129000.0
ORD-100144,2024-09-18,jawa timur,Online,C01929,UMKM,SYS-ONLINE,Aksesoris,Keyboard Mekanik K7,11,0.0,Completed,650000.0,7150000.0,4445100.0
ORD-100145,2024-09-18,Jawa Timur,Offline,C00362,UMKM,SR07,ATK,Kursi Ergonomis E1,3,5.0,Completed,1900000.0,5415000.0,3845100.0
ORD-100146,2024-09-18,Kalimantan,Online,C01262,Retail,SYS-ONLINE,Aksesoris,Mouse Wireless M20,2,0.05,Completed,180000.0,342000.0,208600.0
ORD-100147,2024-09-18,Jawa Timur,Offline,C00232,Retail,SR07,Networking,Router WiFi 6 R600,5,0.0,Completed,1200000.0,6000000.0,
ORD-100148,2024-09-18,Sumatera,Offline,K0129,Korporat,SR11,Printer & Tinta,Tinta Botol Set CMYK,8,0.0,Completed,280000.0,2240000.0,1304000.0
ORD-100149,2024-09-18,Sumatera,Offline,C01340,UMKM,SR11,Peralatan Kantor,Kursi Ergonomis E1,7,0.0,Completed,1900000.0,13300000.0,9028600.0
ORD-100150,2024-09-18,Jawa Barat,Offline,C01228,UMKM,SR05,Networking,Router WiFi 6 R600,13,0.05,Completed,1200000.0,14820000.0,
ORD-100151,2024-09-18,Sumatera,Offline,C01233,Retail,SR12,Peralatan Kantor,Kursi Ergonomis E1,5,0.0,Completed,1900000.0,9500000.0,6437000.0
ORD-100152,2024-09-18,Jawa Timur,Offline,K0118,Korporat,SR08,Smartphone,Smartphone Lumo X,10,0.0,Completed,5500000.0,55000000.0,47867000.0
ORD-100153,2024-09-18,Sulawesi,Offline,C01477,Retail,SR17,Aksesoris,Power Bank 20000mAh,3,0.1,Completed,320000.0,864000.0,591300.0
ORD-100154,2024-09-18,Jawa Barat,Offline,C01959,UMKM,SR05,Laptop,Laptop Axio 14,5,0.1,Completed,8500000.0,38250000.0,37540000.0
ORD-100155,2024-09-19,Sumatera,Offline,C01025,Retail,SR12,Laptop,Laptop Axio 14,2,0.05,Completed,8500000.0,16150000.0,15059800.0
ORD-100156,2024-09-19,Jakarta,Offline,K0020,Korporat,SR03,Aksesoris,Power Bank 20000mAh,16,0.0,Completed,320000.0,5120000.0,3182400.0
ORD-100157,2024-09-19,Kalimantan,Offline,C00589,UMKM,SR14,Printer & Tinta,Tinta Botol Set CMYK,2,0.1,Completed,280000.0,504000.0,329400.0
ORD-100158,2024-09-19,Jawa Barat,Online,C00065,Retail,SYS-ONLINE,Peralatan Kantor,Kursi Ergonomis E1,3,0.05,Completed,1900000.0,5415000.0,3932100.0
ORD-100159,2024-09-19,Jawa Barat,Offline,C02337,Retail,SR06,Aksesoris,Power Bank 20000mAh,4,0.0,Completed,320000.0,1280000.0,794000.0
ORD-100160,2024-09-19,,Online,C02034,Retail,SYS-ONLINE,Aksesoris,Power Bank 20000mAh,1,0.05,Completed,320000.0,304000.0,198800.0
ORD-100161,2024-09-19,kalimantan,Offline,C01641,UMKM,SR14,Printer & Tinta,Tinta Botol Set CMYK,5,0.1,Completed,280000.0,1260000.0,822000.0
ORD-100162,2024-09-19,Sumatera,Online,C01670,UMKM,SYS-ONLINE,Laptop,Laptop Axio 14,5,0.05,Completed,8500000.0,40375000.0,38158500.0
ORD-100163,2024-09-19,Jakarta,Offline,K0106,Korporat,SR03,Peralatan Kantor,Kertas A4 80gsm (rim),6,0.0,Completed,55000.0,330000.0,225000.0
ORD-100164,2024-09-19,Jakarta,Offline,C02186,Retail,SR02,Networking,Switch 8 Port S8,1,0.05,Completed,450000.0,427500.0,
ORD-100164,2024-09-19,Jakarta,Offline,C02186,Retail,SR02,Networking,Switch 8 Port S8,1,0.05,Completed,450000.0,427500.0,
ORD-100165,2024-09-19,Jawa Barat,Offline,C00151,Retail,SR05,Printer & Tinta,Tinta Botol Set CMYK,1,0.0,Cancelled,280000.0,280000.0,165000.0
ORD-100166,2024-09-20,Jawa Timur,Online,C00433,UMKM,SYS-ONLINE,Peralatan kantor,Kertas A4 80gsm (rim),1,0.0,Completed,55000.0,55000.0,37900.0
ORD-100167,2024-09-20,Jawa Barat,Offline,K0101,Korporat,SR06,Networking,Router WiFi 6 R600,3,0.0,Completed,1200000.0,3600000.0,
ORD-100168,2024-09-20,Jakarta,Offline,C02224,UMKM,SR01,Peralatan Kantor,Kursi Ergonomis E1,13,0.05,Completed,1900000.0,23465000.0,17117100.0
ORD-100169,2024-09-20,DKI Jakarta,Offline,K0058,Korporat,SR03,Peralatan Kantor,Kertas A4 80gsm (rim),38,0.05,Completed,55000.0,1985500.0,1428800.0
ORD-100170,2024-09-20,Jawa Timur,Offline,C00898,Retail,SR09,Smartphone,Smartphone Lumo X,1,0.1,Completed,5500000.0,4950000.0,4758300.0
ORD-100171,2024-09-20,Kalimantan,Offline,C01849,Retail,SR14,Networking,Switch 8 Port S8,5,0.0,Completed,450000.0,2250000.0,
ORD-100172,2024-09-20,Jakarta,Offline,C00795,Retail,SR03,Networking,Router WiFi 6 R600,3,0.05,Completed,1200000.0,3420000.0,2571600.0
ORD-100173,2024-09-20,Kalimantan,Online,C01273,UMKM,SYS-ONLINE,Aksesoris,Power Bank 20000mAh,2,0.1,Completed,320000.0,576000.0,405400.0
ORD-100174,2024-09-21,Jawa Timur,Online,K0025,Korporat,SYS-ONLINE,Printer & Tinta,Tinta Botol Set CMYK,2,0.0,Completed,280000.0,560000.0,333600.0
ORD-100175,2024-09-21,Sumatera,Offline,C02168,UMKM,SR11,Laptop,Laptop Veno 13,5,10.0,Completed,6200000.0,27900000.0,27874000.0
ORD-100176,2024-09-21,Jawa Timur,Offline,C00519,UMKM,SR08,Aksesoris,Headset USB H3,6,0.1,Completed,350000.0,1890000.0,1261800.0
ORD-100177,2024-09-21,Jakarta,Offline,K0094,Korporat,SR01,Aksesoris,Mouse Wireless M20,4,0.0,Completed,180000.0,720000.0,420800.0
ORD-100178,2024-09-21,Jawa Barat,Online,C00131,Retail,SYS-ONLINE,Networking,Router WiFi 6 R600,2,0.05,Completed,1200000.0,2280000.0,1716000.0
ORD-100179,2024-09-21,,Online,C01677,Retail,SYS-ONLINE,Laptop,Laptop Axio 14,1,0.0,Completed,8500000.0,8500000.0,7571800.0
ORD-100180,2024-09-22,Jawa Barat,Offline,K0046,Korporat,SR04,Printer & Tinta,Printer InkJet P200,9,0.0,Completed,2100000.0,18900000.0,15293700.0
ORD-100181,2024-09-22,Jawa Timur,Offline,C00166,Retail,SR09,Peralatan Kantor,Kursi Ergonomis E1,3,0.0,Completed,1900000.0,5700000.0,3860100.0
ORD-100182,2024-09-22,Jawa Barat,Offline,C01165,UMKM,SR06,Aksesoris,Keyboard Mekanik K7,14,0.1,Completed,650000.0,8190000.0,5642000.0
ORD-100183,2024-09-22,Jakarta,Offline,K0136,Korporat,SR03,Smartphone,Smartphone Lumo A5,4,0.1,Completed,2800000.0,10080000.0,9672000.0
ORD-100184,2024-09-22,Jawa Barat,Online,C01744,Retail,SYS-ONLINE,Printer & Tinta,Tinta Botol Set CMYK,1,0.0,Completed,280000.0,280000.0,164100.0
ORD-100185,2024-09-22,Jawa Barat,Online,C00621,Retail,SYS-ONLINE,Laptop,Laptop Axio 14,1,0.0,Completed,8500000.0,8500000.0,7548400.0
ORD-100186,2024-09-22,Jatim,Online,C00565,UMKM,SYS-ONLINE,Networking,Switch 8 Port S8,6,0.1,Completed,450000.0,2430000.0,
ORD-100187,2024-09-22,SULAWESI,Offline,C01394,UMKM,SR17,Laptop,Laptop Veno 13,1,0.0,Completed,6200000.0,6200000.0,5489800.0
ORD-100188,2024-09-23,Jawa Barat,Offline,C01882,Retail,SR05,aksesoris ,Keyboard Mekanik K7,1,0.0,Completed,650000.0,650000.0,395200.0
ORD-100189,2024-09-23,Jawa Timur,Offline,C01696,Retail,SR08,Aksesoris,Headset USB H3,1,0.05,Completed,350000.0,332500.0,210200.0
ORD-100190,2024-09-23,Jakarta,Offline,C01820,UMKM,SR01,Peralatan Kantor,Kursi Ergonomis E1,7,0.0,Completed,1900000.0,13300000.0,9097900.0
ORD-100191,2024-09-23,Jakarta,Online,C01942,Retail,SYS-ONLINE,Aksesoris,Keyboard Mekanik K7,1,0.0,Completed,650000.0,650000.0,403700.0
ORD-100192,2024-09-23,Jabar,Offline,C01224,Retail,SR05,Aksesoris,Power Bank 20000mAh,2,0.0,Completed,320000.0,640000.0,396600.0
ORD-100193,2024-09-23,Jatim,Online,C01575,UMKM,SYS-ONLINE,Laptop,Laptop Veno 13,5,0.05,Completed,6200000.0,29450000.0,27694500.0
ORD-100194,2024-09-23,Jakarta,Offline,C00003,Retail,SR02,Networking,Switch 8 Port S8,3,0.05,Completed,450000.0,1282500.0,891900.0
ORD-100195,2024-09-23,Sulawesi,Offline,C01105,Retail,SR18,Peralatan Kantor,Kertas A4 80gsm (rim),5,0.05,Completed,55000.0,261250.0,191500.0
ORD-100196,2024-09-23,Sumatera,Online,C00428,UMKM,SYS-ONLINE,Aksesoris,Mouse Wireless M20,13,0.1,Completed,180000.0,2106000.0,1361100.0
ORD-100197,2024-09-23,Jakarta,Offline,C00083,Retail,SR01,Aksesoris,Keyboard Mekanik K7,4,0.05,Completed,650000.0,2470000.0,1615200.0
ORD-100197,2024-09-23,Jakarta,Offline,C00083,Retail,SR01,Aksesoris,Keyboard Mekanik K7,4,0.05,Completed,650000.0,2470000.0,1615200.0
ORD-100198,2024-09-23,Jakarta,Offline,C01172,Retail,SR03,Smartphone,Smartphone Lumo A5,2,0.05,Completed,2800000.0,5320000.0,4924800.0
ORD-100199,2024-09-23,Jawa Timur,Online,K0178,Korporat,SYS-ONLINE,Aksesoris,Keyboard Mekanik K7,10,0.05,Completed,650000.0,6175000.0,3990000.0
ORD-100200,2024-09-24,Sumatera,Online,C00972,Retail,SYS-ONLINE,Peralatan Kantor,Kertas A4 80gsm (rim),3,0.05,Completed,55000.0,156750.0,114900.0
ORD-100201,2024-09-24,Jawa Timur,Offline,K0028,Korporat,SR07,Aksesoris,Mouse Wireless M20,49,5.0,Completed,180000.0,8379000.0,5213600.0
ORD-100202,2024-09-24,Sumatera,Online,C00752,Retail,SYS-ONLINE,Laptop,Laptop Axio Pro 15,1,0.0,Cancelled,13000000.0,13000000.0,11761900.0
ORD-100203,2024-09-24,Jawa Timur,Offline,C00447,Retail,SR09,Laptop,Laptop Veno 13,2,0.0,Completed,6200000.0,12400000.0,10952800.0
ORD-100204,2024-09-24,Jakarta,Offline,C01275,UMKM,SR02,Smartphone,Smartphone Lumo A5,5,0.0,Cancelled,2800000.0,14000000.0,12034000.0
ORD-100205,2024-09-24,Jakarta,Online,C02353,UMKM,SYS-ONLINE,Aksesoris,Headset USB H3,14,0.0,Completed,350000.0,4900000.0,2903600.0
ORD-100206,2024-09-24,Jawa Timur,online,C02389,UMKM,SYS-ONLINE,Peralatan Kantor,Kursi Ergonomis E1,11,0.0,Completed,1900000.0,20900000.0,14366000.0
ORD-100207,2024-09-25,Jawa Barat,Online,C00837,Retail,SYS-ONLINE,Networking,Router WiFi 6 R600,1,0.15,Completed,1200000.0,1020000.0,
ORD-100208,2024-09-25,Sumatera,Online,C01818,UMKM,SYS-ONLINE,Aksesoris,Mouse Wireless M20,7,0.0,Completed,180000.0,1260000.0,735700.0
ORD-100209,2024-09-25,Jawa Barat,Offline,C01874,UMKM,SR05,Laptop,Laptop Axio 14,4,0.0,Completed,8500000.0,34000000.0,30741200.0
ORD-100210,2024-09-25,Jakarta,Online,C00256,Retail,SYS-ONLINE,Aksesoris,Mouse Wireless M20,5,0.1,Completed,180000.0,810000.0,517500.0
ORD-100211,2024-09-26,Jakarta,Offline,C00767,Retail,SR03,Peralatan Kantor,Kertas A4 80gsm (rim),1,0.0,Completed,55000.0,55000.0,38100.0
ORD-100212,2024-09-26,Jawa Barat,Offline,C00506,UMKM,SR06,Peralatan Kantor,Kursi Ergonomis E1,4,0.0,Completed,1900000.0,7600000.0,5126000.0
ORD-100213,2024-09-26,Jakarta,Offline,C00500,UMKM,SR01,Smartphone,Smartphone Lumo A5,3,0.0,Completed,2800000.0,8400000.0,7200300.0
ORD-100214,2024-09-26,Jawa Barat,Offline,C01808,Retail,SR06,Smartphone,Smartphone Lumo X,1,0.05,Completed,5500000.0,5225000.0,4827000.0
ORD-100215,2024-09-27,Jawa barat ,Online,C00879,Retail,SYS-ONLINE,Laptop,Laptop Axio Pro 15,1,0.0,Completed,13000000.0,13000000.0,11824200.0
ORD-100215,2024-09-27,Jawa barat ,Online,C00879,Retail,SYS-ONLINE,Laptop,Laptop Axio Pro 15,1,0.0,Completed,13000000.0,13000000.0,11824200.0
ORD-100216,2024-09-27,Jawa Timur,Online,C01354,Retail,SYS-ONLINE,Smartphone,Smartphone Lumo X,2,0.05,Completed,5500000.0,10450000.0,9625600.0
ORD-100217,2024-09-28,Kalimantan,Offline,C00552,Retail,SR15,Laptop,Laptop Veno 13,1,0.0,Completed,6200000.0,6200000.0,5577300.0
ORD-100218,2024-09-28,Jawa Barat,Online,C01992,Retail,SYS-ONLINE,Aksesoris,Keyboard Mekanik K7,3,0.0,Completed,650000.0,1950000.0,1203300.0
ORD-100219,2024-09-28,Jawa Barat,Online,C00452,UMKM,SYS-ONLINE,Smartphone,Smartphone Lumo X,1,0.05,Completed,5500000.0,5225000.0,4785600.0
ORD-100220,2024-09-28,,Online,C01922,UMKM,SYS-ONLINE,Networking,Switch 8 Port S8,8,0.05,Completed,450000.0,3420000.0,2425600.0
ORD-100221,2024-09-28,Jawa Barat,Offline,C02318,Retail,SR06,Smartphone,Smartphone Lumo A5,1,0.0,Completed,2800000.0,2800000.0,2426400.0
ORD-100222,2024-09-28,Jakarta,Offline,C02027,UMKM,SR03,Aksesoris,Power Bank 20000mAh,7,0.0,Completed,320000.0,2240000.0,1398600.0
ORD-100223,2024-09-28,Sumatera,Online,C02211,Retail,SYS-ONLINE,Laptop,Laptop Axio 14,2,0.05,Completed,8500000.0,16150000.0,15291600.0
ORD-100224,2024-09-28,Sumatra,Offline,C00908,Retail,SR11,Aksesoris,Power Bank 20000mAh,4,0.0,Completed,320000.0,1280000.0,802000.0
ORD-100225,2024-09-28,Jakarta,Offline,C00244,UMKM,SR02,Printer & Tinta,Tinta Botol Set CMYK,2,0.0,Completed,280000.0,560000.0,333400.0
ORD-100226,2024-09-28,Sumatra,Offline,K0098,Korporat,SR11,Smartphone,Smartphone Lumo X,10,0.0,Completed,5500000.0,55000000.0,48168000.0
ORD-100227,2024-09-28,Sumatera,Offline,C00551,UMKM,SR11,Aksesoris,Headset USB H3,4,0.0,Completed,350000.0,1400000.0,830000.0
ORD-100228,2024-09-28,Jakarta,Offline,C00118,UMKM,SR03,Aksesoris,Mouse Wireless M20,7,0.0,Completed,180000.0,1260000.0,724500.0
RET-100162,2024-09-28,Sumatera,Online,C01670,UMKM,SYS-ONLINE,Laptop,Laptop Axio 14,-5,0.05,Returned,8500000.0,-40375000.0,-38158500.0
RET-100162,2024-09-28,Sumatera,Online,C01670,UMKM,SYS-ONLINE,Laptop,Laptop Axio 14,-5,0.05,Returned,8500000.0,-40375000.0,-38158500.0
ORD-100229,2024-09-29,Jawa Barat,Online,C01542,UMKM,SYS-ONLINE,Aksesoris,Headset USB H3,3,0.0,Completed,350000.0,1050000.0,620700.0
ORD-100230,2024-09-29,Jakarta,Online,C02378,Retail,SYS-ONLINE,Printer & Tinta,Tinta Botol Set CMYK,1,0.1,Completed,280000.0,252000.0,166300.0
ORD-100231,2024-09-29,jawa timur,Online,K0077,Korporat,SYS-ONLINE,Smartphone,Smartphone Lumo X,6,0.05,Completed,5500000.0,31350000.0,28403400.0
ORD-100232,2024-09-29,Kalimantan,Online,C01615,UMKM,SYS-ONLINE,Laptop,Laptop Axio Pro 15,5,0.1,Completed,13000000.0,58500000.0,57528000.0
ORD-100233,2024-09-29,Jakarta,Offline,K0143,Korporat,SR03,Peralatan Kantor,Kursi Ergonomis E1,30,0.0,Completed,1900000.0,57000000.0,39312000.0
ORD-100234,2024-09-29,Jawa Barat,Offline,C01564,Retail,SR06,Aksesoris,Keyboard Mekanik K7,5,0.0,Cancelled,650000.0,3250000.0,1992000.0
ORD-106961,2024-09-29,Jakarta,E-Commerce,C02378,Retail,SYS-ONLINE,Printer & Tinta,Tinta Botol Set CMYK,1,0.1,Completed,280000.0,252000.0,165300.0
ORD-100235,2024-09-30,Jawa Timur,Offline,C00438,UMKM,SR07,Aksesoris,Mouse Wireless M20,6,5.0,Completed,180000.0,1026000.0,626400.0
ORD-100236,2024-09-30,Jakarta,Online,C01376,UMKM,SYS-ONLINE,Smartphone,Smartphone Lumo A5,5,0.1,Completed,2800000.0,12600000.0,12195500.0
ORD-100237,2024-09-30,Jakarta,Online,C00526,Retail,SYS-ONLINE,Aksesoris,Headset USB H3,3,0.1,Completed,350000.0,945000.0,623400.0
ORD-100238,2024-09-30,Jakarta,Offline,C01771,Retail,SR01,Peralatan Kantor,Kertas A4 80gsm (rim),3,0.05,Completed,55000.0,156750.0,113100.0
ORD-100239,2024-09-30,Jawa Barat,E-Commerce,C00788,UMKM,SYS-ONLINE,Aksesoris,Headset USB H3,5,0.05,Completed,350000.0,1662500.0,1045500.0
ORD-100240,2024-09-30,Jawa Barat,Online,C01133,UMKM,SYS-ONLINE,Printer & Tinta,Printer InkJet P200,4,0.1,Completed,2100000.0,7560000.0,6846800.0
ORD-100241,2024-09-30,Jawa barat ,Offline,K0014,Korporat,SR05,Smartphone,Smartphone Lumo X,3,0.0,Completed,5500000.0,16500000.0,14263500.0
ORD-100242,2024-09-30,Jakarta,Offline,C00408,Retail,SR03,Laptop,Laptop Axio 14,2,0.0,Completed,8500000.0,17000000.0,15300400.0
ORD-100243,2024-09-30,Jawa Barat,Online,C00397,Retail,SYS-ONLINE,Smartphone,Smartphone Lumo X,2,0.15,Completed,5500000.0,9350000.0,9623600.0
ORD-100075,2024-09-10,Jawa Barat,Online,C02290,Retail,SYS-ONLINE,Smartphone,Smartphone Lumo X,2,0.05,Completed,5500000.0,10450000.0,9462800.0
ORD-100076,2024-09-10,Sumatera,Offline,C00875,Retail,SR11,Aksesoris,Mouse Wireless M20,5,0.0,Completed,180000.0,900000.0,519500.0
ORD-100077,2024-09-10,Jawa Timur,ONLINE,C01488,UMKM,SYS-ONLINE,Peralatan Kantor,Kertas A4 80gsm (rim),14,0.05,Completed,55000.0,731500.0,526400.0
ORD-100078,2024-09-10,Sumatera,Offline,C02300,UMKM,SR12,Printer & Tinta,Printer InkJet P200,1,0.05,Completed,2100000.0,1995000.0,1719200.0
ORD-100079,2024-09-10,Jakarta,Offline,C00784,Retail,SR01,Smartphone,Smartphone Lumo A5,2,0.0,Completed,2800000.0,5600000.0,4849400.0
ORD-100080,2024-09-10,Sulawesi,Offline,C02172,Retail,SR17,Peralatan Kantor,Kertas A4 80gsm (rim),1,0.05,Completed,55000.0,52250.0,37900.0
RET-100022,2024-09-10,Jakarta,Offline,C01841,UMKM,SR02,Smartphone,Smartphone Lumo X,-4,0.0,Returned,5500000.0,-22000000.0,-19289600.0
ORD-100304,2024-10-10,Jawa Timur,Offline,C00544,Retail,SR09,Peralatan Kantor,Kertas A4 80gsm (rim),4,0.05,Completed,55000.0,209000.0,153600.0
ORD-100305,2024-10-10,Jabar,Offline,K0137,Korporat,SR04,Printer & Tinta,Tinta Botol Set CMYK,10,0.05,Completed,280000.0,2660000.0,1669000.0
ORD-100306,2024-10-10,Jawa Barat,Offline,C00514,UMKM,SR04,Aksesoris,Headset USB H3,14,0.0,Completed,350000.0,4900000.0,2899400.0
ORD-100307,2024-10-10,Sumatra,Offline,C01936,UMKM,SR10,Smartphone,Smartphone Lumo A5,5,0.0,Completed,2800000.0,14000000.0,11994500.0
ORD-100308,2024-10-10,Kalimantan,Offline,C01068,Retail,SR13,Aksesoris,Headset USB H3,5,0.0,Completed,350000.0,1750000.0,1043500.0
ORD-100309,2024-10-10,Kalimantan,Online,C01847,Retail,SYS-ONLINE,Smartphone,Smartphone Lumo X,2,0.05,Completed,5500000.0,10450000.0,9464000.0
ORD-100567,2024-11-10,Sumatera,Online,C00008,UMKM,SYS-ONLINE,Aksesoris,Mouse Wireless M20,7,0.1,Completed,180000.0,1134000.0,726600.0
ORD-100568,2024-11-10,Kalimantan,Online,C02020,Retail,SYS-ONLINE,Networking,Switch 8 Port S8,3,0.0,Completed,450000.0,1350000.0,
ORD-100569,2024-11-10,Kalimantan,Offline,C02337,Retail,SR15,Smartphone,Smartphone Lumo A5,1,0.0,Completed,2800000.0,2800000.0,2452100.0
ORD-100570,2024-11-10,Sumatera,Online,C01053,Retail,SYS-ONLINE,Networking,Router WiFi 6 R600,1,0.0,Completed,1200000.0,1200000.0,841700.0
ORD-100571,2024-11-10,Sulawesi,Offline,C01539,UMKM,SR16,Networking,Router WiFi 6 R600,9,0.0,Completed,1200000.0,10800000.0,7589700.0
ORD-100571,2024-11-10,Sulawesi,Offline,C01539,UMKM,SR16,Networking,Router WiFi 6 R600,9,0.0,Completed,1200000.0,10800000.0,7589700.0
ORD-100572,2024-11-10,Jawa Timur,Online,K0132,Korporat,SYS-ONLINE,Aksesoris,Headset USB H3,17,0.1,Completed,350000.0,5355000.0,3554700.0
ORD-100573,2024-11-10,Jakarta,Offline,C01645,Retail,SR03,Printer & Tinta,Printer InkJet P200,1,0.0,Completed,2100000.0,2100000.0,1700300.0
ORD-100574,2024-11-10,Jakarta,Offline,C00752,UMKM,SR01,Aksesoris,Headset USB H3,6,0.0,Completed,350000.0,2100000.0,1243800.0
ORD-100575,2024-11-10,Sumatera,Offline,C02158,Retail,SR12,Printer & Tinta,Printer InkJet P200,1,0.0,Completed,2100000.0,2100000.0,1705300.0
ORD-100576,2024-11-10,Jawa Barat,Offline,C01050,UMKM,SR05,Peralatan Kantor,Kursi Ergonomis E1,3,0.0,Completed,1900000.0,5700000.0,3882000.0
ORD-100577,2024-11-10,Jawa Barat,Online,C02212,Retail,SYS-ONLINE,Aksesoris,Headset USB H3,1,0.05,Completed,350000.0,332500.0,207000.0
ORD-100578,2024-11-10,Kalimantan,Offline,C02296,Retail,SR14,Laptop,Laptop Axio Pro 15,1,0.0,Completed,13000000.0,13000000.0,11492000.0
ORD-100864,2024-12-10,Jawa Timur,Offline,C01290,Retail,SR08,Networking,Router WiFi 6 R600,2,0.0,Completed,1200000.0,2400000.0,
ORD-100865,2024-12-10,Jakarta,Offline,C01170,UMKM,SR03,Smartphone,Smartphone Lumo A5,3,0.0,Completed,2800000.0,8400000.0,7273200.0
ORD-100866,2024-12-10,Jawa Timur,Offline,C02346,Retail,SR09,Laptop,Laptop Axio 14,2,0.05,Completed,8500000.0,16150000.0,15104400.0
ORD-100867,2024-12-10,Jawa Barat,Offline,C00638,UMKM,SR05,Laptop,Laptop Axio Pro 15,2,0.1,Completed,13000000.0,23400000.0,23640200.0
ORD-100868,2024-12-10,Jawa Timur,Offline,K0026,Korporat,SR08,Aksesoris,Power Bank 20000mAh,13,0.05,Completed,320000.0,3952000.0,2571400.0
ORD-100869,2024-12-10,Jakarta,Offline,C01189,UMKM,SR03,Laptop,Laptop Axio 14,5,0.05,Completed,8500000.0,40375000.0,38087500.0
ORD-100870,2024-12-10,Jawa Timur,Online,C01796,Retail,SYS-ONLINE,Aksesoris,Headset USB H3,3,0.0,Completed,350000.0,1050000.0,638400.0
ORD-100871,2024-12-10,Kalimantan,Offline,C01135,UMKM,SR13,Aksesoris,Keyboard Mekanik K7,13,0.1,Completed,650000.0,7605000.0,5123300.0
ORD-100872,2024-12-10,Sumatera,Offline,C00862,Retail,SR11,aksesoris ,Keyboard Mekanik K7,1,0.0,Completed,650000.0,650000.0,404000.0
ORD-100873,2024-12-10,Jawa Barat,Offline,C01772,Retail,SR04,Aksesoris,Power Bank 20000mAh,1,0.0,Completed,320000.0,320000.0,199400.0
ORD-100331,2024-10-13,Jawa Timur,Online,C00052,Retail,SYS-ONLINE,Peralatan Kantor,Kursi Ergonomis E1,4,0.1,Completed,1900000.0,6840000.0,5233200.0
ORD-100332,2024-10-13,Jawa Timur,Online,C01454,Retail,SYS-ONLINE,Laptop,Laptop Axio 14,2,0.0,Cancelled,8500000.0,17000000.0,15045800.0
ORD-100333,2024-10-13,Jawa Barat,Offline,C01536,UMKM,SR06,Networking,Switch 8 Port S8,3,0.1,Completed,450000.0,1215000.0,
ORD-100333,2024-10-13,Jawa Barat,Offline,C01536,UMKM,SR06,Networking,Switch 8 Port S8,3,0.1,Completed,450000.0,1215000.0,
ORD-100334,2024-10-13,Jawa Barat,Offline,C01334,UMKM,SR05,ATK,Kursi Ergonomis E1,2,0.0,Completed,1900000.0,3800000.0,2604000.0
ORD-100335,2024-10-13,Jakarta,Offline,C00987,Retail,SR03,Smartphone,Smartphone Lumo X,1,0.0,Completed,5500000.0,5500000.0,4844000.0
ORD-100336,2024-10-14,Jakarta,Offline,C00690,Retail,SR01,Peralatan Kantor,Kursi Ergonomis E1,4,0.0,Completed,1900000.0,7600000.0,5239600.0
ORD-100337,2024-10-14,Jawa Barat,Offline,K0133,Korporat,SR06,Peralatan Kantor,Kursi Ergonomis E1,9,0.1,Completed,1900000.0,15390000.0,11669400.0
ORD-100338,2024-10-14,Sulawesi,Offline,C00244,Retail,SR18,Laptop,Laptop Veno 13,2,0.0,Completed,6200000.0,12400000.0,11247400.0
ORD-100339,2024-10-14,Sulawesi,Offline,C00328,UMKM,SR16,Peralatan Kantor,Kursi Ergonomis E1,14,0.1,Completed,1900000.0,23940000.0,17987200.0
ORD-100340,2024-10-14,Sumatera,Offline,C00752,Retail,SR10,Peralatan Kantor,Kertas A4 80gsm (rim),3,0.0,Completed,55000.0,165000.0,114900.0
ORD-100341,2024-10-14,Jawa Barat,Online,K0078,Korporat,SYS-ONLINE,Peralatan Kantor,Kursi Ergonomis E1,41,0.05,Completed,1900000.0,74005000.0,53496800.0
ORD-100342,2024-10-14,DKI Jakarta,Offline,C00683,Retail,SR03,Peralatan Kantor,Kertas A4 80gsm (rim),4,0.0,Completed,55000.0,220000.0,153600.0
ORD-100343,2024-10-14,Sumatera,Online,C01607,Retail,SYS-ONLINE,Smartphone,Smartphone Lumo A5,1,0.0,Completed,2800000.0,2800000.0,2438200.0
ORD-100344,2024-10-14,Sumatera,Online,C00661,Retail,SYS-ONLINE,Networking,Router WiFi 6 R600,3,0.1,Completed,1200000.0,3240000.0,
ORD-100344,2024-10-14,Sumatera,Online,C00661,Retail,SYS-ONLINE,Networking,Router WiFi 6 R600,3,0.1,Completed,1200000.0,3240000.0,
ORD-100345,2024-10-14,Jawa Timur,Offline,C00648,Retail,SR07,Peralatan Kantor,Kursi Ergonomis E1,4,5.0,Completed,1900000.0,7220000.0,5266000.0
ORD-100346,2024-10-15,Jakarta,Offline,C01756,UMKM,SR01,Smartphone,Smartphone Lumo X,1,0.05,Completed,5500000.0,5225000.0,4828500.0
ORD-100347,2024-10-15,Jawa Timur,Offline,C01000,Retail,SR09,Aksesoris,Headset USB H3,4,0.0,Completed,350000.0,1400000.0,834400.0
ORD-100348,2024-10-15,Jakarta,Online,C01706,Retail,SYS-ONLINE,Laptop,Laptop Axio 14,1,0.05,Completed,8500000.0,8075000.0,7560400.0
ORD-100349,2024-10-15,Jakarta,Offline,C02122,Retail,SR02,Aksesoris,Keyboard Mekanik K7,4,0.05,Completed,650000.0,2470000.0,1601200.0
ORD-100350,2024-10-15,Sumatera,Offline,C01376,UMKM,SR10,Aksesoris,Headset USB H3,5,0.05,Completed,350000.0,1662500.0,1050500.0
ORD-100351,2024-10-15,Jawa Barat,Online,C01929,Retail,SYS-ONLINE,Smartphone,Smartphone Lumo A5,2,0.0,Cancelled,2800000.0,5600000.0,4871600.0
ORD-100352,2024-10-15,Jakarta,Offline,C01157,UMKM,SR02,Smartphone,Smartphone Lumo X,1,0.0,Cancelled,5500000.0,5500000.0,4811900.0
ORD-100353,2024-10-15,Kalimantan,Offline,C00874,Retail,SR15,Aksesoris,Headset USB H3,4,5.0,Completed,350000.0,1330000.0,834000.0
ORD-100354,2024-10-15,,Online,K0024,Korporat,SYS-ONLINE,Laptop,Laptop Axio Pro 15,3,0.0,Completed,13000000.0,39000000.0,34701300.0
ORD-100355,2024-10-15,Jawa Barat,Offline,C01433,Retail,SR05,Printer & Tinta,Printer InkJet P200,1,0.05,Completed,2100000.0,1995000.0,1679100.0
ORD-100356,2024-10-15,Jawa Barat,Online,C00333,Retail,SYS-ONLINE,aksesoris ,Mouse Wireless M20,2,0.15,Completed,180000.0,306000.0,208600.0
ORD-100357,2024-10-15,Jakarta,Online,C01574,UMKM,SYS-ONLINE,Peralatan Kantor,Kertas A4 80gsm (rim),1,0.1,Completed,55000.0,49500.0,38300.0
ORD-100358,2024-10-16,Jakarta,Online,C00957,Retail,SYS-ONLINE,Aksesoris,Keyboard Mekanik K7,4,0.05,Completed,650000.0,2470000.0,1579200.0
ORD-100359,2024-10-16,SULAWESI,Online,C00238,Retail,SYS-ONLINE,Printer & Tinta,Tinta Botol Set CMYK,1,0.05,Completed,280000.0,266000.0,167000.0
ORD-100360,2024-10-16,Jawa Timur,Online,C00597,Retail,SYS-ONLINE,Networking,Switch 8 Port S8,1,0.05,Completed,450000.0,427500.0,298300.0
ORD-100361,2024-10-16,Sulawesi,Offline,C02384,UMKM,SR16,HP,Smartphone Lumo A5,1,0.05,Completed,2800000.0,2660000.0,2464900.0
ORD-100362,2024-10-17,Jawa Timur,Offline,C01566,Retail,SR09,Printer & Tinta,Printer InkJet P200,1,0.05,Completed,2100000.0,1995000.0,1722900.0
ORD-100363,2024-10-17,Sumatera,Online,C00716,Retail,SYS-ONLINE,Smartphone,Smartphone Lumo X,1,0.1,Completed,5500000.0,4950000.0,4739400.0
ORD-100364,2024-10-17,Jawa Barat,Online,C01014,Retail,SYS-ONLINE,Laptop,Laptop Axio Pro 15,1,0.0,Completed,13000000.0,13000000.0,11524100.0
ORD-100365,2024-10-17,Sumatera,Online,C00212,Retail,SYS-ONLINE,Laptop,Laptop Axio 14,1,0.05,Completed,8500000.0,8075000.0,7641500.0
ORD-100366,2024-10-17,Jakarta,Offline,C02163,UMKM,SR02,Peralatan Kantor,Kursi Ergonomis E1,5,0.05,Completed,1900000.0,9025000.0,6500500.0
ORD-100367,2024-10-17,Jawa Barat,Offline,C00304,UMKM,SR05,Networking,Switch 8 Port S8,9,0.0,Completed,450000.0,4050000.0,2708100.0
ORD-100368,2024-10-17,Jawa Barat,Offline,C02181,Retail,SR05,Networking,Switch 8 Port S8,2,0.1,Completed,450000.0,810000.0,591800.0
ORD-100369,2024-10-17,Sumatera,Offline,C02244,Retail,SR11,Peralatan Kantor,Kursi Ergonomis E1,2,0.0,Completed,1900000.0,3800000.0,2569200.0
ORD-100370,2024-10-17,Jawa Timur,Online,C00900,Retail,SYS-ONLINE,Laptop,Laptop Axio Pro 15,2,0.05,Cancelled,13000000.0,24700000.0,23477000.0
ORD-100371,2024-10-18,Jakarta,Offline,C00626,Retail,SR03,Smartphone,Smartphone Lumo A5,1,0.0,Completed,2800000.0,2800000.0,2410700.0
ORD-100372,2024-10-18,Jawa Timur,Offline,K0157,Korporat,SR08,Aksesoris,Power Bank 20000mAh,46,0.0,Completed,320000.0,14720000.0,9181600.0
ORD-100373,2024-10-18,Jawa Timur,Online,C00812,Retail,SYS-ONLINE,Aksesoris,Keyboard Mekanik K7,5,0.15,Cancelled,650000.0,2762500.0,2020000.0
ORD-100374,2024-10-18,Jawa Barat,Online,C02311,Retail,SYS-ONLINE,Laptop,Laptop Axio Pro 15,1,0.05,Completed,13000000.0,12350000.0,11665200.0
ORD-100375,2024-10-18,Jawa Barat,Offline,C00953,UMKM,SR04,Smartphone,Smartphone Lumo A5,1,0.0,Completed,2800000.0,2800000.0,2426800.0
ORD-100376,2024-10-18,Jakarta,Online,C00955,UMKM,SYS-ONLINE,Printer & Tinta,Printer InkJet P200,1,0.0,Completed,2100000.0,2100000.0,1712300.0
ORD-100377,2024-10-18,Sumatera,Offline,C01854,UMKM,SR10,Aksesoris,Headset USB H3,10,0.0,Completed,350000.0,3500000.0,2086000.0
ORD-100378,2024-10-18,Jawa Timur,Offline,C00156,Retail,SR08,Peralatan Kantor,Kursi Ergonomis E1,2,0.0,Completed,1900000.0,3800000.0,2569600.0
ORD-100379,2024-10-19,Jawa Barat,Offline,C01535,Retail,SR04,Peralatan Kantor,Kursi Ergonomis E1,5,0.0,Completed,1900000.0,9500000.0,6407000.0
ORD-100380,2024-10-19,Sumatera,Offline,C00648,Retail,SR11,Peralatan Kantor,Kursi Ergonomis E1,2,0.0,Completed,1900000.0,3800000.0,2597400.0
ORD-100381,2024-10-19,Jawa Barat,Offline,C02051,UMKM,SR04,Aksesoris,Headset USB H3,5,0.1,Completed,350000.0,1575000.0,1060500.0
ORD-100382,2024-10-19,Jakarta,Offline,C02298,UMKM,SR02,Smartphone,Smartphone Lumo A5,2,0.0,Completed,2800000.0,5600000.0,4858000.0
ORD-100383,2024-10-19,Jakarta,Online,C01004,Retail,SYS-ONLINE,Laptop,Laptop Axio Pro 15,1,0.05,Completed,13000000.0,12350000.0,11593700.0
ORD-100384,2024-10-19,Jakarta,Offline,C00641,Retail,SR03,Printer & Tinta,Tinta Botol Set CMYK,2,0.0,Completed,280000.0,560000.0,329600.0
ORD-100385,2024-10-19,Sulawesi,Offline,C01442,Retail,SR16,Aksesori,Headset USB H3,5,0.05,Completed,350000.0,1662500.0,1040000.0
ORD-100386,2024-10-19,Jakarta,Online,C00558,UMKM,SYS-ONLINE,Aksesoris,Mouse Wireless M20,9,0.1,Completed,180000.0,1458000.0,946800.0
ORD-100387,2024-10-20,Jawa Barat,Offline,C00845,UMKM,SR04,Laptop,Laptop Veno 13,1,0.05,Completed,6200000.0,5890000.0,5545700.0
ORD-100388,2024-10-20,Kalimantan,Offline,C01118,Retail,SR15,Printer & Tinta,Printer InkJet P200,1,5.0,Completed,2100000.0,1995000.0,1694200.0
ORD-100389,2024-10-20,Sulawesi,Offline,C02078,Retail,SR18,Laptop,Laptop Veno 13,1,0.0,Completed,6200000.0,6200000.0,5473200.0
ORD-100390,2024-10-20,Sulawesi,Online,C00763,Retail,SYS-ONLINE,Smartphone,Smartphone Lumo X,2,0.0,Completed,5500000.0,11000000.0,9529800.0
ORD-100391,2024-10-20,Kalimantan,Offline,C00703,Retail,SR14,Peralatan Kantor,Kertas A4 80gsm (rim),1,0.05,Completed,55000.0,52250.0,37700.0
ORD-100392,2024-10-20,Jakarta,Offline,C01454,UMKM,SR03,Peralatan Kantor,Kursi Ergonomis E1,4,0.0,Completed,1900000.0,7600000.0,5138800.0
ORD-100393,2024-10-20,Kalimantan,Offline,C00581,Retail,SR15,Aksesoris,Keyboard Mekanik K7,5,0.0,Completed,650000.0,3250000.0,1988500.0
ORD-100394,2024-10-20,Jakarta,Offline,C01955,Retail,SR03,Laptop,Laptop Axio Pro 15,2,0.1,Completed,13000000.0,23400000.0,23484200.0
ORD-100395,2024-10-20,Jawa Barat,Offline,C02051,Retail,SR06,Networking,Switch 8 Port S8,4,0.0,Completed,450000.0,1800000.0,
ORD-100396,2024-10-20,Jawa Timur,Offline,C01155,Retail,SR07,Printer & Tinta,Tinta Botol Set CMYK,2,0.0,Completed,280000.0,560000.0,327200.0
ORD-100397,2024-10-21,Jawa Timur,Offline,C00405,Retail,SR09,Aksesoris,Keyboard Mekanik K7,3,0.0,Completed,650000.0,1950000.0,1198500.0
ORD-100398,2024-10-21,Jawa Timur,Offline,C00270,Retail,SR07,Networking,Router WiFi 6 R600,2,5.0,Completed,1200000.0,2280000.0,1716800.0
ORD-100399,2024-10-21,Jawa Timur,Offline,C01673,Retail,SR08,Peralatan Kantor,Kertas A4 80gsm (rim),5,0.0,Completed,55000.0,275000.0,190000.0
ORD-100400,2024-10-21,Jawa Barat,Online,C00945,UMKM,SYS-ONLINE,Printer & Tinta,Printer InkJet P200,2,0.0,Completed,2100000.0,4200000.0,3387000.0
ORD-100401,2024-10-21,Jakarta,Online,C00590,Retail,SYS-ONLINE,Printer & Tinta,Printer InkJet P200,1,0.05,Completed,2100000.0,1995000.0,1703200.0
ORD-100402,2024-10-21,Jawa Timur,Online,C00281,Retail,SYS-ONLINE,Printer & Tinta,Tinta Botol Set CMYK,1,0.1,Completed,280000.0,252000.0,166000.0
ORD-100403,2024-10-21,Jawa Barat,Online,C01675,Retail,SYS-ONLINE,Smartphone,Smartphone Lumo X,2,0.0,Completed,5500000.0,11000000.0,9686800.0
ORD-100404,2024-10-21,Sulawesi,Online,C02216,Retail,SYS-ONLINE,Networking,Router WiFi 6 R600,4,0.0,Completed,1200000.0,4800000.0,3355200.0
ORD-100405,2024-10-22,JKT ,Online,C01177,UMKM,SYS-ONLINE,Laptop,Laptop Veno 13,4,0.05,Completed,6200000.0,23560000.0,22144800.0
ORD-100406,2024-10-22,Jawa Timur,Offline,C00639,Retail,SR09,Peralatan Kantor,Kertas A4 80gsm (rim),4,0.0,Cancelled,55000.0,220000.0,151600.0
ORD-100407,2024-10-22,Jakarta,Online,K0018,Korporat,SYS-ONLINE,Laptop,Laptop Veno 13,5,0.1,Completed,6200000.0,27900000.0,27979500.0
ORD-100408,2024-10-22,Jawa Barat,Online,C00098,Retail,SYS-ONLINE,Smartphone,Smartphone Lumo A5,2,0.05,Completed,2800000.0,5320000.0,4819600.0
ORD-100409,2024-10-22,Jawa Timur,Online,C01703,Retail,SYS-ONLINE,Smartphone,Smartphone Lumo X,2,0.0,Completed,5500000.0,11000000.0,9647800.0
ORD-100410,2024-10-23,Jawa Barat,Offline,C01643,Retail,SR04,Aksesoris,Keyboard Mekanik K7,3,0.0,Completed,650000.0,1950000.0,1185600.0
ORD-100411,2024-10-23,Jawa Barat,Offline,C02077,Retail,SR06,Printer & Tinta,Printer InkJet P200,1,0.0,Completed,2100000.0,2100000.0,1719000.0
ORD-100412,2024-10-23,Jawa Barat,Offline,C01562,Retail,SR06,Smartphone,Smartphone Lumo X,1,0.0,Completed,5500000.0,5500000.0,4731300.0
ORD-100413,2024-10-24,Sumatera,Online,K0027,Korporat,SYS-ONLINE,Laptop,Laptop Axio Pro 15,7,0.1,Completed,13000000.0,81900000.0,81005400.0
ORD-100414,2024-10-24,Jakarta,Online,C00161,UMKM,SYS-ONLINE,Peralatan Kantor,Kertas A4 80gsm (rim),4,0.0,Completed,55000.0,220000.0,150000.0
ORD-100415,2024-10-24,Jawa Barat,Offline,C00215,Retail,SR05,ATK,Kursi Ergonomis E1,5,0.05,Completed,1900000.0,9025000.0,6572000.0
ORD-100416,2024-10-24,Sulawesi,Offline,C01837,UMKM,SR18,Laptop,Laptop Axio 14,2,0.1,Completed,8500000.0,15300000.0,15287800.0
ORD-100417,2024-10-24,Sumatera,Online,C00117,UMKM,SYS-ONLINE,Laptop,Laptop Axio 14,2,0.1,Completed,8500000.0,15300000.0,15322200.0
ORD-100418,2024-10-24,Jawa Barat,Offline,C01566,Retail,SR05,Printer & Tinta,Printer InkJet P200,1,0.0,Completed,2100000.0,2100000.0,1688700.0
ORD-100419,2024-10-24,Kalimantan,Offline,C00517,Retail,SR15,Aksesoris,Mouse Wireless M20,3,0.0,Completed,180000.0,540000.0,316800.0
ORD-100420,2024-10-24,Jakarta,Offline,C01354,Retail,SR01,Aksesoris,Power Bank 20000mAh,4,0.0,Completed,320000.0,1280000.0,804000.0
ORD-100421,2024-10-24,Sumatera,Offline,C01916,UMKM,SR11,Aksesoris,Keyboard Mekanik K7,7,0.0,Completed,650000.0,4550000.0,2834300.0
ORD-100422,2024-10-24,Jakarta,Online,C02098,UMKM,SYS-ONLINE,Printer & Tinta,Printer InkJet P200,1,0.05,Completed,2100000.0,1995000.0,1681400.0
ORD-100423,2024-10-24,Jawa Timur,Offline,C01928,Retail,SR09,Networking,Switch 8 Port S8,1,0.0,Completed,450000.0,450000.0,
ORD-100424,2024-10-24,Jakarta,Offline,C00601,UMKM,SR03,Aksesoris,Power Bank 20000mAh,13,0.05,Completed,320000.0,3952000.0,2611700.0
ORD-100425,2024-10-25,Sulawesi,Offline,C00945,Retail,SR18,Laptop,Laptop Axio Pro 15,2,0.1,Completed,13000000.0,23400000.0,23469000.0
ORD-100426,2024-10-26,Sumatera,Online,C00177,UMKM,SYS-ONLINE,Aksesoris,Power Bank 20000mAh,11,0.05,Completed,320000.0,3344000.0,2183500.0
ORD-100427,2024-10-26,Kalimantan,Online,C00539,Retail,SYS-ONLINE,Aksesoris,Mouse Wireless M20,3,0.1,Completed,180000.0,486000.0,313200.0
ORD-100428,2024-10-26,Jawa Barat,Offline,C00039,UMKM,SR06,Aksesoris,Power Bank 20000mAh,2,0.05,Completed,320000.0,608000.0,403800.0
ORD-100429,2024-10-26,Jawa Barat,Offline,C01842,Retail,SR06,Printer & Tinta,Printer InkJet P200,1,0.0,Completed,2100000.0,2100000.0,1681300.0
ORD-100430,2024-10-26,Jakarta,Offline,C01692,Retail,SR01,smartphone,Smartphone Lumo A5,1,0.0,Completed,2800000.0,2800000.0,2438100.0
ORD-100431,2024-10-26,Jawa Timur,Offline,C00795,Retail,SR07,Laptop,Laptop Axio 14,1,10.0,Completed,8500000.0,7650000.0,7582500.0
ORD-100432,2024-10-26,Jakarta,Online,K0120,Korporat,SYS-ONLINE,Networking,Switch 8 Port S8,42,0.0,Completed,450000.0,18900000.0,
ORD-100433,2024-10-26,Jawa Timur,Online,C01675,Retail,SYS-ONLINE,Networking,Router WiFi 6 R600,2,0.1,Completed,1200000.0,2160000.0,1680800.0
ORD-100434,2024-10-26,Jawa Barat,Offline,C01173,Retail,SR05,Networking,Router WiFi 6 R600,1,0.0,Completed,1200000.0,1200000.0,
ORD-100435,2024-10-26,Jawa Barat,Offline,C00591,UMKM,SR04,Aksesoris,Keyboard Mekanik K7,6,0.0,Cancelled,650000.0,3900000.0,2412600.0
RET-100403,2024-10-26,Jawa Barat,Online,C01675,Retail,SYS-ONLINE,Smartphone,Smartphone Lumo X,-2,0.0,Returned,5500000.0,-11000000.0,-9686800.0
ORD-100436,2024-10-27,Jakarta,Offline,C00036,UMKM,SR02,Aksesoris,Mouse Wireless M20,5,0.0,Completed,180000.0,900000.0,526000.0
ORD-100437,2024-10-27,jawa timur,Offline,C02336,Retail,SR07,Printer & Tinta,Tinta Botol Set CMYK,2,5.0,Completed,280000.0,532000.0,332400.0
ORD-100438,2024-10-27,,Online,K0046,Korporat,SYS-ONLINE,Smartphone,Smartphone Lumo A5,3,0.0,Completed,2800000.0,8400000.0,7200900.0
ORD-100439,2024-10-27,Jawa Timur,Offline,C00306,UMKM,SR09,Aksesoris,Headset USB H3,6,0.0,Completed,350000.0,2100000.0,1270200.0
ORD-100440,2024-10-27,Sumatera,Online,C01461,Retail,SYS-ONLINE,ATK,Kertas A4 80gsm (rim),5,0.1,Completed,55000.0,247500.0,189000.0
ORD-100441,2024-10-27,Jakarta,Offline,C01919,Retail,SR01,Laptop,Laptop Axio 14,200,0.0,Completed,8500000.0,1700000000.0,1517220000.0
ORD-100442,2024-10-28,Jawa Barat,Offline,C00497,Retail,SR04,Laptop,Laptop Veno 13,1,0.0,Completed,6200000.0,6200000.0,5523900.0
ORD-100443,2024-10-28,Jawa Barat,Offline,C01632,Retail,SR04,Networking,Router WiFi 6 R600,1,0.05,Completed,1200000.0,1140000.0,
ORD-100444,2024-10-28,Kalimantan,Online,K0052,Korporat,SYS-ONLINE,Smartphone,Smartphone Lumo A5,3,0.1,Completed,2800000.0,7560000.0,7348200.0
ORD-100445,2024-10-28,Jawa Barat,Offline,C00723,Retail,SR06,Peralatan Kantor,Kertas A4 80gsm (rim),2,0.05,Completed,55000.0,104500.0,75200.0
ORD-100446,2024-10-28,Jawa Barat,Offline,C02063,Retail,SR04,Laptop,Laptop Axio 14,1,0.05,Completed,8500000.0,8075000.0,7697600.0
ORD-100447,2024-10-28,Kalimantan,Online,C01693,Retail,SYS-ONLINE,Peralatan Kantor,Kertas A4 80gsm (rim),4,0.0,Cancelled,55000.0,220000.0,152800.0
ORD-100448,2024-10-28,Jawa Barat,Offline,C02240,UMKM,SR04,LAPTOP,Laptop Veno 13,1,0.05,Completed,6200000.0,5890000.0,5479400.0
ORD-100449,2024-10-28,,Online,C00178,Retail,SYS-ONLINE,Laptop,Laptop Veno 13,2,0.1,Cancelled,6200000.0,11160000.0,11084600.0
ORD-100450,2024-10-28,Sumatera,Offline,C02278,UMKM,SR10,Peralatan Kantor,Kursi Ergonomis E1,11,0.0,Completed,1900000.0,20900000.0,14463900.0
ORD-100451,2024-10-28,Jakarta,Offline,C02313,UMKM,SR03,Smartphone,Smartphone Lumo X,4,0.0,Completed,5500000.0,22000000.0,18931600.0
ORD-100452,2024-10-28,JKT ,Offline,C02050,Retail,SR02,Peralatan Kantor,Kursi Ergonomis E1,1,0.05,Completed,1900000.0,1805000.0,1304900.0
ORD-100453,2024-10-29,Sulawesi,Online,C01957,Retail,SYS-ONLINE,Laptop,Laptop Axio Pro 15,1,0.0,Completed,13000000.0,13000000.0,11525500.0
ORD-100454,2024-10-29,Kalimantan,Offline,C00629,UMKM,SR14,Networking,Router WiFi 6 R600,9,0.0,Completed,1200000.0,10800000.0,7731000.0
ORD-100455,2024-10-29,Jakarta,Offline,C01731,UMKM,SR02,LAPTOP,Laptop Axio 14,5,0.0,Completed,8500000.0,42500000.0,37866000.0
ORD-100456,2024-10-29,Jakarta,Online,C00048,Retail,SYS-ONLINE,Aksesoris,Mouse Wireless M20,5,0.0,Completed,180000.0,900000.0,527000.0
ORD-100457,2024-10-29,Jawa Timur,Online,C01567,UMKM,SYS-ONLINE,Aksesoris,Keyboard Mekanik K7,6,0.1,Completed,650000.0,3510000.0,2387400.0
ORD-100458,2024-10-29,Jakarta,Offline,C00730,Retail,SR01,Laptop,Laptop Veno 13,2,0.0,Completed,6200000.0,12400000.0,11018200.0
ORD-100459,2024-10-29,Jawa Barat,Offline,C00276,Retail,SR04,Aksesoris,Power Bank 20000mAh,5,0.0,Completed,320000.0,1600000.0,1008000.0
ORD-100460,2024-10-29,Jakarta,Offline,C01229,UMKM,SR02,Laptop,Laptop Axio 14,3,0.05,Completed,8500000.0,24225000.0,23060400.0
ORD-100461,2024-10-29,Jawa Barat,Online,C01687,Retail,SYS-ONLINE,Smartphone,Smartphone Lumo X,1,0.1,Completed,5500000.0,4950000.0,4858600.0
ORD-100462,2024-10-29,Jawa Barat,Offline,K0132,Korporat,SR05,Laptop,Laptop Axio Pro 15,10,0.0,Completed,13000000.0,130000000.0,115317000.0
ORD-100463,2024-10-30,kalimantan,Offline,K0173,Korporat,SR15,Printer & Tinta,Printer InkJet P200,2,0.0,Completed,2100000.0,4200000.0,3372000.0
ORD-100464,2024-10-30,Sumatera,Offline,C00348,Retail,SR11,Smartphone,Smartphone Lumo X,2,10.0,Completed,5500000.0,9900000.0,9696600.0
ORD-100465,2024-10-30,Jawa Timur,Online,C00390,UMKM,SYS-ONLINE,Peralatan Kantor,Kertas A4 80gsm (rim),6,0.05,Completed,55000.0,313500.0,229200.0
ORD-100466,2024-10-30,Jakarta,Offline,C01659,UMKM,SR03,Peralatan Kantor,Kertas A4 80gsm (rim),5,0.05,Completed,55000.0,261250.0,189000.0
ORD-100466,2024-10-30,Jakarta,Offline,C01659,UMKM,SR03,Peralatan Kantor,Kertas A4 80gsm (rim),5,0.05,Completed,55000.0,261250.0,189000.0
ORD-100467,2024-10-30,Jawa Barat,Offline,C01757,UMKM,SR06,Printer & Tinta,Printer InkJet P200,1,0.0,Completed,2100000.0,2100000.0,1713700.0
ORD-100468,2024-10-30,Kalimantan,Offline,C02061,Retail,SR14,Laptop,Laptop Axio Pro 15,2,0.05,Completed,13000000.0,24700000.0,23349800.0
ORD-100469,2024-10-30,,Online,K0148,Korporat,SYS-ONLINE,Laptop,Laptop Axio 14,3,0.1,Completed,8500000.0,22950000.0,22535700.0
ORD-100470,2024-10-30,Jakarta,Offline,C01802,Retail,SR01,Aksesoris,Headset USB H3,5,0.0,Completed,350000.0,1750000.0,1041500.0
ORD-100471,2024-10-30,Jakarta,Offline,C02153,Retail,SR01,Aksesoris,Headset USB H3,2,0.05,Completed,350000.0,665000.0,415000.0
ORD-100472,2024-10-31,Jakarta,Offline,C00885,Retail,SR02,Laptop,Laptop Axio 14,2,0.05,Completed,8500000.0,16150000.0,15328200.0
ORD-100473,2024-10-31,Jawa Barat,Offline,K0175,Korporat,SR04,Peralatan Kantor,Kursi Ergonomis E1,8,0.05,Completed,1900000.0,14440000.0,10263200.0
ORD-100474,2024-10-31,Jawa Barat,Offline,C01834,Retail,SR05,Smartphone,Smartphone Lumo A5,1,0.0,Completed,2800000.0,2800000.0,2432700.0
ORD-100475,2024-10-31,Jakarta,Offline,K0057,Korporat,SR02,Printer & Tinta,Tinta Botol Set CMYK,2,0.1,Completed,280000.0,504000.0,331400.0
ORD-100476,2024-10-31,Jawa barat ,Offline,C01823,UMKM,SR05,Laptop,Laptop Axio Pro 15,2,0.0,Completed,13000000.0,26000000.0,23521000.0
ORD-100477,2024-10-31,Jatim,Offline,C01924,Retail,SR08,Aksesoris,Keyboard Mekanik K7,2,0.05,Completed,650000.0,1235000.0,810800.0
ORD-100478,2024-10-31,Kalimantan,Online,C00791,Retail,SYS-ONLINE,Networking,Switch 8 Port S8,2,0.05,Completed,450000.0,855000.0,
ORD-100479,2024-10-31,Kalimantan,Online,C00235,UMKM,SYS-ONLINE,Networking,Switch 8 Port S8,12,0.15,Completed,450000.0,4590000.0,3612000.0
ORD-100480,2024-10-31,Jawa Barat,Offline,C01317,UMKM,SR06,Printer & Tinta,Printer InkJet P200,5,0.0,Completed,2100000.0,10500000.0,8438500.0
ORD-100081,2024-09-11,Kalimantan,Offline,C01919,Retail,SR14,Networking,Router WiFi 6 R600,4,0.1,Completed,1200000.0,4320000.0,3430800.0
ORD-100082,2024-09-11,Jakarta,Offline,C01584,Retail,SR01,Peralatan kantor,Kertas A4 80gsm (rim),4,0.0,Completed,55000.0,220000.0,151200.0
ORD-100083,2024-09-11,Jawa Barat,Offline,C01823,Retail,SR05,Smartphone,Smartphone Lumo A5,1,0.05,Completed,2800000.0,2660000.0,2424800.0
ORD-100084,2024-09-11,Kalimantan,Offline,C01632,Retail,SR14,Aksesoris,Mouse Wireless M20,2,0.0,Completed,180000.0,360000.0,212000.0
ORD-100085,2024-09-11,Sumatera,Offline,C00582,Retail,SR12,Aksesoris,Power Bank 20000mAh,2,0.05,Completed,320000.0,608000.0,400400.0
ORD-100086,2024-09-11,Kalimantan,Online,C00454,UMKM,SYS-ONLINE,Smartphone,Smartphone Lumo A5,4,0.05,Completed,2800000.0,10640000.0,9753600.0
ORD-100087,2024-09-11,Jawa Timur,Online,C00441,Retail,SYS-ONLINE,Aksesoris,Mouse Wireless M20,2,0.05,Completed,180000.0,342000.0,209800.0
ORD-100310,2024-10-11,Jawa Timur,Online,C01008,UMKM,SYS-ONLINE,Smartphone,Smartphone Lumo X,2,0.1,Completed,5500000.0,9900000.0,9665600.0
ORD-100311,2024-10-11,Jawa Timur,Online,C01366,Retail,SYS-ONLINE,networking,Switch 8 Port S8,4,0.05,Completed,450000.0,1710000.0,
ORD-100312,2024-10-11,Jakarta,Offline,C01972,Retail,SR02,Aksesoris,Power Bank 20000mAh,5,0.1,Completed,320000.0,1440000.0,991000.0
ORD-100313,2024-10-11,Jawa Barat,Offline,C01698,UMKM,SR06,Networking,Router WiFi 6 R600,7,0.05,Completed,1200000.0,7980000.0,5894700.0
ORD-100314,2024-10-11,Kalimantan,Online,C01650,Retail,SYS-ONLINE,Laptop,Laptop Axio Pro 15,2,0.05,Completed,13000000.0,24700000.0,23182600.0
ORD-100315,2024-10-11,Kalimantan,Offline,C02286,UMKM,SR15,Printer & Tinta,Printer InkJet P200,3,10.0,Completed,2100000.0,5670000.0,5127900.0
ORD-100316,2024-10-11,Jakarta,Online,C02339,UMKM,SYS-ONLINE,Smartphone,Smartphone Lumo A5,4,0.0,Completed,2800000.0,11200000.0,9805600.0
ORD-100317,2024-10-11,Jawa Timur,Online,C00905,Retail,SYS-ONLINE,Aksesoris,Mouse Wireless M20,3,0.15,Completed,180000.0,459000.0,317700.0
ORD-100318,2024-10-11,Jawa Timur,Online,C00303,Retail,SYS-ONLINE,Aksesoris,Mouse Wireless M20,3,0.05,Completed,180000.0,513000.0,319500.0
ORD-100319,2024-10-11,Jakarta,Online,C01218,Retail,SYS-ONLINE,Aksesoris,Power Bank 20000mAh,1,0.05,Cancelled,320000.0,304000.0,200900.0
ORD-100579,2024-11-11,Jawa Barat,Online,C01385,Retail,SYS-ONLINE,Smartphone,Smartphone Lumo X,2,0.1,Cancelled,5500000.0,9900000.0,9732800.0
ORD-100580,2024-11-11,Kalimantan,Offline,K0107,Korporat,SR14,Peralatan Kantor,Kursi Ergonomis E1,5,0.1,Completed,1900000.0,8550000.0,6574500.0
ORD-100581,2024-11-11,Jawa Barat,Offline,K0005,Korporat,SR06,Printer & Tinta,Tinta Botol Set CMYK,3,0.0,Completed,280000.0,840000.0,488100.0
ORD-100582,2024-11-11,Jakarta,Offline,C01466,UMKM,SR01,Printer & Tinta,Printer InkJet P200,2,0.1,Completed,2100000.0,3780000.0,3443000.0
ORD-100583,2024-11-11,Sumatera,Online,C01441,Retail,SYS-ONLINE,Peralatan Kantor,Kertas A4 80gsm (rim),4,0.05,Completed,55000.0,209000.0,152800.0
ORD-100584,2024-11-11,Jawa Timur,Online,C01394,Retail,SYS-ONLINE,Networking,Switch 8 Port S8,4,0.05,Completed,450000.0,1710000.0,
ORD-100585,2024-11-11,Jawa Barat,Offline,C00610,Retail,SR04,Smartphone,Smartphone Lumo X,1,0.05,Completed,5500000.0,5225000.0,4754000.0
ORD-100586,2024-11-11,Sumatera,Offline,C00297,Retail,SR10,Aksesoris,Mouse Wireless M20,1,0.0,Completed,180000.0,180000.0,105900.0
ORD-100587,2024-11-11,Jawa Timur,Offline,C00471,Retail,SR08,Networking,Switch 8 Port S8,4,0.0,Completed,450000.0,1800000.0,1184800.0
ORD-100588,2024-11-11,Sumatera,Offline,C01035,Retail,SR12,Smartphone,Smartphone Lumo A5,1,0.0,Completed,2800000.0,2800000.0,2406500.0
RET-100523,2024-11-11,Sumatera,Offline,C01397,UMKM,SR10,Aksesoris,Mouse Wireless M20,-2,0.1,Returned,180000.0,-324000.0,-207400.0
ORD-100874,2024-12-11,Jawa Barat,Offline,C01242,Retail,SR06,Aksesoris,Keyboard Mekanik K7,3,0.1,Completed,650000.0,1755000.0,1204800.0
ORD-100875,2024-12-11,Jakarta,Offline,C01843,UMKM,SR01,Peralatan Kantor,Kursi Ergonomis E1,1,0.0,Completed,1900000.0,1900000.0,1314100.0
ORD-100876,2024-12-11,Sulawesi,Offline,C00601,Retail,SR18,Printer & Tinta,Tinta Botol Set CMYK,1,0.0,Completed,280000.0,280000.0,164900.0
ORD-100877,2024-12-11,Jawa Barat,Online,C01863,Retail,SYS-ONLINE,Peralatan Kantor,Kursi Ergonomis E1,1,0.05,Completed,1900000.0,1805000.0,1316200.0
ORD-100878,2024-12-11,DKI Jakarta,Online,C00221,Retail,SYS-ONLINE,Aksesoris,Headset USB H3,4,0.1,Completed,350000.0,1260000.0,852400.0
ORD-100879,2024-12-11,Jawa Timur,Offline,C00976,Retail,SR07,Networking,Router WiFi 6 R600,3,0.0,Completed,1200000.0,3600000.0,
ORD-100880,2024-12-11,Sumatera,Offline,C01485,UMKM,SR11,Peralatan Kantor,Kertas A4 80gsm (rim),1,0.0,Completed,55000.0,55000.0,38500.0
ORD-100881,2024-12-11,Jakarta,Offline,C02097,Retail,SR01,Smartphone,Smartphone Lumo A5,1,0.0,Completed,2800000.0,2800000.0,2435800.0
ORD-100882,2024-12-11,Jakarta,Offline,C01687,UMKM,SR03,Laptop,Laptop Axio Pro 15,4,0.0,Completed,13000000.0,52000000.0,46440400.0
ORD-100882,2024-12-11,Jakarta,Offline,C01687,UMKM,SR03,Laptop,Laptop Axio Pro 15,4,0.0,Completed,13000000.0,52000000.0,46440400.0
ORD-100883,2024-12-11,Sumatera,Offline,C01553,UMKM,SR12,Aksesoris,Mouse Wireless M20,3,0.1,Completed,180000.0,486000.0,315000.0
ORD-100884,2024-12-11,Kalimantan,Offline,C02213,UMKM,SR15,Laptop,Laptop Axio Pro 15,5,5.0,Completed,13000000.0,61750000.0,57793000.0
ORD-106985,2024-12-11,Jawa Barat,Offline,C01242,Retail,SR06,Aksesoris,Keyboard Mekanik K7,3,0.1,Completed,650000.0,1755000.0,1212900.0
ORD-100598,2024-11-13,Sumatera,Online,C01276,UMKM,SYS-ONLINE,Aksesoris,Power Bank 20000mAh,7,0.1,Completed,320000.0,2016000.0,1420300.0
ORD-100599,2024-11-13,Jawa Timur,Offline,C02343,Retail,SR07,Printer & Tinta,Printer InkJet P200,1,0.0,Completed,2100000.0,2100000.0,1686500.0
ORD-100600,2024-11-13,Jakarta,Online,C00208,UMKM,SYS-ONLINE,Aksesoris,Mouse Wireless M20,13,0.05,Completed,180000.0,2223000.0,1359800.0
ORD-100601,2024-11-13,Jakarta,Offline,C02106,Retail,SR01,Aksesoris,Headset USB H3,2,0.1,Completed,350000.0,630000.0,414600.0
ORD-100602,2024-11-13,Sulawesi,Offline,C00181,Retail,SR16,Laptop,Laptop Axio 14,2,0.05,Completed,8500000.0,16150000.0,15031800.0
ORD-100603,2024-11-13,Sumatera,Online,C01531,UMKM,SYS-ONLINE,Smartphone,Smartphone Lumo X,3,0.15,Completed,5500000.0,14025000.0,14447400.0
ORD-100604,2024-11-13,Jawa Barat,Offline,C00677,UMKM,SR06,Networking,Router WiFi 6 R600,4,0.05,Completed,1200000.0,4560000.0,3438000.0
ORD-100605,2024-11-13,Sumatera,Offline,C02183,UMKM,SR11,Aksesoris,Keyboard Mekanik K7,3,0.0,Completed,650000.0,1950000.0,1214400.0
ORD-100606,2024-11-13,Jakarta,Offline,C02139,UMKM,SR01,Printer & Tinta,Printer InkJet P200,5,0.05,Completed,2100000.0,9975000.0,8563500.0
ORD-100607,2024-11-13,Jawa Timur,Offline,C00729,Retail,SR09,Printer & Tinta,Printer InkJet P200,1,0.05,Completed,2100000.0,1995000.0,1676600.0
ORD-100608,2024-11-13,jawa timur,Online,C01546,Retail,SYS-ONLINE,Printer & Tinta,Tinta Botol Set CMYK,2,0.0,Cancelled,280000.0,560000.0,331800.0
ORD-100609,2024-11-14,Jakarta,Offline,C01947,Retail,SR02,Smartphone,Smartphone Lumo X,1,0.05,Completed,5500000.0,5225000.0,4771600.0
ORD-100610,2024-11-14,Jawa Timur,Offline,C02346,Retail,SR07,Laptop,Laptop Veno 13,2,0.0,Completed,6200000.0,12400000.0,11039200.0
ORD-100611,2024-11-14,Jawa Timur,Online,C00650,Retail,SYS-ONLINE,Peralatan Kantor,Kursi Ergonomis E1,2,0.05,Completed,1900000.0,3610000.0,2563800.0
ORD-100612,2024-11-14,Kalimantan,Offline,C02074,Retail,SR14,Printer & Tinta,Tinta Botol Set CMYK,2,0.1,Completed,280000.0,504000.0,326600.0
ORD-100613,2024-11-14,Jakarta,Offline,C01730,Retail,SR02,Aksesoris,Headset USB H3,2,0.0,Completed,350000.0,700000.0,426200.0
ORD-100614,2024-11-14,Sulawesi,Online,C00921,Retail,SYS-ONLINE,Aksesoris,Power Bank 20000mAh,3,0.0,Completed,320000.0,960000.0,606300.0
ORD-100615,2024-11-14,Jawa Barat,Offline,C01464,Retail,SR05,Aksesoris,Headset USB H3,4,0.0,Completed,350000.0,1400000.0,833200.0
ORD-100616,2024-11-14,Jabar,Offline,C00062,Retail,SR05,Peralatan Kantor,Kursi Ergonomis E1,4,0.05,Completed,1900000.0,7220000.0,5249200.0
RET-100527,2024-11-14,Sumatra,Offline,C00560,Retail,SR10,Aksesoris,Headset USB H3,-5,0.0,Returned,350000.0,-1750000.0,-1045000.0
ORD-100617,2024-11-15,Jawa Barat,Online,C02270,UMKM,SYS-ONLINE,Smartphone,Smartphone Lumo X,3,0.1,Completed,5500000.0,14850000.0,14511000.0
ORD-100618,2024-11-15,Sumatera,Online,C00380,UMKM,SYS-ONLINE,Aksesoris,Power Bank 20000mAh,10,0.05,Completed,320000.0,3040000.0,1971000.0
ORD-100618,2024-11-15,Sumatera,Online,C00380,UMKM,SYS-ONLINE,Aksesoris,Power Bank 20000mAh,10,0.05,Completed,320000.0,3040000.0,1971000.0
ORD-100619,2024-11-15,Jawa Timur,Online,C01166,UMKM,SYS-ONLINE,Laptop,Laptop Axio Pro 15,5,0.0,Completed,13000000.0,65000000.0,58568500.0
ORD-100620,2024-11-15,Jawa Timur,Online,C00879,UMKM,SYS-ONLINE,Aksesoris,Headset USB H3,6,0.0,Completed,350000.0,2100000.0,1248600.0
ORD-100621,2024-11-15,Kalimantan,Online,C00824,UMKM,SYS-ONLINE,Laptop,Laptop Axio 14,1,0.1,Completed,8500000.0,7650000.0,7588200.0
ORD-100622,2024-11-15,Kalimantan,Offline,K0160,Korporat,SR15,Laptop,Laptop Veno 13,8,0.0,Completed,6200000.0,49600000.0,44329600.0
ORD-100623,2024-11-15,Jawa Barat,Online,C00270,Retail,SYS-ONLINE,Laptop,Laptop Axio 14,1,0.05,Completed,8500000.0,8075000.0,7517100.0
ORD-100624,2024-11-15,Jawa Barat,Online,C00337,UMKM,SYS-ONLINE,Aksesoris,Headset USB H3,7,0.15,Completed,350000.0,2082500.0,1464400.0
ORD-100625,2024-11-16,Sulawesi,Online,C00734,Retail,SYS-ONLINE,Laptop,Laptop Axio Pro 15,1,0.0,Completed,13000000.0,13000000.0,11540500.0
ORD-100626,2024-11-16,Jawa Barat,Offline,C01069,Retail,SR05,Laptop,Laptop Axio Pro 15,2,0.05,Completed,13000000.0,24700000.0,23499000.0
ORD-100627,2024-11-16,Sumatera,Online,C02347,Retail,SYS-ONLINE,Aksesoris,Keyboard Mekanik K7,4,0.1,Completed,650000.0,2340000.0,1622800.0
ORD-100628,2024-11-16,Jakarta,Offline,C02287,Retail,SR01,Smartphone,Smartphone Lumo X,2,0.0,Completed,5500000.0,11000000.0,9560000.0
ORD-100629,2024-11-16,Jawa Barat,Offline,K0174,Korporat,SR04,Aksesoris,Headset USB H3,46,0.0,Completed,350000.0,16100000.0,9738200.0
ORD-100630,2024-11-16,Sulawesi,Offline,C00668,Retail,SR17,Laptop,Laptop Axio 14,1,0.1,Completed,8500000.0,7650000.0,7631600.0
ORD-100631,2024-11-16,Jakarta,Online,K0033,Korporat,SYS-ONLINE,Aksesoris,Mouse Wireless M20,23,0.1,Completed,180000.0,3726000.0,2447200.0
ORD-100632,2024-11-16,Kalimantan,Offline,C01999,UMKM,SR15,Laptop,Laptop Axio 14,4,10.0,Completed,8500000.0,30600000.0,30058400.0
ORD-100633,2024-11-16,Kalimantan,Online,C01285,Retail,SYS-ONLINE,Printer & Tinta,Printer InkJet P200,2,0.05,Completed,2100000.0,3990000.0,3358600.0
ORD-100634,2024-11-16,Sumatera,Online,C00440,Retail,SYS-ONLINE,Aksesoris,Headset USB H3,5,0.1,Completed,350000.0,1575000.0,1041500.0
ORD-100635,2024-11-16,Jawa Barat,Online,K0025,Korporat,SYS-ONLINE,Smartphone,Smartphone Lumo X,9,0.0,Completed,5500000.0,49500000.0,42831000.0
ORD-100636,2024-11-16,Jakarta,Offline,C01360,Retail,SR03,Networking,Switch 8 Port S8,4,0.05,Completed,450000.0,1710000.0,1214400.0
ORD-100637,2024-11-16,Jakarta,Online,C01367,Retail,SYS-ONLINE,Smartphone,Smartphone Lumo X,1,0.05,Completed,5500000.0,5225000.0,4800700.0
ORD-100638,2024-11-16,Sulawesi,Offline,C02021,UMKM,SR17,Peralatan Kantor,Kertas A4 80gsm (rim),1,0.0,Completed,55000.0,55000.0,38500.0
ORD-100639,2024-11-16,Sumatera,Offline,C00499,Retail,SR11,Aksesoris,Keyboard Mekanik K7,2,5.0,Completed,650000.0,1235000.0,810800.0
ORD-100640,2024-11-17,DKI Jakarta,Online,C02296,Retail,SYS-ONLINE,Laptop,Laptop Axio 14,2,0.0,Completed,8500000.0,17000000.0,15040600.0
ORD-100641,2024-11-17,Jawa Barat,Offline,C01740,Retail,SR04,Laptop,Laptop Veno 13,2,0.0,Completed,6200000.0,12400000.0,11106600.0
ORD-100642,2024-11-17,Jawa Timur,Online,C00532,Retail,SYS-ONLINE,Aksesoris,Power Bank 20000mAh,5,0.05,Completed,320000.0,1520000.0,991500.0
ORD-100643,2024-11-17,Sumatera,Offline,C02283,Retail,SR10,Printer & Tinta,Tinta Botol Set CMYK,1,0.0,Completed,280000.0,280000.0,162600.0
ORD-100644,2024-11-17,Kalimantan,Offline,C00873,UMKM,SR13,Laptop,Laptop Axio Pro 15,2,0.0,Completed,13000000.0,26000000.0,23497400.0
ORD-100645,2024-11-17,Jawa Timur,Offline,C00118,UMKM,SR07,Peralatan Kantor,Kursi Ergonomis E1,3,0.0,Completed,1900000.0,5700000.0,3899400.0
ORD-100646,2024-11-17,Jakarta,Offline,C01183,Retail,SR01,Printer & Tinta,Printer InkJet P200,1,0.0,Completed,2100000.0,2100000.0,1676300.0
ORD-100647,2024-11-17,Jawa Timur,Offline,C02217,Retail,SR08,Laptop,Laptop Axio Pro 15,2,0.0,Completed,13000000.0,26000000.0,23614000.0
RET-100603,2024-11-17,Sumatera,Online,C01531,UMKM,SYS-ONLINE,Smartphone,Smartphone Lumo X,-3,0.15,Returned,5500000.0,-14025000.0,-14447400.0
ORD-100648,2024-11-18,Jakarta,Offline,C00121,Retail,SR02,Aksesoris,Mouse Wireless M20,2,0.1,Completed,180000.0,324000.0,208600.0
ORD-100649,2024-11-18,Jakarta,Online,C01410,Retail,SYS-ONLINE,Aksesoris,Headset USB H3,2,0.05,Completed,350000.0,665000.0,424400.0
ORD-100650,2024-11-18,Sumatera,Offline,C00075,UMKM,SR11,Peralatan kantor,Kertas A4 80gsm (rim),5,5.0,Completed,55000.0,261250.0,191500.0
ORD-100651,2024-11-18,Jakarta,Offline,C00684,Retail,SR03,Printer & Tinta,Tinta Botol Set CMYK,1,0.1,Completed,280000.0,252000.0,163300.0
ORD-100652,2024-11-18,Jawa Timur,Offline,C02378,UMKM,SR09,Networking,Switch 8 Port S8,7,0.0,Completed,450000.0,3150000.0,
ORD-100653,2024-11-18,Sumatera,Offline,C01977,UMKM,SR11,Networking,Switch 8 Port S8,10,5.0,Completed,450000.0,4275000.0,
ORD-100654,2024-11-18,Jawa Barat,Online,K0045,Korporat,SYS-ONLINE,Networking,Router WiFi 6 R600,11,0.0,Completed,1200000.0,13200000.0,9467700.0
ORD-100655,2024-11-18,Jakarta,Offline,C01258,Retail,SR01,Aksesoris,Headset USB H3,3,0.0,Completed,350000.0,1050000.0,625800.0
ORD-100656,2024-11-18,Jawa Timur,Offline,C01191,Retail,SR07,Laptop,Laptop Axio 14,2,10.0,Cancelled,8500000.0,15300000.0,15316600.0
ORD-100657,2024-11-18,Jakarta,Online,C00900,UMKM,SYS-ONLINE,Aksesoris,Mouse Wireless M20,12,0.0,Completed,180000.0,2160000.0,1274400.0
ORD-106964,2024-11-18,Sumatera,Offline,C01977,UMKM,SR11,Networking,Switch 8 Port S8,10,5.0,Completed,450000.0,4275000.0,2958000.0
ORD-100658,2024-11-19,Jawa Timur,Offline,C01375,Retail,SR07,Aksesoris,Mouse Wireless M20,5,0.0,Completed,180000.0,900000.0,526500.0
ORD-100659,2024-11-19,Sulawesi,Online,C01116,UMKM,SYS-ONLINE,Peralatan Kantor,Kursi Ergonomis E1,1,0.05,Completed,1900000.0,1805000.0,1297900.0
ORD-100660,2024-11-19,Jakarta,Offline,K0036,Korporat,SR03,Printer & Tinta,Printer InkJet P200,7,0.05,Completed,2100000.0,13965000.0,11837000.0
ORD-100661,2024-11-19,Jakarta,Online,C00818,Retail,SYS-ONLINE,Aksesoris,Headset USB H3,4,0.05,Completed,350000.0,1330000.0,851200.0
ORD-100662,2024-11-19,Sumatera,Offline,C02007,UMKM,SR11,Aksesoris,Headset USB H3,7,0.0,Cancelled,350000.0,2450000.0,1474200.0
ORD-100663,2024-11-19,Kalimantan,Offline,C02166,UMKM,SR15,Aksesoris,Headset USB H3,11,10.0,Completed,350000.0,3465000.0,2297900.0
ORD-100664,2024-11-19,Kalimantan,Online,C02050,Retail,SYS-ONLINE,Aksesoris,Power Bank 20000mAh,4,0.1,Completed,320000.0,1152000.0,812000.0
ORD-100665,2024-11-20,Jakarta,Offline,C02262,UMKM,SR03,Laptop,Laptop Axio Pro 15,1,0.1,Completed,13000000.0,11700000.0,11554500.0
ORD-100666,2024-11-20,Jawa Timur,Offline,C02050,UMKM,SR09,Networking,Router WiFi 6 R600,4,0.0,Completed,1200000.0,4800000.0,
ORD-100667,2024-11-20,Jawa Barat,Offline,C00618,Retail,SR05,Aksesoris,Headset USB H3,5,0.0,Completed,350000.0,1750000.0,1057000.0
ORD-100668,2024-11-20,Jawa Timur,Offline,C02124,Retail,SR09,Laptop,Laptop Veno 13,1,0.0,Completed,6200000.0,6200000.0,5538200.0
ORD-100669,2024-11-20,,Online,C01743,Retail,SYS-ONLINE,Printer & Tinta,Printer InkJet P200,2,0.05,Completed,2100000.0,3990000.0,3418800.0
ORD-100670,2024-11-20,Jakarta,Offline,C00872,UMKM,SR01,aksesoris ,Keyboard Mekanik K7,10,0.05,Completed,650000.0,6175000.0,
ORD-100671,2024-11-20,Jawa Barat,online,C01765,UMKM,SYS-ONLINE,Smartphone,Smartphone Lumo A5,5,0.1,Completed,2800000.0,12600000.0,12075000.0
ORD-100672,2024-11-20,Kalimantan,Offline,C01181,Retail,SR14,Laptop,Laptop Veno 13,1,0.1,Completed,6200000.0,5580000.0,5585700.0
ORD-100673,2024-11-20,Jawa Timur,Online,C00092,UMKM,SYS-ONLINE,Smartphone,Smartphone Lumo A5,2,0.0,Completed,2800000.0,5600000.0,4853600.0
ORD-100674,2024-11-20,Jakarta,Offline,C00338,UMKM,SR01,Printer & Tinta,Printer InkJet P200,4,0.0,Completed,2100000.0,8400000.0,6826800.0
ORD-100675,2024-11-20,Sulawesi,Online,C01837,Retail,SYS-ONLINE,Peralatan Kantor,Kursi Ergonomis E1,1,0.1,Completed,1900000.0,1710000.0,1292800.0
ORD-100676,2024-11-20,Jawa Timur,Offline,C01995,Retail,SR09,Aksesori,Mouse Wireless M20,3,0.0,Completed,180000.0,540000.0,311700.0
ORD-100677,2024-11-20,Jawa Barat,Offline,C00400,Retail,SR06,Aksesoris,Keyboard Mekanik K7,5,0.05,Completed,650000.0,3087500.0,2001000.0
ORD-100678,2024-11-20,DKI Jakarta,Offline,C00653,Retail,SR02,Aksesoris,Headset USB H3,4,0.0,Completed,350000.0,1400000.0,834400.0
ORD-100679,2024-11-20,Jawa Timur,Online,C00820,Retail,SYS-ONLINE,Aksesoris,Keyboard Mekanik K7,1,0.05,Completed,650000.0,617500.0,399800.0
ORD-100680,2024-11-20,Jawa Barat,Offline,C00384,Retail,SR04,Printer & Tinta,Printer InkJet P200,2,0.0,Completed,2100000.0,4200000.0,3369000.0
ORD-100681,2024-11-20,Sumatera,Offline,K0055,Korporat,SR10,Smartphone,Smartphone Lumo A5,4,0.0,Completed,2800000.0,11200000.0,9841600.0
RET-100530,2024-11-20,Jakarta,Offline,K0114,Korporat,SR01,Aksesoris,Keyboard Mekanik K7,-14,0.0,Returned,650000.0,-9100000.0,-5545400.0
ORD-100682,2024-11-21,Jakarta,Offline,C00076,Retail,SR02,Printer & Tinta,Printer InkJet P200,2,0.05,Completed,2100000.0,3990000.0,3414400.0
ORD-100683,2024-11-21,Kalimantan,Offline,K0041,Korporat,SR15,Printer & Tinta,Printer InkJet P200,3,10.0,Completed,2100000.0,5670000.0,5047200.0
ORD-100684,2024-11-21,Kalimantan,Offline,C01046,Retail,SR14,Networking,Switch 8 Port S8,3,0.0,Completed,450000.0,1350000.0,892800.0
ORD-100685,2024-11-21,Jawa Timur,Offline,K0135,Korporat,SR07,Peralatan Kantor,Kertas A4 80gsm (rim),23,0.0,Completed,55000.0,1265000.0,876300.0
ORD-100686,2024-11-21,Jawa Timur,Offline,C00368,Retail,SR07,Printer & Tinta,Printer InkJet P200,1,5.0,Completed,2100000.0,1995000.0,1693700.0
ORD-100687,2024-11-21,Kalimantan,Offline,C00050,UMKM,SR13,Printer & Tinta,Printer InkJet P200,5,0.0,Completed,2100000.0,10500000.0,8499500.0
ORD-100688,2024-11-21,Sulawesi,Offline,C01609,Retail,SR17,Smartphone,Smartphone Lumo X,1,0.0,Cancelled,5500000.0,5500000.0,4794100.0
ORD-100689,2024-11-21,Sumatera,Offline,C00195,Retail,SR12,Peralatan Kantor,Kursi Ergonomis E1,2,0.0,Completed,1900000.0,3800000.0,2564200.0
ORD-100690,2024-11-21,Jakarta,Offline,C00151,Retail,SR02,networking,Switch 8 Port S8,4,0.05,Completed,450000.0,1710000.0,
ORD-100691,2024-11-22,Jakarta,Offline,C00962,UMKM,SR01,Aksesoris,Power Bank 20000mAh,2,0.0,Completed,320000.0,640000.0,404000.0
ORD-100692,2024-11-22,Jawa Barat,Offline,C01458,Retail,SR05,HP,Smartphone Lumo X,1,0.0,Completed,5500000.0,5500000.0,4793000.0
ORD-100693,2024-11-22,Jawa barat ,Online,C01391,Retail,SYS-ONLINE,Networking,Switch 8 Port S8,3,0.1,Completed,450000.0,1215000.0,
ORD-100694,2024-11-22,Jawa Barat,Online,C00654,UMKM,SYS-ONLINE,Peralatan Kantor,Kursi Ergonomis E1,11,0.0,Completed,1900000.0,20900000.0,14236200.0
ORD-100695,2024-11-22,Jakarta,Online,K0025,Korporat,SYS-ONLINE,Smartphone,Smartphone Lumo A5,2,0.0,Completed,2800000.0,5600000.0,4930400.0
ORD-100696,2024-11-22,Kalimantan,Offline,C01838,Retail,SR13,Aksesoris,Mouse Wireless M20,1,0.0,Completed,180000.0,180000.0,106300.0
ORD-100697,2024-11-22,Jakarta,E-Commerce,C00725,Retail,SYS-ONLINE,Aksesoris,Headset USB H3,5,0.0,Completed,350000.0,1750000.0,1065000.0
ORD-100698,2024-11-22,Sulawesi,Online,C01193,UMKM,SYS-ONLINE,Laptop,Laptop Veno 13,1,0.1,Cancelled,6200000.0,5580000.0,5509800.0
ORD-100699,2024-11-23,Jakarta,Online,C01491,Retail,SYS-ONLINE,Aksesoris,Mouse Wireless M20,3,0.0,Completed,180000.0,540000.0,311400.0
ORD-100700,2024-11-23,Jakarta,Online,C00323,UMKM,SYS-ONLINE,Laptop,Laptop Axio Pro 15,4,0.05,Completed,13000000.0,49400000.0,47187200.0
ORD-100701,2024-11-23,,Online,C00292,UMKM,SYS-ONLINE,Aksesoris,Power Bank 20000mAh,1,0.15,Completed,320000.0,272000.0,202100.0
ORD-100702,2024-11-23,Jakarta,Offline,C00099,UMKM,SR02,Aksesoris,Keyboard Mekanik K7,5,0.0,Completed,650000.0,3250000.0,2020000.0
ORD-100703,2024-11-23,Jawa Barat,Online,C01649,UMKM,SYS-ONLINE,Aksesori,Power Bank 20000mAh,7,0.05,Cancelled,320000.0,2128000.0,1392300.0
ORD-100704,2024-11-23,Jawa Barat,Online,C01840,UMKM,SYS-ONLINE,Smartphone,Smartphone Lumo X,1,0.05,Completed,5500000.0,5225000.0,4731600.0
ORD-100705,2024-11-23,Kalimantan,Online,C01348,Retail,SYS-ONLINE,Printer & Tinta,Tinta Botol Set CMYK,1,0.1,Completed,280000.0,252000.0,163600.0
ORD-100706,2024-11-23,Jawa Timur,ONLINE,C02085,UMKM,SYS-ONLINE,Peralatan Kantor,Kursi Ergonomis E1,9,0.0,Completed,1900000.0,17100000.0,11777400.0
ORD-100707,2024-11-23,Jawa Timur,Online,C01253,Retail,SYS-ONLINE,Networking,Switch 8 Port S8,4,0.1,Completed,450000.0,1620000.0,
ORD-100708,2024-11-23,Sumatera,online,C01310,Retail,SYS-ONLINE,Printer & Tinta,Printer InkJet P200,2,0.05,Completed,2100000.0,3990000.0,3349800.0
ORD-100709,2024-11-23,Jawa Barat,Offline,K0088,Korporat,SR04,Laptop,Laptop Axio Pro 15,6,0.0,Completed,13000000.0,78000000.0,70182000.0
RET-100597,2024-11-23,Sulawesi,Offline,C02172,UMKM,SR18,Peralatan Kantor,Kursi Ergonomis E1,-11,0.05,Returned,1900000.0,-19855000.0,-14218600.0
ORD-100710,2024-11-24,Sumatera,online,C02287,Retail,SYS-ONLINE,Networking,Switch 8 Port S8,5,0.1,Completed,450000.0,2025000.0,
ORD-100711,2024-11-24,Kalimantan,Offline,C02113,Retail,SR13,Laptop,Laptop Axio Pro 15,1,0.0,Completed,13000000.0,13000000.0,11521700.0
ORD-100712,2024-11-24,Jawa Barat,Online,K0140,Korporat,SYS-ONLINE,Printer & Tinta,Tinta Botol Set CMYK,4,0.1,Completed,280000.0,1008000.0,669600.0
ORD-100713,2024-11-24,Jakarta,Offline,C01275,Retail,SR01,Aksesoris,Mouse Wireless M20,4,0.0,Completed,180000.0,720000.0,416000.0
ORD-100714,2024-11-24,Jakarta,Offline,C01927,UMKM,SR02,Smartphone,Smartphone Lumo X,4,0.0,Completed,5500000.0,22000000.0,19107600.0
ORD-100715,2024-11-24,Sumatera,Offline,C02122,Retail,SR12,Laptop,Laptop Axio Pro 15,1,0.0,Completed,13000000.0,13000000.0,11515500.0
ORD-100716,2024-11-24,Jakarta,Offline,C00765,UMKM,SR01,Aksesoris,Power Bank 20000mAh,5,0.05,Completed,320000.0,1520000.0,993500.0
ORD-100717,2024-11-24,Sumatera,Online,C01960,UMKM,SYS-ONLINE,Printer & Tinta,Printer InkJet P200,4,0.1,Completed,2100000.0,7560000.0,6812400.0
ORD-100718,2024-11-24,Jakarta,Offline,C02187,Retail,SR03,Aksesoris,Headset USB H3,1,0.0,Completed,350000.0,350000.0,210600.0
ORD-100719,2024-11-24,Jakarta,Offline,K0059,Korporat,SR02,Smartphone,Smartphone Lumo A5,9,0.05,Completed,2800000.0,23940000.0,21895200.0
RET-100584,2024-11-24,Jawa Timur,Online,C01394,Retail,SYS-ONLINE,Networking,Switch 8 Port S8,-4,0.05,Returned,450000.0,-1710000.0,-1191200.0
ORD-100720,2024-11-25,Jawa Barat,Offline,C00523,Retail,SR04,Printer & Tinta,Printer InkJet P200,2,0.0,Completed,2100000.0,4200000.0,3440200.0
ORD-100721,2024-11-25,Jakarta,Online,C00926,Retail,SYS-ONLINE,Aksesoris,Mouse Wireless M20,2,0.1,Completed,180000.0,324000.0,207200.0
ORD-100722,2024-11-25,Jakarta,Offline,C01924,Retail,SR02,Peralatan Kantor,Kertas A4 80gsm (rim),2,0.05,Completed,55000.0,104500.0,75000.0
ORD-100723,2024-11-25,Kalimantan,Offline,C01493,Retail,SR15,Peralatan kantor,Kursi Ergonomis E1,1,0.0,Completed,1900000.0,1900000.0,1282800.0
ORD-100724,2024-11-25,Jawa Timur,Online,C01934,Retail,SYS-ONLINE,Laptop,Laptop Axio 14,2,0.15,Completed,8500000.0,14450000.0,14998800.0
ORD-100725,2024-11-25,Kalimantan,Online,K0028,Korporat,SYS-ONLINE,Aksesoris,Mouse Wireless M20,14,0.05,Completed,180000.0,2394000.0,1465800.0
ORD-100726,2024-11-25,Sumatera,Offline,C01631,UMKM,SR11,Peralatan Kantor,Kursi Ergonomis E1,4,0.0,Completed,1900000.0,7600000.0,5186400.0
ORD-100727,2024-11-26,Jakarta,Online,C00843,UMKM,SYS-ONLINE,Aksesoris,Headset USB H3,10,0.0,Completed,350000.0,3500000.0,2088000.0
ORD-100728,2024-11-26,JKT ,Offline,C00230,UMKM,SR01,Printer & Tinta,Printer InkJet P200,1,0.0,Completed,2100000.0,2100000.0,1703800.0
ORD-100729,2024-11-26,,Online,C02129,Retail,SYS-ONLINE,Networking,Switch 8 Port S8,2,0.15,Completed,450000.0,765000.0,598200.0
ORD-100730,2024-11-26,Jawa Barat,Offline,C00381,UMKM,SR06,Peralatan Kantor,Kertas A4 80gsm (rim),10,0.05,Completed,55000.0,522500.0,382000.0
ORD-100731,2024-11-26,Sulawesi,Online,C01777,Retail,SYS-ONLINE,Smartphone,Smartphone Lumo X,1,0.1,Completed,5500000.0,4950000.0,4761100.0
ORD-100732,2024-11-26,Jakarta,Offline,C00697,Retail,SR03,Smartphone,Smartphone Lumo A5,1,0.05,Completed,2800000.0,2660000.0,2413600.0
ORD-100733,2024-11-26,SULAWESI,Offline,C01059,Retail,SR18,Smartphone,Smartphone Lumo X,2,0.1,Completed,5500000.0,9900000.0,9614600.0
ORD-100734,2024-11-26,Jakarta,Offline,C00386,Retail,SR02,Printer & Tinta,Tinta Botol Set CMYK,1,0.05,Completed,280000.0,266000.0,165600.0
RET-100702,2024-11-26,Jakarta,Offline,C00099,UMKM,SR02,Aksesoris,Keyboard Mekanik K7,-5,0.0,Returned,650000.0,-3250000.0,-2020000.0
ORD-100735,2024-11-27,Jawa Timur,Online,C01868,Retail,SYS-ONLINE,Networking,Switch 8 Port S8,5,0.1,Completed,450000.0,2025000.0,1500500.0
ORD-100736,2024-11-27,,ONLINE,K0018,Korporat,SYS-ONLINE,Networking,Router WiFi 6 R600,28,0.05,Completed,1200000.0,31920000.0,23780400.0
ORD-100737,2024-11-27,Jakarta,Online,K0101,Korporat,SYS-ONLINE,Laptop,Laptop Veno 13,6,0.05,Completed,6200000.0,35340000.0,33434400.0
ORD-100738,2024-11-27,Kalimantan,Online,C00114,UMKM,SYS-ONLINE,Printer & Tinta,Tinta Botol Set CMYK,3,0.05,Completed,280000.0,798000.0,501300.0
ORD-100739,2024-11-27,Jakarta,Offline,C01349,Retail,SR01,Laptop,Laptop Axio Pro 15,1,0.1,Completed,13000000.0,11700000.0,11706700.0
ORD-100740,2024-11-27,DKI Jakarta,Offline,C00090,UMKM,SR01,smartphone,Smartphone Lumo A5,3,0.0,Completed,2800000.0,8400000.0,7344300.0
ORD-100741,2024-11-27,Jawa Barat,Online,C00542,UMKM,SYS-ONLINE,Printer & Tinta,Printer InkJet P200,3,0.05,Completed,2100000.0,5985000.0,5139900.0
ORD-100742,2024-11-27,Jawa Timur,Offline,C00046,Retail,SR08,laptop,Laptop Veno 13,2,0.0,Completed,6200000.0,12400000.0,10954200.0
ORD-100743,2024-11-27,Jawa Timur,Offline,C01774,Retail,SR07,Peralatan Kantor,Kursi Ergonomis E1,5,0.0,Completed,1900000.0,9500000.0,6440500.0
ORD-100744,2024-11-27,Sumatera,Offline,K0126,Korporat,SR10,Aksesoris,Keyboard Mekanik K7,47,0.1,Completed,650000.0,27495000.0,18583800.0
ORD-100745,2024-11-28,Sulawesi,Online,C02037,Retail,SYS-ONLINE,Networking,Switch 8 Port S8,5,0.05,Completed,450000.0,2137500.0,
ORD-100746,2024-11-28,Sumatera,Online,C01235,Retail,SYS-ONLINE,Laptop,Laptop Axio Pro 15,2,0.0,Completed,13000000.0,26000000.0,23388000.0
ORD-100747,2024-11-29,Kalimantan,ONLINE,K0042,Korporat,SYS-ONLINE,Laptop,Laptop Veno 13,4,0.0,Completed,6200000.0,24800000.0,22373200.0
ORD-100748,2024-11-29,Kalimantan,Offline,C00293,Retail,SR14,Peralatan Kantor,Kursi Ergonomis E1,4,0.1,Completed,1900000.0,6840000.0,5131600.0
ORD-100749,2024-11-29,Sumatera,Offline,C01205,Retail,SR12,Printer&Tinta,Printer InkJet P200,2,0.0,Completed,2100000.0,4200000.0,3361000.0
ORD-100750,2024-11-29,Jawa Barat,Online,C00350,UMKM,SYS-ONLINE,Peralatan Kantor,Kursi Ergonomis E1,7,0.1,Completed,1900000.0,11970000.0,9221800.0
ORD-100751,2024-11-29,JKT ,Online,C00420,UMKM,SYS-ONLINE,Networking,Router WiFi 6 R600,10,0.05,Cancelled,1200000.0,11400000.0,
ORD-100752,2024-11-29,Jawa Timur,Offline,C00411,Retail,SR07,Printer & Tinta,Tinta Botol Set CMYK,2,0.0,Completed,280000.0,560000.0,331000.0
RET-100651,2024-11-29,Jakarta,Offline,C00684,Retail,SR03,Printer & Tinta,Tinta Botol Set CMYK,-1,0.1,Returned,280000.0,-252000.0,-163300.0
ORD-100753,2024-11-30,Kalimantan,Offline,C02105,UMKM,SR13,Smartphone,Smartphone Lumo X,1,0.0,Completed,5500000.0,5500000.0,4849600.0
ORD-100754,2024-11-30,Jawa Timur,Offline,K0055,Korporat,SR08,LAPTOP,Laptop Axio Pro 15,4,0.0,Completed,13000000.0,52000000.0,46508000.0
ORD-100755,2024-11-30,Jawa Barat,Offline,C02194,UMKM,SR04,Networking,Router WiFi 6 R600,7,0.05,Completed,1200000.0,7980000.0,
ORD-100756,2024-11-30,kalimantan,Offline,K0095,Korporat,SR13,Smartphone,Smartphone Lumo X,7,0.0,Completed,5500000.0,38500000.0,33551000.0
ORD-100757,2024-11-30,Jawa Timur,Offline,C00165,Retail,SR07,Peralatan Kantor,Kursi Ergonomis E1,1,0.0,Completed,1900000.0,1900000.0,1305300.0
ORD-100758,2024-11-30,Jawa Timur,Offline,K0133,Korporat,SR08,Aksesoris,Keyboard Mekanik K7,246,0.1,Completed,650000.0,143910000.0,99507000.0
ORD-100759,2024-11-30,Jakarta,Online,C00974,Retail,SYS-ONLINE,Smartphone,Smartphone Lumo A5,1,0.1,Completed,2800000.0,2520000.0,2446700.0
ORD-100760,2024-11-30,Sumatera,Offline,C00671,Retail,SR12,Peralatan Kantor,Kursi Ergonomis E1,2,0.1,Completed,1900000.0,3420000.0,2565000.0
ORD-100088,2024-09-12,Sumatera,Offline,C02015,Retail,SR11,Peralatan Kantor,Kursi Ergonomis E1,1,5.0,Completed,1900000.0,1805000.0,1285900.0
ORD-100089,2024-09-12,Jakarta,Offline,C02141,Retail,SR03,Laptop,Laptop Veno 13,2,0.05,Completed,6200000.0,11780000.0,11242200.0
ORD-100090,2024-09-12,Jawa Timur,Offline,C01926,Retail,SR08,Printer & Tinta,Printer InkJet P200,1,0.0,Completed,2100000.0,2100000.0,1717000.0
ORD-100091,2024-09-12,Jakarta,Offline,C00845,Retail,SR01,Laptop,Laptop Veno 13,2,0.0,Completed,6200000.0,12400000.0,10964000.0
ORD-100092,2024-09-12,Jawa Barat,Online,C00365,UMKM,SYS-ONLINE,Laptop,Laptop Veno 13,1,0.05,Completed,6200000.0,5890000.0,5609100.0
ORD-100093,2024-09-12,Jawa Timur,Online,C01081,Retail,SYS-ONLINE,Aksesoris,Mouse Wireless M20,5,0.0,Completed,180000.0,900000.0,526500.0
ORD-100094,2024-09-12,Sulawesi,Offline,K0166,Korporat,SR16,aksesoris ,Power Bank 20000mAh,4,0.0,Completed,320000.0,1280000.0,796400.0
ORD-100320,2024-10-12,Jawa Timur,Offline,C01153,Retail,SR09,Printer & Tinta,Printer InkJet P200,2,0.05,Completed,2100000.0,3990000.0,3358200.0
ORD-100321,2024-10-12,Sulawesi,Offline,C01590,Retail,SR17,Peralatan Kantor,Kursi Ergonomis E1,3,0.0,Completed,1900000.0,5700000.0,3859200.0
ORD-100322,2024-10-12,Kalimantan,Offline,C02122,Retail,SR15,Aksesoris,Keyboard Mekanik K7,5,5.0,Completed,650000.0,3087500.0,1995500.0
ORD-100323,2024-10-12,Sumatra,Offline,C00711,Retail,SR12,Printer&Tinta,Tinta Botol Set CMYK,1,0.0,Completed,280000.0,280000.0,163500.0
ORD-100324,2024-10-12,Jawa Barat,Online,C01075,UMKM,SYS-ONLINE,Aksesoris,Power Bank 20000mAh,1,0.1,Completed,320000.0,288000.0,199700.0
ORD-100325,2024-10-12,Jakarta,Offline,C00727,UMKM,SR03,Networking,Switch 8 Port S8,9,0.05,Completed,450000.0,3847500.0,
ORD-100326,2024-10-12,Sumatera,Offline,C01266,Retail,SR10,Aksesoris,Headset USB H3,5,0.05,Completed,350000.0,1662500.0,1056000.0
ORD-100327,2024-10-12,Jawa Timur,Offline,C00129,Retail,SR07,Peralatan Kantor,Kursi Ergonomis E1,4,5.0,Completed,1900000.0,7220000.0,5148400.0
ORD-100328,2024-10-12,Kalimantan,Offline,C02315,Retail,SR13,Networking,Router WiFi 6 R600,2,0.1,Completed,1200000.0,2160000.0,1713000.0
ORD-100329,2024-10-12,Jakarta,Offline,C00546,Retail,SR02,Laptop,Laptop Axio 14,2,0.0,Completed,8500000.0,17000000.0,15004200.0
ORD-100330,2024-10-12,Jawa Barat,Online,K0044,Korporat,SYS-ONLINE,Laptop,Laptop Axio Pro 15,9,0.0,Completed,13000000.0,117000000.0,105095700.0
ORD-100589,2024-11-12,Jakarta,Offline,C01028,UMKM,SR02,Laptop,Laptop Axio Pro 15,2,0.0,Completed,13000000.0,26000000.0,23645400.0
ORD-100590,2024-11-12,Jakarta,Offline,C00864,Retail,SR02,HP,Smartphone Lumo A5,2,0.1,Completed,2800000.0,5040000.0,4856400.0
ORD-100591,2024-11-12,Sulawesi,ONLINE,C00137,UMKM,SYS-ONLINE,Aksesoris,Headset USB H3,10,0.1,Completed,350000.0,3150000.0,2101000.0
ORD-100592,2024-11-12,Jakarta,Offline,K0120,Korporat,SR02,Aksesoris,Keyboard Mekanik K7,10,0.0,Completed,650000.0,6500000.0,4029000.0
ORD-100593,2024-11-12,Jawa Barat,Online,C00242,UMKM,SYS-ONLINE,Laptop,Laptop Veno 13,3,0.05,Completed,6200000.0,17670000.0,16809600.0
ORD-100594,2024-11-12,Sulawesi,Online,C01676,Retail,SYS-ONLINE,laptop,Laptop Axio Pro 15,2,0.0,Completed,13000000.0,26000000.0,23246800.0
ORD-100595,2024-11-12,Jawa Barat,Offline,C01498,UMKM,SR05,Networking,Router WiFi 6 R600,14,0.1,Completed,1200000.0,15120000.0,
ORD-100596,2024-11-12,Jawa Barat,Offline,C02027,Retail,SR04,Printer&Tinta,Tinta Botol Set CMYK,2,0.05,Completed,280000.0,532000.0,327200.0
ORD-100597,2024-11-12,Sulawesi,Offline,C02172,UMKM,SR18,Peralatan Kantor,Kursi Ergonomis E1,11,0.05,Completed,1900000.0,19855000.0,14218600.0
RET-100470,2024-11-12,Jakarta,Offline,C01802,Retail,SR01,Aksesoris,Headset USB H3,-5,0.0,Returned,350000.0,-1750000.0,-1041500.0
RET-100555,2024-11-12,Jawa Timur,Offline,C00900,UMKM,SR09,Networking,Switch 8 Port S8,-11,0.1,Returned,450000.0,-4455000.0,-3349500.0
ORD-100885,2024-12-12,Sumatera,Offline,C01745,Retail,SR10,Aksesoris,Power Bank 20000mAh,1,0.0,Completed,320000.0,320000.0,197400.0
ORD-100886,2024-12-12,Jawa Timur,Offline,K0052,Korporat,SR09,Smartphone,Smartphone Lumo A5,10,0.05,Completed,2800000.0,26600000.0,24134000.0
ORD-100887,2024-12-12,Jawa Timur,Online,C01159,UMKM,SYS-ONLINE,Aksesoris,Headset USB H3,9,0.05,Completed,350000.0,2992500.0,1873800.0
ORD-100888,2024-12-12,Jakarta,Offline,C01966,Retail,SR01,Smartphone,Smartphone Lumo X,1,0.0,Completed,5500000.0,5500000.0,4760100.0
ORD-100889,2024-12-12,Jawa Timur,Online,C00976,Retail,SYS-ONLINE,Networking,Switch 8 Port S8,2,0.05,Completed,450000.0,855000.0,607000.0
ORD-100890,2024-12-12,Jawa Barat,Offline,C00420,Retail,SR04,Networking,Router WiFi 6 R600,2,0.05,Completed,1200000.0,2280000.0,
ORD-100891,2024-12-12,,Online,K0171,Korporat,SYS-ONLINE,Printer & Tinta,Printer InkJet P200,2,0.15,Completed,2100000.0,3570000.0,3436000.0
ORD-100892,2024-12-12,Kalimantan,Offline,C00380,Retail,SR14,Laptop,Laptop Veno 13,1,0.0,Completed,6200000.0,6200000.0,5599300.0
ORD-100893,2024-12-12,Kalimantan,Offline,C00751,Retail,SR13,Aksesoris,Keyboard Mekanik K7,3,0.0,Completed,650000.0,1950000.0,1198800.0
ORD-100894,2024-12-12,Sumatera,Online,K0065,Korporat,SYS-ONLINE,Smartphone,Smartphone Lumo A5,3,0.05,Completed,2800000.0,7980000.0,7269900.0
RET-100786,2024-12-12,Jawa Barat,Offline,C00084,Retail,SR05,Peralatan Kantor,Kursi Ergonomis E1,-5,0.05,Returned,1900000.0,-9025000.0,-6487500.0
ORD-100895,2024-12-13,Jakarta,Offline,K0066,Korporat,SR03,Laptop,Laptop Axio Pro 15,3,0.05,Completed,13000000.0,37050000.0,34944300.0
ORD-100896,2024-12-13,Sumatera,Offline,C01927,Retail,SR11,Aksesoris,Mouse Wireless M20,3,0.0,Completed,180000.0,540000.0,316200.0
ORD-100897,2024-12-13,Jakarta,Offline,C01274,Retail,SR03,Networking,Switch 8 Port S8,3,0.0,Cancelled,450000.0,1350000.0,
ORD-100898,2024-12-13,Sumatera,Online,C01014,UMKM,SYS-ONLINE,Smartphone,Smartphone Lumo X,4,0.0,Completed,5500000.0,22000000.0,18999600.0
ORD-100899,2024-12-13,Sulawesi,Offline,K0123,Korporat,SR18,Aksesoris,Keyboard Mekanik K7,242,0.12,Completed,650000.0,138424000.0,95904600.0
ORD-100900,2024-12-13,DKI Jakarta,Offline,C00965,Retail,SR01,Aksesoris,Mouse Wireless M20,1,0.0,Completed,180000.0,180000.0,105200.0
ORD-100901,2024-12-13,Jawa Barat,Offline,C02129,UMKM,SR06,Printer & Tinta,Tinta Botol Set CMYK,1,0.05,Completed,280000.0,266000.0,165000.0
ORD-100902,2024-12-13,Sulawesi,Offline,C02089,Retail,SR18,Peralatan Kantor,Kertas A4 80gsm (rim),3,0.0,Completed,55000.0,165000.0,113400.0
ORD-100903,2024-12-13,Sumatera,Offline,C00716,Retail,SR11,Aksesoris,Mouse Wireless M20,3,5.0,Completed,180000.0,513000.0,316800.0
ORD-100904,2024-12-13,Jawa Barat,Offline,C01705,UMKM,SR06,Smartphone,Smartphone Lumo A5,4,0.0,Completed,2800000.0,11200000.0,9827600.0
ORD-100905,2024-12-13,Jawa Barat,Online,C00123,Retail,SYS-ONLINE,Aksesoris,Keyboard Mekanik K7,1,0.1,Completed,650000.0,585000.0,395300.0
ORD-100906,2024-12-13,Jawa Timur,Offline,C00711,Retail,SR08,Smartphone,Smartphone Lumo X,2,0.0,Completed,5500000.0,11000000.0,9677400.0
ORD-100907,2024-12-13,Jawa Barat,Offline,C02181,UMKM,SR05,Smartphone,Smartphone Lumo X,5,0.1,Completed,5500000.0,24750000.0,24271000.0
ORD-100908,2024-12-13,Jawa Timur,Offline,C00906,UMKM,SR09,Networking,Switch 8 Port S8,10,0.0,Completed,450000.0,4500000.0,3025000.0
ORD-100909,2024-12-13,Sumatera,Offline,C01381,Retail,SR12,Aksesoris,Mouse Wireless M20,1,0.0,Completed,180000.0,180000.0,105300.0
ORD-100910,2024-12-14,Jakarta,Offline,C02019,Retail,SR03,Aksesoris,Mouse Wireless M20,4,0.0,Completed,180000.0,720000.0,422000.0
ORD-100911,2024-12-14,Jawa Timur,Offline,C01862,UMKM,SR07,Aksesoris,Headset USB H3,11,0.0,Completed,350000.0,3850000.0,2305600.0
ORD-100912,2024-12-14,Sumatera,Offline,C02066,Retail,SR12,Laptop,Laptop Axio Pro 15,1,0.0,Completed,13000000.0,13000000.0,11624200.0
ORD-100913,2024-12-14,Jakarta,Offline,C00128,UMKM,SR03,Laptop,Laptop Axio Pro 15,3,0.05,Completed,13000000.0,37050000.0,34667100.0
ORD-100914,2024-12-14,Kalimantan,Online,C02355,Retail,SYS-ONLINE,Laptop,Laptop Veno 13,2,0.05,Completed,6200000.0,11780000.0,11197400.0
ORD-100915,2024-12-14,Sumatra,Offline,C02250,Retail,SR12,Peralatan Kantor,Kursi Ergonomis E1,5,0.0,Completed,1900000.0,9500000.0,
ORD-100916,2024-12-14,Sumatera,Online,C00762,Retail,SYS-ONLINE,Peralatan Kantor,Kertas A4 80gsm (rim),5,0.05,Completed,55000.0,261250.0,191000.0
ORD-100917,2024-12-14,Jawa Timur,Offline,K0173,Korporat,SR09,Laptop,Laptop Axio 14,2,0.0,Completed,8500000.0,17000000.0,15259800.0
ORD-100918,2024-12-14,Jawa Barat,Offline,C00171,Retail,SR04,Aksesoris,Keyboard Mekanik K7,1,0.05,Completed,650000.0,617500.0,394200.0
ORD-100919,2024-12-14,Sumatera,Offline,C01011,Retail,SR10,Smartphone,Smartphone Lumo X,1,0.0,Completed,5500000.0,5500000.0,4853600.0
ORD-100920,2024-12-14,jakarta,Offline,C01266,Retail,SR01,Networking,Switch 8 Port S8,4,0.0,Completed,450000.0,1800000.0,
ORD-100921,2024-12-14,Sulawesi,Offline,C01903,Retail,SR17,Peralatan Kantor,Kertas A4 80gsm (rim),1,0.05,Completed,55000.0,52250.0,37900.0
ORD-100922,2024-12-15,Jakarta,Online,C01778,UMKM,SYS-ONLINE,Aksesoris,Keyboard Mekanik K7,13,0.15,Completed,650000.0,7182500.0,5138900.0
ORD-100923,2024-12-15,Sumatera,Offline,K0173,Korporat,SR11,Networking,Switch 8 Port S8,12,0.0,Completed,450000.0,5400000.0,3607200.0
ORD-100924,2024-12-15,Sulawesi,Offline,K0059,Korporat,SR18,Laptop,Laptop Axio Pro 15,6,0.0,Completed,13000000.0,78000000.0,69510600.0
ORD-100925,2024-12-15,Jawa Barat,Online,C01848,UMKM,SYS-ONLINE,Laptop,Laptop Veno 13,3,0.0,Completed,6200000.0,18600000.0,16702800.0
ORD-100926,2024-12-15,Jawa Barat,Offline,C01000,UMKM,SR05,Peralatan Kantor,Kursi Ergonomis E1,4,0.05,Completed,1900000.0,7220000.0,5207600.0
ORD-100927,2024-12-15,Jawa Timur,Online,C00718,Retail,SYS-ONLINE,Peralatan Kantor,Kursi Ergonomis E1,2,0.0,Completed,1900000.0,3800000.0,2602800.0
ORD-100928,2024-12-15,Jawa Barat,Online,C00691,Retail,SYS-ONLINE,Aksesoris,Keyboard Mekanik K7,1,0.05,Completed,650000.0,617500.0,395800.0
ORD-100929,2024-12-16,Jawa Barat,Offline,C00608,UMKM,SR05,Aksesoris,Keyboard Mekanik K7,5,0.0,Completed,650000.0,3250000.0,2027500.0
ORD-100930,2024-12-16,Jakarta,Offline,C00420,UMKM,SR02,Smartphone,Smartphone Lumo A5,4,0.0,Completed,2800000.0,11200000.0,9596000.0
ORD-100931,2024-12-16,Jakarta,Online,C00871,Retail,SYS-ONLINE,Aksesoris,Keyboard Mekanik K7,4,0.1,Completed,650000.0,2340000.0,1619600.0
ORD-100931,2024-12-16,Jakarta,Online,C00871,Retail,SYS-ONLINE,Aksesoris,Keyboard Mekanik K7,4,0.1,Completed,650000.0,2340000.0,1619600.0
ORD-100932,2024-12-16,Jakarta,Offline,C01268,Retail,SR02,Peralatan kantor,Kertas A4 80gsm (rim),5,0.0,Completed,55000.0,275000.0,189500.0
ORD-100933,2024-12-16,Jawa Barat,Offline,C00780,UMKM,SR05,Printer & Tinta,Tinta Botol Set CMYK,3,0.0,Completed,280000.0,840000.0,501300.0
ORD-100934,2024-12-16,jawa timur,Offline,C00849,UMKM,SR07,Aksesori,Mouse Wireless M20,1,0.0,Completed,180000.0,180000.0,104100.0
ORD-100935,2024-12-16,Jakarta,Offline,C00673,Retail,SR03,Aksesoris,Keyboard Mekanik K7,5,0.05,Completed,650000.0,3087500.0,2015000.0
ORD-100936,2024-12-16,kalimantan,Offline,C01076,Retail,SR13,Laptop,Laptop Veno 13,1,0.0,Completed,6200000.0,6200000.0,5620200.0
RET-100817,2024-12-16,Sumatera,Offline,C00612,Retail,SR10,Aksesoris,Headset USB H3,-5,0.0,Returned,350000.0,-1750000.0,-1043000.0
ORD-100937,2024-12-17,Kalimantan,Online,C00458,Retail,SYS-ONLINE,Printer&Tinta,Tinta Botol Set CMYK,1,0.0,Completed,280000.0,280000.0,167300.0
ORD-100938,2024-12-17,Jawa Barat,Online,C01024,Retail,SYS-ONLINE,Smartphone,Smartphone Lumo X,2,0.0,Completed,5500000.0,11000000.0,9641400.0
ORD-100939,2024-12-17,Kalimantan,Offline,C00651,UMKM,SR13,Aksesoris,Power Bank 20000mAh,7,0.1,Completed,320000.0,2016000.0,1402100.0
ORD-100940,2024-12-17,Jawa Timur,Offline,C01787,UMKM,SR08,Peralatan Kantor,Kertas A4 80gsm (rim),13,0.05,Completed,55000.0,679250.0,488800.0
ORD-100941,2024-12-17,Jakarta,Offline,C00277,UMKM,SR01,Peralatan Kantor,Kertas A4 80gsm (rim),3,0.1,Completed,55000.0,148500.0,112500.0
ORD-100942,2024-12-17,Jawa Timur,Online,K0004,Korporat,SYS-ONLINE,Printer & Tinta,Tinta Botol Set CMYK,6,0.05,Completed,280000.0,1596000.0,996000.0
ORD-100943,2024-12-17,Sulawesi,Offline,C00236,UMKM,SR18,Laptop,Laptop Axio 14,5,0.1,Completed,8500000.0,38250000.0,37636000.0
ORD-100944,2024-12-17,Jawa Barat,Online,C00668,Retail,SYS-ONLINE,Aksesoris,Mouse Wireless M20,4,0.0,Completed,180000.0,720000.0,424800.0
ORD-100945,2024-12-17,Jawa Timur,Online,C01568,UMKM,SYS-ONLINE,Smartphone,Smartphone Lumo X,4,0.05,Completed,5500000.0,20900000.0,19157600.0
ORD-100946,2024-12-17,,Online,C00945,UMKM,SYS-ONLINE,smartphone,Smartphone Lumo A5,2,0.1,Completed,2800000.0,5040000.0,4826000.0
ORD-100947,2024-12-17,Jakarta,Offline,C01320,Retail,SR03,Printer & Tinta,Tinta Botol Set CMYK,2,0.0,Completed,280000.0,560000.0,330400.0
ORD-100948,2024-12-17,Jawa Barat,Offline,C00909,Retail,SR06,Aksesoris,Keyboard Mekanik K7,5,0.0,Completed,650000.0,3250000.0,2024500.0
ORD-100949,2024-12-17,Jawa Barat,Offline,C01253,Retail,SR05,Aksesoris,Power Bank 20000mAh,1,0.05,Completed,320000.0,304000.0,202700.0
ORD-100950,2024-12-17,Jakarta,Online,C00038,Retail,SYS-ONLINE,Laptop,Laptop Axio 14,2,0.05,Completed,8500000.0,16150000.0,15196200.0
RET-100800,2024-12-17,Jawa Barat,Offline,C01196,Retail,SR05,Peralatan Kantor,Kursi Ergonomis E1,-4,0.0,Returned,1900000.0,-7600000.0,-5176400.0
RET-100883,2024-12-17,Sumatera,Offline,C01553,UMKM,SR12,Aksesoris,Mouse Wireless M20,-3,0.1,Returned,180000.0,-486000.0,-315000.0
ORD-100951,2024-12-18,Jakarta,Offline,C01598,UMKM,SR03,Aksesoris,Headset USB H3,7,0.0,Completed,350000.0,2450000.0,1477700.0
ORD-100952,2024-12-18,Jawa Timur,Offline,C02046,UMKM,SR07,Laptop,Laptop Veno 13,1,10.0,Completed,6200000.0,5580000.0,5540900.0
ORD-100953,2024-12-18,Jawa Timur,Offline,C00551,Retail,SR09,Laptop,Laptop Axio 14,1,0.05,Completed,8500000.0,8075000.0,7557100.0
ORD-100954,2024-12-18,Jakarta,Online,C02327,UMKM,SYS-ONLINE,Printer & Tinta,Printer InkJet P200,2,0.0,Completed,2100000.0,4200000.0,3442000.0
ORD-100955,2024-12-18,Jakarta,Online,C00723,UMKM,SYS-ONLINE,Peralatan Kantor,Kursi Ergonomis E1,6,0.1,Completed,1900000.0,10260000.0,7863600.0
ORD-100955,2024-12-18,Jakarta,Online,C00723,UMKM,SYS-ONLINE,Peralatan Kantor,Kursi Ergonomis E1,6,0.1,Completed,1900000.0,10260000.0,7863600.0
ORD-100956,2024-12-18,Jawa Timur,Offline,C01937,Retail,SR07,Networking,Router WiFi 6 R600,3,0.0,Completed,1200000.0,3600000.0,2562300.0
ORD-100957,2024-12-18,,Online,K0128,Korporat,SYS-ONLINE,Peralatan Kantor,Kursi Ergonomis E1,49,0.15,Completed,1900000.0,79135000.0,64400700.0
ORD-100958,2024-12-19,kalimantan,Offline,C02379,Retail,SR14,Smartphone,Smartphone Lumo X,2,0.0,Completed,5500000.0,11000000.0,9653200.0
ORD-100959,2024-12-19,Jawa Barat,Offline,C01384,Retail,SR04,Aksesoris,Power Bank 20000mAh,5,0.0,Completed,320000.0,1600000.0,988500.0
ORD-100960,2024-12-19,Jakarta,Online,K0137,Korporat,SYS-ONLINE,Laptop,Laptop Axio 14,5,0.05,Completed,8500000.0,40375000.0,38533500.0
ORD-100961,2024-12-19,Jawa Barat,Offline,C00534,Retail,SR05,Laptop,Laptop Veno 13,1,0.0,Completed,6200000.0,6200000.0,5610300.0
ORD-100962,2024-12-19,Jakarta,Offline,C00422,Retail,SR01,Laptop,Laptop Veno 13,2,0.05,Completed,6200000.0,11780000.0,11042200.0
ORD-100963,2024-12-19,Jawa Barat,Offline,C01530,Retail,SR04,Aksesoris,Power Bank 20000mAh,5,0.0,Completed,320000.0,1600000.0,1004000.0
ORD-100964,2024-12-19,Kalimantan,Offline,K0129,Korporat,SR14,Printer & Tinta,Printer InkJet P200,7,0.0,Completed,2100000.0,14700000.0,11802700.0
ORD-100965,2024-12-19,Jawa Timur,Offline,C02272,UMKM,SR07,Peralatan Kantor,Kertas A4 80gsm (rim),12,0.0,Completed,55000.0,660000.0,459600.0
ORD-100966,2024-12-19,Sulawesi,Offline,C01690,UMKM,SR16,Peralatan Kantor,Kertas A4 80gsm (rim),7,0.0,Completed,55000.0,385000.0,270200.0
ORD-100967,2024-12-19,Jakarta,Online,C01186,UMKM,SYS-ONLINE,Laptop,Laptop Veno 13,2,0.0,Completed,6200000.0,12400000.0,11150200.0
ORD-100968,2024-12-19,Sulawesi,Offline,C00003,Retail,SR17,Smartphone,Smartphone Lumo A5,2,0.0,Completed,2800000.0,5600000.0,4847400.0
ORD-100969,2024-12-20,Jawa Barat,Offline,C01109,UMKM,SR06,Laptop,Laptop Axio Pro 15,2,0.0,Completed,13000000.0,26000000.0,23554000.0
ORD-100970,2024-12-20,Jakarta,Online,C01023,UMKM,SYS-ONLINE,Networking,Router WiFi 6 R600,13,0.15,Completed,1200000.0,13260000.0,11066900.0
ORD-100971,2024-12-20,Jawa Barat,Online,C02291,Retail,SYS-ONLINE,Smartphone,Smartphone Lumo X,1,0.05,Completed,5500000.0,5225000.0,4846300.0
ORD-100972,2024-12-20,Jakarta,Online,C02317,UMKM,SYS-ONLINE,aksesoris ,Keyboard Mekanik K7,7,0.0,Completed,650000.0,4550000.0,2821000.0
ORD-100973,2024-12-20,Jakarta,Offline,C00124,Retail,SR03,Printer&Tinta,Tinta Botol Set CMYK,2,0.0,Completed,280000.0,560000.0,331800.0
ORD-100974,2024-12-20,Jawa Timur,Offline,C01772,Retail,SR08,Peralatan Kantor,Kursi Ergonomis E1,2,0.0,Completed,1900000.0,3800000.0,2635800.0
ORD-100975,2024-12-20,Sumatera,Offline,C00408,Retail,SR12,Printer & Tinta,Printer InkJet P200,2,0.0,Completed,2100000.0,4200000.0,3380400.0
ORD-100976,2024-12-20,Sumatera,Offline,C00596,Retail,SR11,Smartphone,Smartphone Lumo X,1,5.0,Completed,5500000.0,5225000.0,4787200.0
ORD-100977,2024-12-20,Jawa Barat,Online,C00481,UMKM,SYS-ONLINE,Aksesoris,Power Bank 20000mAh,9,0.15,Completed,320000.0,2448000.0,1792800.0
ORD-100978,2024-12-20,Jakarta,Online,C00030,UMKM,SYS-ONLINE,Laptop,Laptop Veno 13,2,0.05,Completed,6200000.0,11780000.0,11186000.0
ORD-100979,2024-12-20,Jawa Barat,Offline,C00303,Retail,SR04,Printer & Tinta,Tinta Botol Set CMYK,2,0.05,Completed,280000.0,532000.0,326200.0
ORD-100980,2024-12-21,Kalimantan,Offline,C01294,Retail,SR15,Laptop,Laptop Axio 14,2,0.0,Completed,8500000.0,17000000.0,15375800.0
ORD-100981,2024-12-21,Jakarta,Offline,C01230,UMKM,SR02,Peralatan Kantor,Kertas A4 80gsm (rim),7,0.05,Completed,55000.0,365750.0,269500.0
ORD-100982,2024-12-21,Sumatera,Online,C02253,Retail,SYS-ONLINE,Printer & Tinta,Printer InkJet P200,2,0.1,Completed,2100000.0,3780000.0,3442600.0
ORD-100983,2024-12-21,Sulawesi,Offline,C01993,Retail,SR18,Smartphone,Smartphone Lumo X,1,0.0,Completed,5500000.0,5500000.0,4758300.0
ORD-100984,2024-12-21,Kalimantan,Online,C00944,UMKM,SYS-ONLINE,Printer & Tinta,Printer InkJet P200,1,0.05,Completed,2100000.0,1995000.0,1702000.0
ORD-100985,2024-12-21,Sulawesi,Offline,C02163,UMKM,SR17,Aksesoris,Mouse Wireless M20,10,0.0,Completed,180000.0,1800000.0,1041000.0
ORD-100986,2024-12-21,Jawa Timur,Offline,C02184,Retail,SR09,Aksesori,Keyboard Mekanik K7,2,0.0,Completed,650000.0,1300000.0,810000.0
ORD-100987,2024-12-21,Jawa Timur,Offline,C01104,Retail,SR09,Peralatan Kantor,Kertas A4 80gsm (rim),1,0.0,Completed,55000.0,55000.0,38500.0
ORD-100988,2024-12-21,Sumatera,Offline,C00545,Retail,SR11,Printer & Tinta,Tinta Botol Set CMYK,1,0.0,Completed,280000.0,280000.0,166200.0
ORD-100989,2024-12-21,Sumatera,Offline,C00863,Retail,SR11,Aksesoris,Keyboard Mekanik K7,3,5.0,Completed,650000.0,1852500.0,1185000.0
ORD-100990,2024-12-21,Kalimantan,Online,C00890,UMKM,SYS-ONLINE,Aksesoris,Mouse Wireless M20,4,0.05,Completed,180000.0,684000.0,414800.0
ORD-100991,2024-12-21,Jawa Timur,Online,C00950,Retail,SYS-ONLINE,Laptop,Laptop Axio Pro 15,1,0.0,Completed,13000000.0,13000000.0,11787200.0
ORD-106966,2024-12-21,SULAWESI,Offline,C01993,Retail,SR18,Smartphone,Smartphone Lumo X,1,0.0,Completed,5500000.0,5500000.0,4781100.0
RET-100940,2024-12-21,Jawa Timur,Offline,C01787,UMKM,SR08,ATK,Kertas A4 80gsm (rim),-13,0.05,Returned,55000.0,-679250.0,-488800.0
ORD-100992,2024-12-22,Jakarta,Offline,C00571,UMKM,SR01,Aksesoris,Keyboard Mekanik K7,3,0.05,Completed,650000.0,1852500.0,1217100.0
ORD-100993,2024-12-22,Jawa Timur,Online,K0032,Korporat,SYS-ONLINE,Laptop,Laptop Axio 14,8,0.1,Completed,8500000.0,61200000.0,59890400.0
ORD-100994,2024-12-22,Jakarta,Offline,C00056,Retail,SR01,Aksesoris,Keyboard Mekanik K7,1,0.05,Completed,650000.0,617500.0,397800.0
ORD-100995,2024-12-22,Sulawesi,Offline,K0032,Korporat,SR18,Printer & Tinta,Printer InkJet P200,4,0.0,Completed,2100000.0,8400000.0,6712400.0
ORD-100996,2024-12-22,Sumatera,Online,C00233,UMKM,SYS-ONLINE,Printer & Tinta,Tinta Botol Set CMYK,3,0.05,Completed,280000.0,798000.0,496500.0
ORD-100997,2024-12-22,Jakarta,Offline,C01945,Retail,SR02,Printer & Tinta,Printer InkJet P200,2,0.0,Completed,2100000.0,4200000.0,3415400.0
ORD-100998,2024-12-22,Kalimantan,Offline,C01001,Retail,SR15,Aksesoris,Power Bank 20000mAh,1,10.0,Cancelled,320000.0,288000.0,198000.0
ORD-100999,2024-12-22,Jawa Barat,Online,C02382,Retail,SYS-ONLINE,Aksesoris,Mouse Wireless M20,1,0.05,Completed,180000.0,171000.0,103600.0
ORD-101000,2024-12-22,Sulawesi,Offline,C00390,UMKM,SR18,Laptop,Laptop Veno 13,1,0.0,Completed,6200000.0,6200000.0,5519600.0
ORD-101001,2024-12-22,Jakarta,Online,C01363,Retail,SYS-ONLINE,Aksesoris,Headset USB H3,5,0.05,Cancelled,350000.0,1662500.0,1053000.0
ORD-101002,2024-12-23,Sumatra,Offline,C02243,Retail,SR10,Laptop,Laptop Axio Pro 15,1,0.0,Completed,13000000.0,13000000.0,11495700.0
ORD-101003,2024-12-23,Jawa Barat,Offline,C02072,UMKM,SR05,Printer & Tinta,Tinta Botol Set CMYK,2,0.0,Completed,280000.0,560000.0,326600.0
ORD-101004,2024-12-23,Sumatera,Offline,C01994,Retail,SR12,Aksesoris,Keyboard Mekanik K7,5,0.05,Completed,650000.0,3087500.0,2028000.0
ORD-101005,2024-12-23,Jawa Barat,Offline,C01218,Retail,SR06,Printer&Tinta,Printer InkJet P200,2,0.0,Completed,2100000.0,4200000.0,3437000.0
ORD-101006,2024-12-23,Sumatera,Offline,C00004,Retail,SR10,Smartphone,Smartphone Lumo X,2,0.0,Completed,5500000.0,11000000.0,9480400.0
ORD-101007,2024-12-23,Jawa Barat,Offline,C00068,UMKM,SR04,Smartphone,Smartphone Lumo X,1,0.0,Completed,5500000.0,5500000.0,4818500.0
ORD-101007,2024-12-23,Jawa Barat,Offline,C00068,UMKM,SR04,Smartphone,Smartphone Lumo X,1,0.0,Completed,5500000.0,5500000.0,4818500.0
ORD-101008,2024-12-23,Jawa Barat,Offline,C01314,UMKM,SR06,Printer & Tinta,Tinta Botol Set CMYK,1,0.0,Completed,280000.0,280000.0,166000.0
ORD-101009,2024-12-23,Jakarta,Offline,C01393,UMKM,SR03,Laptop,Laptop Axio Pro 15,3,0.0,Completed,13000000.0,39000000.0,34990200.0
RET-100963,2024-12-23,Jawa Barat,Offline,C01530,Retail,SR04,Aksesoris,Power Bank 20000mAh,-5,0.0,Returned,320000.0,-1600000.0,-1004000.0
ORD-101010,2024-12-24,Jawa Barat,Offline,C01889,UMKM,SR06,Networking,Switch 8 Port S8,3,0.0,Completed,450000.0,1350000.0,891600.0
ORD-101011,2024-12-24,Sumatera,Offline,C01166,Retail,SR12,Networking,Router WiFi 6 R600,4,0.0,Completed,1200000.0,4800000.0,
ORD-101012,2024-12-24,Sulawesi,Offline,C00237,Retail,SR16,Smartphone,Smartphone Lumo X,2,0.05,Completed,5500000.0,10450000.0,9714600.0
ORD-101013,2024-12-24,Sulawesi,Online,C01820,Retail,SYS-ONLINE,Printer & Tinta,Tinta Botol Set CMYK,2,0.1,Completed,280000.0,504000.0,326200.0
ORD-101014,2024-12-24,Jawa Timur,Offline,C00574,Retail,SR09,Smartphone,Smartphone Lumo X,2,0.0,Completed,5500000.0,11000000.0,9470000.0
ORD-101015,2024-12-24,Jakarta,Offline,C00958,Retail,SR02,Peralatan Kantor,Kertas A4 80gsm (rim),1,0.0,Completed,55000.0,55000.0,38000.0
ORD-101016,2024-12-24,Jawa Barat,Offline,C00601,Retail,SR06,Smartphone,Smartphone Lumo A5,2,0.05,Completed,2800000.0,5320000.0,4863400.0
ORD-101017,2024-12-24,SULAWESI,Online,C01136,Retail,SYS-ONLINE,Printer & Tinta,Printer InkJet P200,1,0.0,Completed,2100000.0,2100000.0,1703200.0
ORD-101018,2024-12-24,Jawa Timur,Offline,C01434,Retail,SR07,Aksesoris,Keyboard Mekanik K7,1,0.0,Completed,650000.0,650000.0,401100.0
ORD-101019,2024-12-24,Sulawesi,Online,C00021,UMKM,SYS-ONLINE,Networking,Router WiFi 6 R600,13,0.1,Completed,1200000.0,14040000.0,10910900.0
ORD-101020,2024-12-24,Sulawesi,Offline,C00931,Retail,SR17,Printer & Tinta,Printer InkJet P200,2,0.0,Completed,2100000.0,4200000.0,3443400.0
ORD-101021,2024-12-24,Jawa Timur,Offline,C01835,UMKM,SR08,Networking,Router WiFi 6 R600,6,0.1,Completed,1200000.0,6480000.0,5046000.0
ORD-101022,2024-12-24,Jawa Barat,Offline,C01795,Retail,SR06,Smartphone,Smartphone Lumo A5,1,0.0,Completed,2800000.0,2800000.0,2455400.0
ORD-101023,2024-12-24,Jakarta,Offline,K0115,Korporat,SR03,Peralatan Kantor,Kertas A4 80gsm (rim),20,0.0,Completed,55000.0,1100000.0,760000.0
ORD-101024,2024-12-25,Kalimantan,Online,C02104,UMKM,SYS-ONLINE,Smartphone,Smartphone Lumo X,4,0.1,Completed,5500000.0,19800000.0,19187600.0
ORD-101025,2024-12-25,Sumatera,Offline,C00742,Retail,SR12,Aksesoris,Headset USB H3,3,0.1,Completed,350000.0,945000.0,638400.0
ORD-101026,2024-12-25,Jawa Barat,Offline,C00793,Retail,SR06,Laptop,Laptop Axio 14,1,0.0,Completed,8500000.0,8500000.0,
ORD-101027,2024-12-25,Jakarta,Offline,C01846,Retail,SR01,Networking,Router WiFi 6 R600,3,0.0,Completed,1200000.0,3600000.0,
ORD-101028,2024-12-25,Jawa Barat,Offline,K0097,Korporat,SR05,Peralatan Kantor,Kertas A4 80gsm (rim),41,0.1,Completed,55000.0,2029500.0,1541600.0
ORD-101029,2024-12-25,Jawa Timur,Online,C01879,Retail,SYS-ONLINE,Peralatan Kantor,Kursi Ergonomis E1,4,0.0,Completed,1900000.0,7600000.0,5141200.0
ORD-101030,2024-12-25,Sumatera,Offline,K0106,Korporat,SR11,Aksesoris,Headset USB H3,4,5.0,Completed,350000.0,1330000.0,840800.0
ORD-101031,2024-12-25,Sulawesi,Offline,C02093,Retail,SR17,Smartphone,Smartphone Lumo A5,1,0.05,Completed,2800000.0,2660000.0,2431600.0
ORD-101032,2024-12-25,Sumatera,Offline,C02323,UMKM,SR10,Smartphone,Smartphone Lumo X,1,0.0,Completed,5500000.0,5500000.0,4775500.0
ORD-101033,2024-12-26,Jakarta,Offline,C01698,UMKM,SR01,Networking,Router WiFi 6 R600,5,0.0,Completed,1200000.0,6000000.0,
ORD-101034,2024-12-26,Jawa Timur,Offline,C01006,Retail,SR09,Peralatan Kantor,Kursi Ergonomis E1,3,0.0,Completed,1900000.0,5700000.0,3867000.0
ORD-101035,2024-12-26,Jakarta,Offline,C02122,Retail,SR02,Printer & Tinta,Printer InkJet P200,2,0.0,Completed,2100000.0,4200000.0,
ORD-101036,2024-12-26,Sulawesi,Offline,C00956,UMKM,SR17,Printer & Tinta,Printer InkJet P200,4,0.0,Completed,2100000.0,8400000.0,6698400.0
ORD-101037,2024-12-26,Sumatera,Offline,C01171,Retail,SR11,Printer & Tinta,Printer InkJet P200,2,5.0,Completed,2100000.0,3990000.0,3426200.0
ORD-101038,2024-12-26,Jawa Barat,Online,C01899,Retail,SYS-ONLINE,Peralatan Kantor,Kertas A4 80gsm (rim),5,0.0,Completed,55000.0,275000.0,190000.0
ORD-101039,2024-12-26,Sumatera,Offline,C01215,Retail,SR10,Networking,Router WiFi 6 R600,2,0.05,Completed,1200000.0,2280000.0,1707200.0
ORD-101040,2024-12-26,Sulawesi,E-Commerce,C00598,Retail,SYS-ONLINE,Laptop,Laptop Axio Pro 15,2,0.1,Completed,13000000.0,23400000.0,23044000.0
ORD-101041,2024-12-26,Jakarta,Offline,C01541,UMKM,SR02,Aksesoris,Keyboard Mekanik K7,9,0.1,Completed,650000.0,5265000.0,3620700.0
ORD-101042,2024-12-26,Kalimantan,Offline,C02059,Retail,SR15,Printer & Tinta,Tinta Botol Set CMYK,2,5.0,Completed,280000.0,532000.0,
ORD-101043,2024-12-26,Sumatera,Offline,C01077,Retail,SR12,Laptop,Laptop Axio 14,2,0.0,Completed,8500000.0,17000000.0,15373000.0
ORD-101044,2024-12-27,Jawa Timur,Offline,C01837,Retail,SR09,Printer & Tinta,Tinta Botol Set CMYK,1,0.0,Completed,280000.0,280000.0,162700.0
ORD-101045,2024-12-27,Sumatera,Online,C01982,UMKM,SYS-ONLINE,Printer & Tinta,Printer InkJet P200,5,0.15,Completed,2100000.0,8925000.0,8387000.0
ORD-101046,2024-12-27,Sumatera,Online,C01822,UMKM,SYS-ONLINE,Peralatan Kantor,Kertas A4 80gsm (rim),11,0.05,Completed,55000.0,574750.0,413600.0
ORD-101047,2024-12-27,,Online,C01184,Retail,SYS-ONLINE,Smartphone,Smartphone Lumo A5,2,0.0,Completed,2800000.0,5600000.0,4921000.0
ORD-101048,2024-12-27,Jatim,Offline,C00871,Retail,SR08,Networking,Router WiFi 6 R600,1,0.1,Completed,1200000.0,1080000.0,
ORD-101049,2024-12-27,Jakarta,Online,C00986,Retail,SYS-ONLINE,Printer & Tinta,Tinta Botol Set CMYK,1,0.05,Completed,280000.0,266000.0,165600.0
ORD-101050,2024-12-27,Jakarta,Offline,C01583,UMKM,SR03,Peralatan Kantor,Kertas A4 80gsm (rim),2,0.05,Completed,55000.0,104500.0,75000.0
ORD-101051,2024-12-27,Jawa Timur,Offline,C00123,Retail,SR09,Networking,Switch 8 Port S8,4,0.05,Completed,450000.0,1710000.0,1204400.0
ORD-101052,2024-12-27,Jawa Barat,Offline,C00111,UMKM,SR04,Smartphone,Smartphone Lumo X,3,0.0,Completed,5500000.0,16500000.0,14225100.0
ORD-101053,2024-12-27,Jawa Timur,Offline,C01067,UMKM,SR07,Peralatan Kantor,Kertas A4 80gsm (rim),7,10.0,Completed,55000.0,346500.0,267400.0
ORD-101054,2024-12-27,Jawa Timur,Offline,C02106,UMKM,SR07,Peralatan Kantor,Kertas A4 80gsm (rim),1,0.0,Completed,55000.0,55000.0,38200.0
ORD-101055,2024-12-27,Sulawesi,Online,C00412,UMKM,SYS-ONLINE,Aksesoris,Mouse Wireless M20,3,0.1,Cancelled,180000.0,486000.0,318300.0
ORD-101056,2024-12-28,Jakarta,Offline,C00692,Retail,SR01,Smartphone,Smartphone Lumo A5,2,0.0,Completed,2800000.0,5600000.0,4900400.0
ORD-101057,2024-12-28,Jawa Timur,Offline,C02018,Retail,SR08,Peralatan Kantor,Kursi Ergonomis E1,3,0.1,Completed,1900000.0,5130000.0,3876600.0
ORD-101058,2024-12-28,Jatim,Online,C00273,Retail,SYS-ONLINE,Smartphone,Smartphone Lumo A5,1,0.05,Completed,2800000.0,2660000.0,2404800.0
ORD-101059,2024-12-28,Jawa Barat,Online,K0093,Korporat,SYS-ONLINE,Smartphone,Smartphone Lumo A5,8,0.05,Completed,2800000.0,21280000.0,19577600.0
ORD-101060,2024-12-28,Jawa Timur,Offline,C00893,Retail,SR09,Smartphone,Smartphone Lumo X,1,0.0,Completed,5500000.0,5500000.0,4847900.0
ORD-101061,2024-12-28,Sulawesi,Offline,C00672,Retail,SR16,Printer & Tinta,Tinta Botol Set CMYK,2,0.05,Completed,280000.0,532000.0,327400.0
ORD-101062,2024-12-28,JKT ,Online,C01000,Retail,SYS-ONLINE,Smartphone,Smartphone Lumo A5,1,0.05,Completed,2800000.0,2660000.0,2422100.0
ORD-101063,2024-12-28,Sumatera,Offline,C00020,UMKM,SR12,Laptop,Laptop Axio 14,2,0.05,Completed,8500000.0,16150000.0,15132400.0
ORD-101064,2024-12-28,Jakarta,Offline,C00517,Retail,SR01,Printer & Tinta,Printer InkJet P200,2,0.0,Completed,2100000.0,4200000.0,3365400.0
ORD-101065,2024-12-28,Jawa Timur,Offline,C00896,UMKM,SR08,Printer & Tinta,Tinta Botol Set CMYK,4,0.05,Completed,280000.0,1064000.0,657200.0
RET-100977,2024-12-28,Jawa Barat,Online,C00481,UMKM,SYS-ONLINE,Aksesoris,Power Bank 20000mAh,-9,0.15,Returned,320000.0,-2448000.0,-1792800.0
RET-101009,2024-12-28,Jakarta,Offline,C01393,UMKM,SR03,Laptop,Laptop Axio Pro 15,-3,0.0,Returned,13000000.0,-39000000.0,-34990200.0
ORD-101066,2024-12-29,Jawa Barat,Offline,C00642,Retail,SR06,Smartphone,Smartphone Lumo X,2,0.0,Completed,5500000.0,11000000.0,9467800.0
ORD-101067,2024-12-29,Jawa Barat,Offline,C01485,Retail,SR04,Laptop,Laptop Axio 14,2,0.05,Completed,8500000.0,16150000.0,15243600.0
ORD-101068,2024-12-29,Sulawesi,Online,C02093,Retail,SYS-ONLINE,Peralatan Kantor,Kursi Ergonomis E1,5,0.1,Completed,1900000.0,8550000.0,6481500.0
ORD-101069,2024-12-29,Jawa Barat,Offline,C01841,Retail,SR05,Networking,Switch 8 Port S8,4,0.05,Completed,450000.0,1710000.0,
ORD-101070,2024-12-29,Jawa Timur,Offline,C02243,UMKM,SR09,Aksesoris,Mouse Wireless M20,7,0.05,Completed,180000.0,1197000.0,732900.0
ORD-101071,2024-12-29,Jawa Barat,Online,C00702,Retail,SYS-ONLINE,Aksesoris,Mouse Wireless M20,4,0.1,Completed,180000.0,648000.0,424400.0
ORD-101072,2024-12-29,Jakarta,Offline,C00387,Retail,SR03,Smartphone,Smartphone Lumo A5,1,0.05,Completed,2800000.0,2660000.0,
ORD-101073,2024-12-29,Jakarta,Offline,C01964,Retail,SR02,Aksesoris,Mouse Wireless M20,2,0.1,Completed,180000.0,324000.0,208000.0
ORD-101074,2024-12-29,Jakarta,Online,C00996,Retail,SYS-ONLINE,Printer & Tinta,Printer InkJet P200,2,0.05,Completed,2100000.0,3990000.0,3429200.0
ORD-101075,2024-12-29,Jawa Barat,Online,C00192,Retail,SYS-ONLINE,Networking,Router WiFi 6 R600,1,0.1,Completed,1200000.0,1080000.0,
ORD-101076,2024-12-30,Kalimantan,Offline,C00128,Retail,SR13,Aksesoris,Keyboard Mekanik K7,5,0.1,Completed,650000.0,2925000.0,2011000.0
ORD-101077,2024-12-30,Kalimantan,E-Commerce,K0141,Korporat,SYS-ONLINE,Printer & Tinta,Printer InkJet P200,2,0.0,Completed,2100000.0,4200000.0,3353000.0
ORD-101078,2024-12-30,Kalimantan,ONLINE,C00270,Retail,SYS-ONLINE,Printer & Tinta,Tinta Botol Set CMYK,2,0.0,Completed,280000.0,560000.0,331400.0
ORD-101079,2024-12-30,Sumatera,Offline,C01356,UMKM,SR10,Peralatan Kantor,Kertas A4 80gsm (rim),2,0.0,Completed,55000.0,110000.0,76200.0
ORD-101080,2024-12-30,Jawa Timur,Offline,C01425,Retail,SR09,Peralatan Kantor,Kursi Ergonomis E1,1,0.0,Completed,1900000.0,1900000.0,1318100.0
ORD-101081,2024-12-30,Jawa Timur,Offline,C00798,Retail,SR08,Aksesoris,Headset USB H3,5,0.0,Completed,350000.0,1750000.0,1058000.0
ORD-101082,2024-12-30,Jawa Barat,Offline,C01118,UMKM,SR04,Laptop,Laptop Axio 14,3,0.0,Completed,8500000.0,25500000.0,22841700.0
ORD-101083,2024-12-30,Jakarta,Offline,C01687,Retail,SR01,Laptop,Laptop Axio 14,1,0.05,Completed,8500000.0,8075000.0,7587700.0
ORD-101084,2024-12-30,Jakarta,Offline,C01586,Retail,SR02,Smartphone,Smartphone Lumo X,2,0.05,Completed,5500000.0,10450000.0,9647800.0
ORD-101085,2024-12-30,Sulawesi,Online,C01208,Retail,SYS-ONLINE,Smartphone,Smartphone Lumo A5,1,0.0,Cancelled,2800000.0,2800000.0,2429700.0
ORD-101086,2024-12-30,Jakarta,Offline,C02174,Retail,SR02,Laptop,Laptop Axio 14,2,0.05,Completed,8500000.0,16150000.0,15012000.0
ORD-101087,2024-12-31,Jakarta,Offline,C01513,UMKM,SR01,Laptop,Laptop Axio 14,2,0.0,Completed,8500000.0,17000000.0,15056200.0
ORD-101088,2024-12-31,Jawa Timur,Offline,C00907,Retail,SR08,Peralatan Kantor,Kursi Ergonomis E1,3,0.05,Completed,1900000.0,5415000.0,3918900.0
ORD-101089,2024-12-31,,Online,C00073,Retail,SYS-ONLINE,Laptop,Laptop Axio 14,1,0.0,Completed,8500000.0,8500000.0,7683000.0
ORD-101090,2024-12-31,Jakarta,Offline,C00496,UMKM,SR02,Aksesoris,Mouse Wireless M20,11,0.0,Completed,180000.0,1980000.0,1168200.0
ORD-101091,2024-12-31,Jakarta,Offline,C00020,Retail,SR03,Networking,Router WiFi 6 R600,5,0.1,Completed,1200000.0,5400000.0,4233000.0
ORD-101092,2024-12-31,Jakarta,Online,C02017,UMKM,SYS-ONLINE,Peralatan Kantor,Kertas A4 80gsm (rim),5,0.1,Completed,55000.0,247500.0,191000.0
ORD-101093,2024-12-31,,Online,C00605,Retail,SYS-ONLINE,Printer & Tinta,Tinta Botol Set CMYK,2,0.05,Cancelled,280000.0,532000.0,332600.0
ORD-101094,2024-12-31,Jakarta,Online,C01708,UMKM,SYS-ONLINE,Smartphone,Smartphone Lumo X,3,0.05,Completed,5500000.0,15675000.0,14294100.0
ORD-101095,2024-12-31,Jawa Timur,Online,C00102,Retail,SYS-ONLINE,Aksesoris,Power Bank 20000mAh,2,0.1,Completed,320000.0,576000.0,394400.0
ORD-101096,2024-12-31,Jawa Barat,Offline,C01686,Retail,SR06,Aksesoris,Mouse Wireless M20,3,0.1,Completed,180000.0,486000.0,310200.0
ORD-101097,2024-12-31,Jakarta,Offline,C01437,Retail,SR03,Aksesoris,Power Bank 20000mAh,2,0.0,Completed,320000.0,640000.0,401000.0
ORD-101098,2025-01-01,Kalimantan,Online,C01473,Retail,SYS-ONLINE,Smartphone,Smartphone Lumo A5,2,0.05,Completed,2800000.0,5320000.0,4791600.0
ORD-101099,2025-01-01,Jakarta,Online,C00572,Retail,SYS-ONLINE,Networking,Router WiFi 6 R600,5,0.0,Completed,1200000.0,6000000.0,
ORD-101100,2025-01-01,Jakarta,Offline,C01993,Retail,SR02,Smartphone,Smartphone Lumo A5,1,0.05,Completed,2800000.0,2660000.0,2410100.0
ORD-101101,2025-01-01,Jawa Timur,Online,K0066,Korporat,SYS-ONLINE,Printer&Tinta,Printer InkJet P200,2,0.05,Completed,2100000.0,3990000.0,3380200.0
ORD-101102,2025-01-01,Jawa Timur,Online,C00871,Retail,SYS-ONLINE,Aksesoris,Headset USB H3,5,0.1,Completed,350000.0,1575000.0,1044000.0
ORD-101103,2025-01-01,Sumatera,Offline,C01597,Retail,SR10,Laptop,Laptop Axio 14,1,0.0,Completed,8500000.0,8500000.0,7664700.0
ORD-101104,2025-01-01,Jakarta,Offline,K0078,Korporat,SR03,Aksesoris,Mouse Wireless M20,154,0.12,Completed,180000.0,24393600.0,16339400.0
ORD-101105,2025-01-01,Jawa Timur,Online,C02327,UMKM,SYS-ONLINE,Peralatan Kantor,Kertas A4 80gsm (rim),6,0.1,Cancelled,55000.0,297000.0,225600.0
ORD-101106,2025-01-01,Jakarta,Online,C02358,Retail,SYS-ONLINE,Printer & Tinta,Tinta Botol Set CMYK,1,0.1,Completed,280000.0,252000.0,164300.0
ORD-101318,2025-02-01,Sumatera,Offline,C02062,UMKM,SR11,Printer & Tinta,Printer InkJet P200,3,0.0,Completed,2100000.0,6300000.0,5124900.0
ORD-101319,2025-02-01,Kalimantan,Offline,C00479,Retail,SR15,Printer & Tinta,Tinta Botol Set CMYK,2,0.0,Completed,280000.0,560000.0,328800.0
ORD-101320,2025-02-01,Sumatera,Online,C02087,Retail,SYS-ONLINE,Peralatan Kantor,Kursi Ergonomis E1,1,0.05,Completed,1900000.0,1805000.0,1283300.0
ORD-101321,2025-02-01,Sumatera,Offline,C00457,Retail,SR11,Smartphone,Smartphone Lumo A5,1,0.0,Completed,2800000.0,2800000.0,2398700.0
ORD-101322,2025-02-01,Kalimantan,Offline,C01949,Retail,SR13,Smartphone,Smartphone Lumo X,2,0.0,Completed,5500000.0,11000000.0,9723400.0
ORD-101323,2025-02-01,Jawa Barat,Online,C01284,Retail,SYS-ONLINE,Laptop,Laptop Veno 13,1,0.1,Completed,6200000.0,5580000.0,5493700.0
ORD-101324,2025-02-01,Jawa Timur,Offline,C01714,UMKM,SR08,Printer & Tinta,Printer InkJet P200,5,0.05,Completed,2100000.0,9975000.0,8375500.0
ORD-101325,2025-02-01,Jawa Barat,Offline,C00146,Retail,SR05,Aksesoris,Keyboard Mekanik K7,3,0.05,Completed,650000.0,1852500.0,1189500.0
ORD-101326,2025-02-01,Jakarta,Offline,C00612,Retail,SR02,aksesoris ,Power Bank 20000mAh,1,0.1,Completed,320000.0,288000.0,201200.0
RET-101289,2025-02-01,Sumatera,Offline,C01325,Retail,SR10,Networking,Router WiFi 6 R600,-2,0.05,Returned,1200000.0,-2280000.0,
ORD-101566,2025-03-01,Jawa Barat,Offline,C00415,Retail,SR05,Peralatan Kantor,Kertas A4 80gsm (rim),5,0.0,Completed,55000.0,275000.0,190000.0
ORD-101567,2025-03-01,Sumatera,Offline,C01821,UMKM,SR11,Printer & Tinta,Printer InkJet P200,2,0.0,Completed,2100000.0,4200000.0,3416600.0
ORD-101568,2025-03-01,Jawa Barat,Online,C01064,UMKM,SYS-ONLINE,Printer & Tinta,Printer InkJet P200,2,0.15,Completed,2100000.0,3570000.0,3370200.0
ORD-101569,2025-03-01,Jakarta,Offline,C00153,Retail,SR01,Laptop,Laptop Axio 14,1,0.0,Completed,8500000.0,8500000.0,7583300.0
ORD-101570,2025-03-01,Jakarta,Offline,K0098,Korporat,SR03,Networking,Switch 8 Port S8,45,0.0,Completed,450000.0,20250000.0,
ORD-101571,2025-03-01,DKI Jakarta,Offline,C00152,Retail,SR03,Aksesori,Keyboard Mekanik K7,3,0.0,Completed,650000.0,1950000.0,1209600.0
ORD-101572,2025-03-01,Jawa Barat,Offline,C01382,UMKM,SR05,Printer & Tinta,Printer InkJet P200,1,0.0,Completed,2100000.0,2100000.0,1718300.0
ORD-101573,2025-03-01,Sumatera,Offline,C00604,UMKM,SR12,Aksesoris,Keyboard Mekanik K7,11,0.0,Completed,650000.0,7150000.0,4371400.0
ORD-101574,2025-03-01,Sumatera,Online,C00842,Retail,SYS-ONLINE,Aksesoris,Power Bank 20000mAh,1,0.1,Completed,320000.0,288000.0,202200.0
ORD-101575,2025-03-01,Jakarta,Offline,C00052,Retail,SR02,Aksesoris,Keyboard Mekanik K7,3,0.1,Cancelled,650000.0,1755000.0,1199700.0
ORD-101576,2025-03-01,Jakarta,Offline,C01394,Retail,SR02,Printer & Tinta,Tinta Botol Set CMYK,1,0.0,Completed,280000.0,280000.0,163600.0
ORD-101577,2025-03-01,Jakarta,Offline,C01980,Retail,SR03,Aksesoris,Headset USB H3,4,0.0,Completed,350000.0,1400000.0,840400.0
ORD-101578,2025-03-01,Jakarta,Offline,C01778,Retail,SR03,Peralatan Kantor,Kertas A4 80gsm (rim),1,0.1,Completed,55000.0,49500.0,38500.0
ORD-101579,2025-03-01,Jawa Barat,Offline,C00329,UMKM,SR04,Printer & Tinta,Tinta Botol Set CMYK,3,0.0,Completed,280000.0,840000.0,490800.0
ORD-101943,2025-04-01,Sumatera,Online,C00966,Retail,SYS-ONLINE,Smartphone,Smartphone Lumo X,2,0.0,Completed,5500000.0,11000000.0,9579000.0
ORD-101944,2025-04-01,Jakarta,Offline,C00156,Retail,SR01,Peralatan Kantor,Kertas A4 80gsm (rim),5,0.0,Completed,55000.0,275000.0,189000.0
ORD-101945,2025-04-01,Jawa Barat,Offline,C01967,Retail,SR05,Aksesoris,Mouse Wireless M20,4,0.0,Completed,180000.0,720000.0,417200.0
ORD-101946,2025-04-01,Jakarta,Offline,C00979,UMKM,SR01,Aksesoris,Mouse Wireless M20,3,0.0,Completed,180000.0,540000.0,312300.0
ORD-101947,2025-04-01,DKI Jakarta,Offline,C00980,Retail,SR03,Laptop,Laptop Axio Pro 15,2,0.0,Completed,13000000.0,26000000.0,23400800.0
ORD-101948,2025-04-01,Jakarta,Offline,K0162,Korporat,SR03,ATK,Kursi Ergonomis E1,23,0.0,Completed,1900000.0,43700000.0,29900000.0
ORD-101949,2025-04-01,Sumatera,Offline,C00846,Retail,SR10,Networking,Router WiFi 6 R600,3,0.0,Completed,1200000.0,3600000.0,
ORD-101950,2025-04-01,Sulawesi,Offline,C00751,Retail,SR17,Peralatan Kantor,Kertas A4 80gsm (rim),2,0.0,Completed,55000.0,110000.0,76600.0
ORD-102151,2025-05-01,Jakarta,Online,C01769,UMKM,SYS-ONLINE,Peralatan Kantor,Kertas A4 80gsm (rim),1,0.05,Completed,55000.0,52250.0,37900.0
ORD-102152,2025-05-01,Jawa Timur,Online,C00217,UMKM,SYS-ONLINE,Laptop,Laptop Veno 13,2,0.0,Completed,6200000.0,12400000.0,11096000.0
ORD-102153,2025-05-01,Sumatera,Offline,C01715,Retail,SR12,Printer & Tinta,Printer InkJet P200,2,0.0,Completed,2100000.0,4200000.0,3383000.0
ORD-102154,2025-05-01,Sumatera,Online,C01592,Retail,SYS-ONLINE,Networking,Router WiFi 6 R600,1,0.0,Completed,1200000.0,1200000.0,
ORD-102155,2025-05-01,Kalimantan,Offline,K0017,Korporat,SR15,Aksesoris,Keyboard Mekanik K7,29,5.0,Completed,650000.0,17907500.0,11550700.0
ORD-102156,2025-05-01,Jawa Barat,Offline,C01144,Retail,SR05,Printer & Tinta,Tinta Botol Set CMYK,1,0.0,Completed,280000.0,280000.0,165000.0
ORD-102157,2025-05-01,Jawa Timur,Online,C01380,Retail,SYS-ONLINE,Printer & Tinta,Tinta Botol Set CMYK,1,0.1,Completed,280000.0,252000.0,165500.0
ORD-102158,2025-05-01,Jakarta,Offline,C00201,UMKM,SR03,Aksesoris,Power Bank 20000mAh,3,0.0,Completed,320000.0,960000.0,592800.0
ORD-102159,2025-05-01,Kalimantan,Online,C01616,Retail,SYS-ONLINE,Aksesoris,Power Bank 20000mAh,1,0.0,Completed,320000.0,320000.0,200000.0
ORD-102160,2025-05-01,Jawa Barat,Offline,C01904,Retail,SR05,Aksesoris,Keyboard Mekanik K7,2,0.1,Completed,650000.0,1170000.0,791800.0
ORD-102427,2025-06-01,Jakarta,Offline,C01291,Retail,SR03,Laptop,Laptop Axio Pro 15,1,0.0,Completed,13000000.0,13000000.0,11579700.0
ORD-102428,2025-06-01,Jawa Timur,ONLINE,K0050,Korporat,SYS-ONLINE,Smartphone,Smartphone Lumo X,6,0.1,Completed,5500000.0,29700000.0,28441200.0
ORD-102429,2025-06-01,Jawa Timur,Offline,C02307,UMKM,SR07,Laptop,Laptop Axio Pro 15,2,0.0,Completed,13000000.0,26000000.0,23277400.0
ORD-102430,2025-06-01,Kalimantan,Online,C00111,UMKM,SYS-ONLINE,Smartphone,Smartphone Lumo A5,1,0.05,Completed,2800000.0,2660000.0,2466000.0
ORD-102431,2025-06-01,Jawa Timur,Offline,K0060,Korporat,SR09,Aksesoris,Headset USB H3,10,0.0,Completed,350000.0,3500000.0,2117000.0
ORD-102666,2025-07-01,Sumatera,Offline,C00306,UMKM,SR11,Aksesoris,Power Bank 20000mAh,7,0.0,Completed,320000.0,2240000.0,1388100.0
ORD-102667,2025-07-01,Jawa Timur,Offline,C01551,UMKM,SR08,Printer & Tinta,Printer InkJet P200,1,0.0,Completed,2100000.0,2100000.0,1712600.0
ORD-102668,2025-07-01,Sumatera,Offline,C00235,UMKM,SR10,aksesoris ,Power Bank 20000mAh,8,0.0,Completed,320000.0,2560000.0,1619200.0
ORD-102669,2025-07-01,Jatim,Online,C00776,UMKM,SYS-ONLINE,Smartphone,Smartphone Lumo A5,2,0.1,Completed,2800000.0,5040000.0,4898000.0
ORD-102670,2025-07-01,Jawa Barat,Offline,C01108,UMKM,SR05,smartphone,Smartphone Lumo A5,3,0.0,Completed,2800000.0,8400000.0,7373400.0
ORD-102671,2025-07-01,Sulawesi,Offline,C01981,Retail,SR16,Printer & Tinta,Tinta Botol Set CMYK,2,0.0,Completed,280000.0,560000.0,329400.0
ORD-102672,2025-07-01,Jakarta,Offline,C00850,Retail,SR02,Aksesoris,Headset USB H3,4,0.05,Completed,350000.0,1330000.0,849600.0
ORD-102673,2025-07-01,Sumatera,Offline,C01422,UMKM,SR10,Smartphone,Smartphone Lumo X,1,0.1,Completed,5500000.0,4950000.0,4803200.0
ORD-102674,2025-07-01,Sumatera,Offline,C01369,Retail,SR11,Aksesoris,Mouse Wireless M20,2,10.0,Completed,180000.0,324000.0,207000.0
ORD-102675,2025-07-01,Jakarta,Offline,C01487,UMKM,SR03,Smartphone,Smartphone Lumo A5,3,0.0,Completed,2800000.0,8400000.0,7311600.0
ORD-102957,2025-08-01,Jakarta,Offline,K0167,Korporat,SR03,Printer & Tinta,Tinta Botol Set CMYK,6,0.0,Completed,280000.0,1680000.0,995400.0
ORD-102958,2025-08-01,Sulawesi,Offline,C01128,UMKM,SR17,Laptop,Laptop Veno 13,5,0.0,Completed,6200000.0,31000000.0,27424500.0
ORD-102959,2025-08-01,Jawa Barat,Offline,C00178,UMKM,SR05,Aksesoris,Keyboard Mekanik K7,14,0.0,Completed,650000.0,9100000.0,5632200.0
ORD-102960,2025-08-01,Jawa Timur,Online,C02337,Retail,SYS-ONLINE,Printer & Tinta,Tinta Botol Set CMYK,2,0.1,Completed,280000.0,504000.0,331400.0
ORD-102961,2025-08-01,Sulawesi,Online,C01781,UMKM,SYS-ONLINE,Smartphone,Smartphone Lumo A5,1,0.15,Completed,2800000.0,2380000.0,2428500.0
ORD-102962,2025-08-01,Kalimantan,Online,C00206,Retail,SYS-ONLINE,Networking,Router WiFi 6 R600,4,0.05,Completed,1200000.0,4560000.0,
ORD-102963,2025-08-01,Kalimantan,Online,K0023,Korporat,SYS-ONLINE,networking,Switch 8 Port S8,137,0.1,Completed,450000.0,55485000.0,
ORD-102964,2025-08-01,Jawa Timur,Online,C00720,UMKM,SYS-ONLINE,Aksesoris,Power Bank 20000mAh,9,0.0,Cancelled,320000.0,2880000.0,1802700.0
ORD-102965,2025-08-01,Jakarta,Online,C01168,Retail,SYS-ONLINE,Peralatan Kantor,Kursi Ergonomis E1,4,0.05,Completed,1900000.0,7220000.0,5242400.0
ORD-106975,2025-08-01,Sulawesi,Offline,C01128,UMKM,SR17,Laptop,Laptop Veno 13,5,0.0,Completed,6200000.0,31000000.0,27950500.0
ORD-103225,2025-09-01,Sulawesi,Online,K0084,Korporat,SYS-ONLINE,Aksesoris,Mouse Wireless M20,2,0.05,Completed,180000.0,342000.0,211000.0
ORD-103226,2025-09-01,Sumatera,Online,K0056,Korporat,SYS-ONLINE,aksesoris ,Headset USB H3,5,0.05,Completed,350000.0,1662500.0,1058000.0
ORD-103227,2025-09-01,Jawa Timur,Online,C00621,Retail,SYS-ONLINE,Peralatan Kantor,Kursi Ergonomis E1,1,0.05,Completed,1900000.0,1805000.0,1312000.0
ORD-103228,2025-09-01,Jawa Timur,Offline,K0070,Korporat,SR07,Peralatan Kantor,Kertas A4 80gsm (rim),33,25.0,Completed,55000.0,1361250.0,1260600.0
ORD-103229,2025-09-01,Sumatra,Offline,C00435,UMKM,SR10,Smartphone,Smartphone Lumo X,3,0.0,Completed,5500000.0,16500000.0,14442300.0
ORD-103230,2025-09-01,Jawa Timur,Offline,C01823,Retail,SR08,Aksesoris,Mouse Wireless M20,3,0.0,Completed,180000.0,540000.0,319500.0
ORD-103231,2025-09-01,Sulawesi,Online,C00457,Retail,SYS-ONLINE,Laptop,Laptop Axio Pro 15,2,0.0,Completed,13000000.0,26000000.0,23624200.0
ORD-103232,2025-09-01,Kalimantan,Offline,K0177,Korporat,SR13,Printer & Tinta,Printer InkJet P200,5,0.0,Completed,2100000.0,10500000.0,8454500.0
ORD-103482,2025-10-01,Sumatera,Offline,C00828,Retail,SR12,Laptop,Laptop Axio Pro 15,2,0.0,Completed,13000000.0,26000000.0,23020000.0
ORD-103483,2025-10-01,Sumatera,Online,C00297,Retail,SYS-ONLINE,Aksesoris,Mouse Wireless M20,3,0.0,Completed,180000.0,540000.0,310500.0
ORD-103484,2025-10-01,Jawa Barat,Offline,C01721,Retail,SR06,Aksesoris,Keyboard Mekanik K7,4,0.0,Completed,650000.0,2600000.0,1607200.0
ORD-103485,2025-10-01,Jakarta,Offline,K0154,Korporat,SR01,Peralatan Kantor,Kursi Ergonomis E1,41,0.0,Completed,1900000.0,77900000.0,53082700.0
ORD-103486,2025-10-01,Jawa Timur,Offline,C01673,Retail,SR09,Smartphone,Smartphone Lumo X,1,0.05,Completed,5500000.0,5225000.0,4822400.0
ORD-103745,2025-11-01,Kalimantan,Online,C00531,UMKM,SYS-ONLINE,Printer & Tinta,Printer InkJet P200,1,0.05,Completed,2100000.0,1995000.0,1689000.0
ORD-103746,2025-11-01,Jawa Barat,E-Commerce,K0143,Korporat,SYS-ONLINE,Aksesoris,Keyboard Mekanik K7,16,0.2,Completed,650000.0,8320000.0,6363200.0
ORD-103747,2025-11-01,Sulawesi,Online,C01755,UMKM,SYS-ONLINE,Networking,Router WiFi 6 R600,8,0.3,Completed,1200000.0,6720000.0,
ORD-103748,2025-11-01,Sumatera,Online,C00678,Retail,SYS-ONLINE,Smartphone,Smartphone Lumo X,1,0.2,Completed,5500000.0,4400000.0,4746300.0
ORD-103749,2025-11-01,Sulawesi,Online,C00237,Retail,SYS-ONLINE,Peralatan Kantor,Kursi Ergonomis E1,4,0.05,Completed,1900000.0,7220000.0,5154800.0
ORD-103750,2025-11-01,Sumatera,Offline,C02365,Retail,SR10,Laptop,Laptop Axio Pro 15,1,0.0,Completed,13000000.0,13000000.0,11756300.0
ORD-104064,2025-12-01,Jakarta,Offline,C00814,UMKM,SR01,Aksesoris,Headset USB H3,13,0.0,Completed,350000.0,4550000.0,2753400.0
ORD-104065,2025-12-01,Sumatera,Online,C01625,Retail,SYS-ONLINE,HP,Smartphone Lumo X,1,0.15,Completed,5500000.0,4675000.0,4752100.0
ORD-104066,2025-12-01,Sumatera,Offline,C02079,UMKM,SR11,Aksesoris,Keyboard Mekanik K7,7,0.0,Completed,650000.0,4550000.0,2760100.0
ORD-104067,2025-12-01,Sumatera,Offline,C01706,Retail,SR12,Laptop,Laptop Axio Pro 15,1,0.1,Completed,13000000.0,11700000.0,11561300.0
ORD-104068,2025-12-01,Jawa Barat,Online,C00505,Retail,SYS-ONLINE,Printer & Tinta,Printer InkJet P200,1,0.0,Completed,2100000.0,2100000.0,1684500.0
ORD-104069,2025-12-01,Jawa Barat,Online,C01632,Retail,SYS-ONLINE,Aksesoris,Keyboard Mekanik K7,2,0.25,Completed,650000.0,975000.0,793000.0
ORD-104070,2025-12-01,Sulawesi,Online,C00684,Retail,SYS-ONLINE,Aksesoris,Power Bank 20000mAh,3,0.15,Completed,320000.0,816000.0,594000.0
ORD-104071,2025-12-01,Jakarta,Offline,C02028,Retail,SR01,Laptop,Laptop Axio Pro 15,1,0.0,Completed,13000000.0,13000000.0,11758400.0
ORD-104072,2025-12-01,Jakarta,Online,C01567,Retail,SYS-ONLINE,Laptop,Laptop Veno 13,2,0.05,Completed,6200000.0,11780000.0,11101600.0
ORD-104073,2025-12-01,Jawa Timur,Online,C02258,Retail,SYS-ONLINE,laptop,Laptop Axio 14,1,0.15,Completed,8500000.0,7225000.0,7714000.0
ORD-104074,2025-12-01,Jawa Timur,online,C01897,UMKM,SYS-ONLINE,Aksesoris,Keyboard Mekanik K7,4,0.25,Completed,650000.0,1950000.0,1581600.0
ORD-104075,2025-12-01,Sulawesi,Offline,C01546,Retail,SR18,Aksesoris,Mouse Wireless M20,5,0.05,Completed,180000.0,855000.0,528500.0
ORD-104076,2025-12-01,Jawa Timur,Offline,C02050,Retail,SR07,Networking,Switch 8 Port S8,4,25.0,Completed,450000.0,1350000.0,
ORD-104077,2025-12-01,Sumatera,Online,C00502,Retail,SYS-ONLINE,Laptop,Laptop Axio Pro 15,1,0.3,Completed,13000000.0,9100000.0,11706200.0
ORD-101192,2025-01-13,Sumatera,Offline,C00083,Retail,SR11,networking,Router WiFi 6 R600,4,0.0,Completed,1200000.0,4800000.0,3409600.0
ORD-101193,2025-01-13,Sumatera,Offline,C00979,UMKM,SR12,Peralatan Kantor,Kertas A4 80gsm (rim),6,0.0,Completed,55000.0,330000.0,
ORD-101194,2025-01-13,Jawa Barat,Online,C01002,UMKM,SYS-ONLINE,Smartphone,Smartphone Lumo A5,4,0.1,Completed,2800000.0,10080000.0,9850000.0
ORD-101195,2025-01-13,Jatim,Online,K0093,Korporat,SYS-ONLINE,Aksesoris,Power Bank 20000mAh,105,0.08,Completed,320000.0,30912000.0,21021000.0
ORD-101196,2025-01-13,Jawa Barat,Online,C00072,Retail,SYS-ONLINE,Smartphone,Smartphone Lumo A5,2,0.05,Completed,2800000.0,5320000.0,4809800.0
ORD-101197,2025-01-13,jawa timur,Online,K0146,Korporat,SYS-ONLINE,Smartphone,Smartphone Lumo A5,5,0.0,Completed,2800000.0,14000000.0,12121500.0
ORD-101198,2025-01-13,DKI Jakarta,Offline,C02002,Retail,SR02,Printer & Tinta,Tinta Botol Set CMYK,2,0.0,Completed,280000.0,560000.0,331800.0
ORD-101199,2025-01-13,Jakarta,Offline,C00783,Retail,SR01,Aksesoris,Keyboard Mekanik K7,3,0.0,Completed,650000.0,1950000.0,1192500.0
ORD-101200,2025-01-13,Kalimantan,Offline,C01317,Retail,SR13,Aksesoris,Power Bank 20000mAh,5,0.1,Completed,320000.0,1440000.0,1013000.0
ORD-101201,2025-01-13,Jawa Barat,Offline,C01482,UMKM,SR04,Laptop,Laptop Axio Pro 15,3,0.0,Completed,13000000.0,39000000.0,35341500.0
ORD-101202,2025-01-14,Sumatera,Offline,C01678,Retail,SR11,Aksesoris,Mouse Wireless M20,2,10.0,Completed,180000.0,324000.0,
ORD-101203,2025-01-14,Jawa Barat,Offline,C02356,Retail,SR04,Networking,Switch 8 Port S8,3,0.0,Completed,450000.0,1350000.0,894600.0
ORD-101204,2025-01-14,Jawa Barat,Online,C00619,Retail,SYS-ONLINE,Peralatan Kantor,Kertas A4 80gsm (rim),3,0.05,Completed,55000.0,156750.0,112800.0
ORD-101205,2025-01-14,Jawa Timur,Offline,C00558,Retail,SR08,Peralatan Kantor,Kertas A4 80gsm (rim),1,0.1,Completed,55000.0,49500.0,38400.0
ORD-101206,2025-01-14,Jawa Timur,Offline,C00247,Retail,SR08,Laptop,Laptop Axio 14,2,0.0,Completed,8500000.0,17000000.0,15395600.0
ORD-101207,2025-01-14,Jakarta,Online,K0099,Korporat,SYS-ONLINE,Printer & Tinta,Printer InkJet P200,10,0.1,Completed,2100000.0,18900000.0,16965000.0
ORD-101208,2025-01-14,Kalimantan,Offline,C01331,Retail,SR15,Printer & Tinta,Printer InkJet P200,1,0.0,Completed,2100000.0,2100000.0,1684700.0
ORD-101209,2025-01-15,Jakarta,Offline,C00797,Retail,SR01,Aksesoris,Headset USB H3,5,0.05,Completed,350000.0,1662500.0,1055000.0
ORD-101210,2025-01-15,Jawa Barat,Offline,C02024,UMKM,SR06,Smartphone,Smartphone Lumo A5,3,0.0,Completed,2800000.0,8400000.0,7305300.0
ORD-101211,2025-01-15,Jawa Barat,Online,C01387,UMKM,SYS-ONLINE,Aksesoris,Mouse Wireless M20,11,0.1,Completed,180000.0,1782000.0,1157200.0
ORD-101212,2025-01-16,Sulawesi,Offline,C00874,UMKM,SR17,Aksesoris,Headset USB H3,2,0.1,Completed,350000.0,630000.0,422800.0
ORD-101213,2025-01-16,Sumatera,Online,K0063,Korporat,SYS-ONLINE,Aksesoris,Power Bank 20000mAh,22,0.1,Completed,320000.0,6336000.0,4358200.0
ORD-101214,2025-01-16,Sumatera,Offline,C01742,Retail,SR11,Laptop,Laptop Axio 14,1,0.0,Completed,8500000.0,8500000.0,7628500.0
ORD-101215,2025-01-16,Sumatera,Offline,C01825,Retail,SR11,Aksesoris,Keyboard Mekanik K7,2,0.0,Completed,650000.0,1300000.0,795400.0
ORD-101216,2025-01-16,Jakarta,Offline,C01758,UMKM,SR03,Peralatan Kantor,Kursi Ergonomis E1,12,0.1,Completed,1900000.0,20520000.0,15510000.0
ORD-101217,2025-01-16,kalimantan,Online,C01294,Retail,SYS-ONLINE,Aksesoris,Keyboard Mekanik K7,3,0.1,Completed,650000.0,1755000.0,1196700.0
ORD-101218,2025-01-17,Jawa Barat,Offline,C00868,Retail,SR04,Smartphone,Smartphone Lumo A5,1,0.1,Completed,2800000.0,2520000.0,2410100.0
ORD-101219,2025-01-17,Jakarta,Online,K0109,Korporat,SYS-ONLINE,Networking,Router WiFi 6 R600,33,0.0,Completed,1200000.0,39600000.0,28340400.0
ORD-101220,2025-01-17,Sumatra,Offline,C01436,Retail,SR12,Printer & Tinta,Tinta Botol Set CMYK,1,0.05,Completed,280000.0,266000.0,166200.0
ORD-101221,2025-01-17,Sulawesi,Online,K0049,Korporat,SYS-ONLINE,Peralatan Kantor,Kertas A4 80gsm (rim),13,0.0,Completed,55000.0,715000.0,491400.0
ORD-101222,2025-01-17,Jawa Barat,Offline,C01772,UMKM,SR04,Laptop,Laptop Axio 14,4,0.05,Completed,8500000.0,32300000.0,30474800.0
ORD-101223,2025-01-17,Sulawesi,Offline,C00870,Retail,SR17,Aksesoris,Power Bank 20000mAh,3,0.0,Completed,320000.0,960000.0,597000.0
ORD-101224,2025-01-17,Sumatera,Offline,C00054,UMKM,SR11,Networking,Switch 8 Port S8,5,5.0,Completed,450000.0,2137500.0,
ORD-101225,2025-01-18,Jakarta,Offline,C01887,Retail,SR01,Smartphone,Smartphone Lumo A5,1,0.0,Completed,2800000.0,2800000.0,2417400.0
ORD-101226,2025-01-18,Jakarta,Online,C01268,UMKM,SYS-ONLINE,Smartphone,Smartphone Lumo A5,1,0.1,Completed,2800000.0,2520000.0,2441200.0
ORD-101227,2025-01-18,Sulawesi,Online,C01927,Retail,SYS-ONLINE,Aksesoris,Power Bank 20000mAh,3,0.1,Completed,320000.0,864000.0,606300.0
ORD-101228,2025-01-18,Sulawesi,Offline,C00379,UMKM,SR17,Laptop,Laptop Axio 14,2,0.1,Completed,8500000.0,15300000.0,15237200.0
ORD-101229,2025-01-18,Jakarta,Online,C01491,UMKM,SYS-ONLINE,Aksesoris,Headset USB H3,5,0.15,Completed,350000.0,1487500.0,1049000.0
ORD-101230,2025-01-18,Jawa Timur,Online,C01582,UMKM,SYS-ONLINE,laptop,Laptop Axio 14,2,0.05,Completed,8500000.0,16150000.0,15025000.0
ORD-101231,2025-01-18,Kalimantan,Offline,C01530,UMKM,SR13,Printer & Tinta,Printer InkJet P200,1,0.05,Completed,2100000.0,1995000.0,1718900.0
ORD-101232,2025-01-18,Jawa Timur,Online,C00266,UMKM,SYS-ONLINE,Laptop,Laptop Veno 13,2,0.0,Completed,6200000.0,12400000.0,11215800.0
ORD-101233,2025-01-18,Jakarta,Online,C01100,Retail,SYS-ONLINE,Aksesoris,Mouse Wireless M20,3,0.1,Completed,180000.0,486000.0,318000.0
ORD-101233,2025-01-18,Jakarta,Online,C01100,Retail,SYS-ONLINE,Aksesoris,Mouse Wireless M20,3,0.1,Completed,180000.0,486000.0,318000.0
ORD-101234,2025-01-19,jakarta,Offline,C00872,UMKM,SR03,Networking,Router WiFi 6 R600,6,0.0,Completed,1200000.0,7200000.0,5052600.0
ORD-101235,2025-01-19,Jakarta,Offline,C02238,UMKM,SR01,Smartphone,Smartphone Lumo A5,3,0.0,Completed,2800000.0,8400000.0,7272600.0
ORD-101236,2025-01-19,Jakarta,Online,C00444,UMKM,SYS-ONLINE,Networking,Switch 8 Port S8,1,0.05,Completed,450000.0,427500.0,
ORD-101237,2025-01-19,Jakarta,Offline,C02288,Retail,SR01,Printer & Tinta,Printer InkJet P200,1,0.05,Completed,2100000.0,1995000.0,1683700.0
ORD-101238,2025-01-19,Jawa Barat,Offline,C02208,Retail,SR04,Smartphone,Smartphone Lumo X,2,0.0,Completed,5500000.0,11000000.0,9492400.0
ORD-101239,2025-01-19,Jawa Timur,Offline,C01824,Retail,SR08,Smartphone,Smartphone Lumo X,1,0.05,Completed,5500000.0,5225000.0,4764900.0
ORD-101240,2025-01-19,Kalimantan,Online,C00400,UMKM,SYS-ONLINE,Printer & Tinta,Tinta Botol Set CMYK,1,0.1,Completed,280000.0,252000.0,163700.0
ORD-101241,2025-01-19,Jakarta,Offline,C01654,UMKM,SR01,Aksesoris,Keyboard Mekanik K7,9,0.0,Completed,650000.0,5850000.0,3637800.0
ORD-101242,2025-01-20,Jawa Barat,Offline,C00185,Retail,SR04,Printer & Tinta,Printer InkJet P200,2,0.0,Completed,2100000.0,4200000.0,3377200.0
ORD-101243,2025-01-20,jakarta,Online,C00033,Retail,SYS-ONLINE,Smartphone,Smartphone Lumo X,1,0.05,Completed,5500000.0,5225000.0,4800200.0
ORD-101244,2025-01-20,Kalimantan,Offline,C00687,Retail,SR13,Smartphone,Smartphone Lumo A5,1,0.0,Completed,2800000.0,2800000.0,2438000.0
ORD-101245,2025-01-20,Kalimantan,Offline,C00999,UMKM,SR13,Printer & Tinta,Printer InkJet P200,5,0.0,Completed,2100000.0,10500000.0,8569000.0
ORD-101246,2025-01-20,Jakarta,Offline,C01014,Retail,SR01,Smartphone,Smartphone Lumo X,1,0.0,Completed,5500000.0,5500000.0,4731300.0
ORD-101247,2025-01-20,Jawa Barat,Offline,C00497,Retail,SR06,aksesoris ,Keyboard Mekanik K7,5,0.1,Completed,650000.0,2925000.0,1974500.0
ORD-101248,2025-01-20,Jakarta,Offline,C01536,UMKM,SR02,Aksesoris,Keyboard Mekanik K7,5,0.0,Completed,650000.0,3250000.0,1984500.0
ORD-101249,2025-01-20,Jawa Timur,Offline,K0058,Korporat,SR09,Laptop,Laptop Axio 14,3,0.05,Completed,8500000.0,24225000.0,22640400.0
ORD-101249,2025-01-20,Jawa Timur,Offline,K0058,Korporat,SR09,Laptop,Laptop Axio 14,3,0.05,Completed,8500000.0,24225000.0,22640400.0
ORD-101250,2025-01-20,Jakarta,Offline,K0016,Korporat,SR01,Networking,Switch 8 Port S8,103,0.12,Completed,450000.0,40788000.0,30539500.0
ORD-101251,2025-01-20,Sulawesi,Online,C02310,UMKM,SYS-ONLINE,Networking,Router WiFi 6 R600,1,0.05,Completed,1200000.0,1140000.0,844900.0
ORD-101252,2025-01-20,,Online,C00766,Retail,SYS-ONLINE,Peralatan Kantor,Kursi Ergonomis E1,2,0.15,Completed,1900000.0,3230000.0,2625200.0
ORD-101253,2025-01-21,Jawa Barat,Online,C01444,Retail,SYS-ONLINE,Printer & Tinta,Tinta Botol Set CMYK,2,0.1,Completed,280000.0,504000.0,329200.0
ORD-101254,2025-01-21,Jawa Barat,Offline,C01894,Retail,SR05,Aksesoris,Keyboard Mekanik K7,1,0.0,Completed,650000.0,650000.0,403600.0
ORD-101255,2025-01-21,Kalimantan,Offline,C00774,Retail,SR13,Smartphone,Smartphone Lumo X,2,0.0,Completed,5500000.0,11000000.0,9566800.0
ORD-101256,2025-01-21,Sumatera,Online,C01722,UMKM,SYS-ONLINE,Peralatan Kantor,Kertas A4 80gsm (rim),4,0.0,Completed,55000.0,220000.0,150000.0
ORD-101257,2025-01-21,Sumatera,Online,C01356,UMKM,SYS-ONLINE,Smartphone,Smartphone Lumo X,5,0.05,Completed,5500000.0,26125000.0,23875000.0
ORD-101258,2025-01-21,Jakarta,Offline,C00567,Retail,SR02,Laptop,Laptop Veno 13,1,0.05,Completed,6200000.0,5890000.0,5565700.0
ORD-101259,2025-01-22,Sulawesi,Offline,C02202,Retail,SR16,Networking,Switch 8 Port S8,2,0.05,Completed,450000.0,855000.0,
ORD-101260,2025-01-22,Jawa Barat,Offline,C02326,Retail,SR05,Printer & Tinta,Printer InkJet P200,1,0.1,Completed,2100000.0,1890000.0,1708300.0
ORD-101261,2025-01-22,Jawa Timur,Online,C02034,Retail,SYS-ONLINE,Peralatan Kantor,Kursi Ergonomis E1,3,0.1,Completed,1900000.0,5130000.0,3898500.0
ORD-101262,2025-01-22,Jakarta,Offline,C01532,UMKM,SR03,Networking,Switch 8 Port S8,11,0.0,Completed,450000.0,4950000.0,
ORD-101263,2025-01-22,Sumatera,Offline,C01276,UMKM,SR11,Smartphone,Smartphone Lumo X,2,0.0,Completed,5500000.0,11000000.0,9583200.0
ORD-101264,2025-01-22,Sumatera,Offline,C02027,Retail,SR11,Laptop,Laptop Axio Pro 15,2,5.0,Completed,13000000.0,24700000.0,23578600.0
ORD-101265,2025-01-22,Kalimantan,Offline,C01433,UMKM,SR13,Printer & Tinta,Printer InkJet P200,4,0.05,Completed,2100000.0,7980000.0,6786400.0
ORD-101266,2025-01-22,Sumatera,Offline,C00719,UMKM,SR11,Laptop,Laptop Axio 14,1,5.0,Completed,8500000.0,8075000.0,7567000.0
RET-101239,2025-01-22,Jawa Timur,Offline,C01824,Retail,SR08,Smartphone,Smartphone Lumo X,-1,0.05,Returned,5500000.0,-5225000.0,-4764900.0
ORD-101267,2025-01-23,Jakarta,Online,C01598,Retail,SYS-ONLINE,Aksesoris,Keyboard Mekanik K7,3,0.0,Completed,650000.0,1950000.0,1202100.0
ORD-101268,2025-01-23,Sumatera,Offline,K0157,Korporat,SR12,Aksesoris,Keyboard Mekanik K7,19,0.0,Completed,650000.0,12350000.0,7638000.0
ORD-101269,2025-01-23,Jakarta,Offline,C01631,UMKM,SR02,Smartphone,Smartphone Lumo X,3,0.05,Completed,5500000.0,15675000.0,14429400.0
ORD-101270,2025-01-23,Jakarta,Online,C01498,UMKM,SYS-ONLINE,Laptop,Laptop Axio Pro 15,3,0.05,Completed,13000000.0,37050000.0,35029200.0
ORD-101271,2025-01-23,Kalimantan,Offline,C02389,UMKM,SR13,Printer & Tinta,Tinta Botol Set CMYK,4,0.05,Completed,280000.0,1064000.0,668000.0
ORD-101272,2025-01-23,Jakarta,Offline,C00662,UMKM,SR02,Aksesoris,Headset USB H3,5,0.05,Completed,350000.0,1662500.0,1050500.0
ORD-101273,2025-01-23,Jawa Barat,Offline,C00292,UMKM,SR04,Peralatan Kantor,Kursi Ergonomis E1,7,0.05,Completed,1900000.0,12635000.0,9064300.0
ORD-101274,2025-01-23,Kalimantan,Offline,C01465,Retail,SR14,Networking,Router WiFi 6 R600,3,0.0,Completed,1200000.0,3600000.0,2547600.0
ORD-101275,2025-01-23,Jawa Timur,Offline,C01777,Retail,SR07,HP,Smartphone Lumo A5,1,5.0,Completed,2800000.0,2660000.0,2465300.0
ORD-101276,2025-01-23,Jakarta,Offline,C02243,UMKM,SR03,Printer & Tinta,Tinta Botol Set CMYK,4,0.0,Completed,280000.0,1120000.0,668400.0
ORD-101277,2025-01-23,,Online,K0163,Korporat,SYS-ONLINE,Peralatan Kantor,Kursi Ergonomis E1,25,0.0,Completed,1900000.0,47500000.0,32627500.0
ORD-101278,2025-01-24,Jakarta,Online,C00057,Retail,SYS-ONLINE,Networking,Switch 8 Port S8,2,0.1,Completed,450000.0,810000.0,
ORD-101279,2025-01-24,Jabar,Online,C01491,Retail,SYS-ONLINE,Networking,Router WiFi 6 R600,4,0.0,Completed,1200000.0,4800000.0,
ORD-101280,2025-01-24,Sumatra,Offline,C01412,Retail,SR10,Printer & Tinta,Tinta Botol Set CMYK,1,0.0,Completed,280000.0,280000.0,165600.0
ORD-101281,2025-01-24,Sumatera,Offline,C02269,Retail,SR11,Smartphone,Smartphone Lumo X,1,0.0,Completed,5500000.0,5500000.0,4755500.0
ORD-101282,2025-01-25,Jakarta,Offline,C00304,Retail,SR02,networking,Router WiFi 6 R600,2,0.0,Completed,1200000.0,2400000.0,
ORD-101283,2025-01-25,Jawa Barat,Offline,C00643,Retail,SR06,Networking,Switch 8 Port S8,5,0.0,Completed,450000.0,2250000.0,
ORD-101284,2025-01-25,Jakarta,Online,C00451,UMKM,SYS-ONLINE,Printer & Tinta,Printer InkJet P200,3,0.05,Completed,2100000.0,5985000.0,5065800.0
ORD-101285,2025-01-25,Jakarta,Offline,C02226,Retail,SR01,Aksesoris,Mouse Wireless M20,3,0.0,Completed,180000.0,540000.0,313500.0
ORD-101286,2025-01-25,Jawa Barat,Offline,C01843,UMKM,SR04,Aksesoris,Power Bank 20000mAh,14,0.0,Completed,320000.0,4480000.0,2795800.0
ORD-101287,2025-01-25,Kalimantan,Online,C01669,Retail,SYS-ONLINE,Aksesoris,Mouse Wireless M20,1,0.05,Completed,180000.0,171000.0,103600.0
ORD-101288,2025-01-25,Jawa Timur,Online,C00811,UMKM,SYS-ONLINE,aksesoris ,Keyboard Mekanik K7,14,0.05,Completed,650000.0,8645000.0,5544000.0
ORD-101289,2025-01-26,Sumatera,Offline,C01325,Retail,SR10,Networking,Router WiFi 6 R600,2,0.05,Completed,1200000.0,2280000.0,
ORD-101290,2025-01-26,Sulawesi,Online,C00494,UMKM,SYS-ONLINE,Aksesoris,Power Bank 20000mAh,10,0.05,Completed,320000.0,3040000.0,1982000.0
ORD-101291,2025-01-26,Kalimantan,Offline,C01226,Retail,SR15,Laptop,Laptop Veno 13,2,10.0,Completed,6200000.0,11160000.0,10934800.0
ORD-101292,2025-01-26,Jawa Barat,Online,C01079,Retail,SYS-ONLINE,Smartphone,Smartphone Lumo A5,2,0.05,Completed,2800000.0,5320000.0,4898600.0
ORD-101293,2025-01-26,Jawa Timur,Online,C01147,Retail,SYS-ONLINE,Peralatan Kantor,Kertas A4 80gsm (rim),5,0.0,Completed,55000.0,275000.0,192000.0
ORD-101294,2025-01-27,Sumatera,Online,K0013,Korporat,SYS-ONLINE,Smartphone,Smartphone Lumo X,10,0.1,Completed,5500000.0,49500000.0,47470000.0
ORD-101295,2025-01-27,Sulawesi,Offline,C00448,Retail,SR18,Aksesoris,Keyboard Mekanik K7,1,0.0,Completed,650000.0,650000.0,400300.0
ORD-101296,2025-01-27,Jawa Timur,Offline,C00927,Retail,SR08,Peralatan Kantor,Kertas A4 80gsm (rim),5,0.0,Completed,55000.0,275000.0,189000.0
ORD-101297,2025-01-28,Sumatera,Offline,K0009,Korporat,SR10,Smartphone,Smartphone Lumo A5,6,0.05,Completed,2800000.0,15960000.0,14586600.0
ORD-101298,2025-01-28,Jawa Timur,Offline,C01444,Retail,SR08,Networking,Switch 8 Port S8,3,0.1,Completed,450000.0,1215000.0,886500.0
ORD-101299,2025-01-28,Jakarta,Offline,C00357,Retail,SR02,Networking,Switch 8 Port S8,5,0.05,Completed,450000.0,2137500.0,
ORD-101300,2025-01-28,Kalimantan,Offline,K0090,Korporat,SR15,Aksesoris,Keyboard Mekanik K7,28,5.0,Completed,650000.0,17290000.0,11272800.0
ORD-101301,2025-01-28,Jawa Barat,Offline,C01992,Retail,SR05,Laptop,Laptop Axio Pro 15,2,0.0,Cancelled,13000000.0,26000000.0,23412600.0
RET-101267,2025-01-28,Jakarta,Online,C01598,Retail,SYS-ONLINE,Aksesoris,Keyboard Mekanik K7,-3,0.0,Returned,650000.0,-1950000.0,-1202100.0
ORD-101302,2025-01-29,Jakarta,Online,K0097,Korporat,SYS-ONLINE,Peralatan Kantor,Kertas A4 80gsm (rim),4,0.05,Cancelled,55000.0,209000.0,152800.0
ORD-101303,2025-01-29,Jawa Timur,Offline,C00275,UMKM,SR08,Peralatan Kantor,Kertas A4 80gsm (rim),3,0.0,Completed,55000.0,165000.0,115200.0
ORD-101304,2025-01-29,Sumatera,Offline,C01045,Retail,SR11,Smartphone,Smartphone Lumo A5,1,0.0,Cancelled,2800000.0,2800000.0,2395100.0
ORD-101305,2025-01-29,Jakarta,Offline,C01173,Retail,SR02,Networking,Router WiFi 6 R600,2,0.1,Completed,1200000.0,2160000.0,
ORD-101306,2025-01-29,Jakarta,Offline,C02122,Retail,SR01,Smartphone,Smartphone Lumo A5,1,0.0,Completed,2800000.0,2800000.0,2406800.0
ORD-101307,2025-01-30,Jawa Timur,Offline,C00329,UMKM,SR09,Peralatan Kantor,Kertas A4 80gsm (rim),12,0.05,Completed,55000.0,627000.0,451200.0
ORD-101308,2025-01-30,Jawa Timur,Online,C02278,Retail,SYS-ONLINE,Laptop,Laptop Axio Pro 15,2,0.1,Completed,13000000.0,23400000.0,22978000.0
ORD-101309,2025-01-30,Jakarta,Online,C00085,Retail,SYS-ONLINE,Laptop,Laptop Axio 14,2,0.1,Completed,8500000.0,15300000.0,15028600.0
ORD-101310,2025-01-31,Jakarta,Online,C02391,Retail,SYS-ONLINE,Peralatan Kantor,Kertas A4 80gsm (rim),5,0.05,Completed,55000.0,261250.0,189000.0
ORD-101311,2025-01-31,Jakarta,Offline,C00685,Retail,SR02,Peralatan Kantor,Kursi Ergonomis E1,1,0.05,Completed,1900000.0,1805000.0,1287600.0
ORD-101312,2025-01-31,Jawa Timur,Offline,C00123,UMKM,SR09,Smartphone,Smartphone Lumo A5,4,0.0,Completed,2800000.0,11200000.0,9634400.0
ORD-101313,2025-01-31,Sulawesi,Offline,K0122,Korporat,SR17,Laptop,Laptop Veno 13,9,0.05,Completed,6200000.0,53010000.0,49340700.0
ORD-101314,2025-01-31,Sulawesi,Online,C01449,Retail,SYS-ONLINE,Printer & Tinta,Printer InkJet P200,2,0.05,Completed,2100000.0,3990000.0,3421400.0
ORD-101315,2025-01-31,Jakarta,Offline,C00951,Retail,SR02,Peralatan Kantor,Kursi Ergonomis E1,1,0.0,Completed,1900000.0,1900000.0,1315600.0
ORD-101316,2025-01-31,Sumatra,Online,C01565,UMKM,SYS-ONLINE,Laptop,Laptop Axio Pro 15,4,0.05,Completed,13000000.0,49400000.0,46006000.0
ORD-101317,2025-01-31,Jakarta,Online,C00499,Retail,SYS-ONLINE,Aksesoris,Power Bank 20000mAh,2,0.05,Completed,320000.0,608000.0,396200.0
ORD-101107,2025-01-02,Jawa Timur,Offline,C00656,Retail,SR08,Aksesoris,Keyboard Mekanik K7,2,0.0,Completed,650000.0,1300000.0,
ORD-101108,2025-01-02,Jawa Barat,Offline,C00594,Retail,SR06,Peralatan Kantor,Kertas A4 80gsm (rim),2,0.05,Completed,55000.0,104500.0,77000.0
ORD-101109,2025-01-02,SULAWESI,Online,C02188,Retail,SYS-ONLINE,Printer & Tinta,Printer InkJet P200,1,0.05,Completed,2100000.0,1995000.0,1678700.0
ORD-101110,2025-01-02,Sumatera,Online,C00438,UMKM,SYS-ONLINE,laptop,Laptop Veno 13,2,0.0,Completed,6200000.0,12400000.0,11199800.0
ORD-101111,2025-01-02,Jakarta,Online,C01417,UMKM,SYS-ONLINE,Aksesoris,Power Bank 20000mAh,7,0.1,Completed,320000.0,2016000.0,1411900.0
ORD-101112,2025-01-02,Sumatera,Offline,C00924,UMKM,SR10,Peralatan Kantor,Kertas A4 80gsm (rim),13,0.0,Completed,55000.0,715000.0,494000.0
ORD-101327,2025-02-02,Jawa barat ,Offline,C00653,UMKM,SR06,Smartphone,Smartphone Lumo X,2,0.0,Completed,5500000.0,11000000.0,9558400.0
ORD-101328,2025-02-02,Sulawesi,Offline,K0079,Korporat,SR17,Peralatan Kantor,Kertas A4 80gsm (rim),151,0.08,Completed,55000.0,7640600.0,5753100.0
ORD-101329,2025-02-02,SULAWESI,Offline,C00107,Retail,SR16,Smartphone,Smartphone Lumo X,2,0.05,Completed,5500000.0,10450000.0,9503200.0
ORD-101330,2025-02-02,Sumatera,Offline,C00209,Retail,SR10,Aksesoris,Power Bank 20000mAh,5,0.0,Completed,320000.0,1600000.0,1005000.0
ORD-101331,2025-02-02,Sumatera,Offline,C01792,Retail,SR11,Aksesoris,Headset USB H3,5,0.0,Completed,350000.0,1750000.0,1040000.0
ORD-101332,2025-02-02,Jawa barat ,Offline,C00065,Retail,SR04,Aksesoris,Mouse Wireless M20,2,0.1,Completed,180000.0,324000.0,207600.0
ORD-101333,2025-02-02,Kalimantan,Offline,C00762,Retail,SR15,Smartphone,Smartphone Lumo A5,2,5.0,Completed,2800000.0,5320000.0,4926800.0
ORD-101334,2025-02-02,Sulawesi,Offline,C00350,UMKM,SR18,Smartphone,Smartphone Lumo A5,1,0.0,Completed,2800000.0,2800000.0,2420900.0
ORD-101335,2025-02-02,Jakarta,Offline,C00553,UMKM,SR03,Aksesoris,Keyboard Mekanik K7,7,0.0,Completed,650000.0,4550000.0,2828700.0
ORD-101336,2025-02-02,Kalimantan,Offline,C01254,Retail,SR15,Laptop,Laptop Axio 14,2,5.0,Completed,8500000.0,16150000.0,15347000.0
ORD-101337,2025-02-02,Sulawesi,Offline,C01465,UMKM,SR16,Smartphone,Smartphone Lumo X,5,0.1,Completed,5500000.0,24750000.0,24189000.0
ORD-101580,2025-03-02,,E-Commerce,K0059,Korporat,SYS-ONLINE,Laptop,Laptop Axio Pro 15,4,0.0,Completed,13000000.0,52000000.0,46538000.0
ORD-101581,2025-03-02,Jawa Barat,Offline,C02060,Retail,SR05,Laptop,Laptop Axio Pro 15,1,0.1,Completed,13000000.0,11700000.0,11732900.0
ORD-101582,2025-03-02,Jawa Barat,Offline,C00382,Retail,SR06,Aksesoris,Headset USB H3,3,0.05,Completed,350000.0,997500.0,628500.0
ORD-101583,2025-03-02,Sulawesi,Offline,C02383,Retail,SR17,Peralatan Kantor,Kursi Ergonomis E1,4,0.0,Completed,1900000.0,7600000.0,5144800.0
ORD-101584,2025-03-02,Jawa Barat,Offline,C01701,Retail,SR06,Printer & Tinta,Tinta Botol Set CMYK,1,0.05,Completed,280000.0,266000.0,165900.0
ORD-101585,2025-03-02,Jawa barat ,Online,C01511,UMKM,SYS-ONLINE,Printer & Tinta,Tinta Botol Set CMYK,4,0.05,Completed,280000.0,1064000.0,661600.0
ORD-101586,2025-03-02,Jawa Timur,Offline,C02289,Retail,SR09,Networking,Switch 8 Port S8,5,0.0,Completed,450000.0,2250000.0,
ORD-101587,2025-03-02,Jawa Barat,Offline,C00095,UMKM,SR06,Aksesoris,Mouse Wireless M20,5,0.0,Completed,180000.0,900000.0,528000.0
ORD-101588,2025-03-02,Sulawesi,Offline,C00640,UMKM,SR18,Peralatan Kantor,Kertas A4 80gsm (rim),13,0.0,Completed,55000.0,715000.0,494000.0
ORD-101589,2025-03-02,Jakarta,Online,C00812,UMKM,SYS-ONLINE,Networking,Switch 8 Port S8,1,0.0,Completed,450000.0,450000.0,
ORD-101590,2025-03-02,Jawa Barat,Offline,C01625,Retail,SR04,Aksesoris,Headset USB H3,5,0.0,Completed,350000.0,1750000.0,1036000.0
ORD-101591,2025-03-02,Jawa Timur,Offline,C00549,UMKM,SR09,Smartphone,Smartphone Lumo X,3,0.0,Completed,5500000.0,16500000.0,14357700.0
ORD-101592,2025-03-02,Sumatera,Offline,C01567,Retail,SR11,Networking,Router WiFi 6 R600,2,5.0,Completed,1200000.0,2280000.0,1720000.0
ORD-101593,2025-03-02,Kalimantan,Offline,C01474,UMKM,SR13,Laptop,Laptop Axio Pro 15,2,0.0,Completed,13000000.0,26000000.0,23393600.0
ORD-101594,2025-03-02,Jawa Barat,Online,C00425,Retail,SYS-ONLINE,Smartphone,Smartphone Lumo X,1,0.0,Completed,5500000.0,5500000.0,4870100.0
ORD-101595,2025-03-02,Kalimantan,Online,C00339,Retail,SYS-ONLINE,Printer & Tinta,Printer InkJet P200,2,0.05,Completed,2100000.0,3990000.0,3401800.0
RET-101542,2025-03-02,Jawa Barat,Offline,C00475,Retail,SR04,Smartphone,Smartphone Lumo A5,-1,0.1,Returned,2800000.0,-2520000.0,-2398900.0
ORD-101951,2025-04-02,Jawa Barat,Offline,C01350,Retail,SR05,Aksesoris,Keyboard Mekanik K7,1,0.0,Completed,650000.0,650000.0,405200.0
ORD-101952,2025-04-02,Jawa Timur,Offline,K0163,Korporat,SR09,Smartphone,Smartphone Lumo A5,4,0.0,Completed,2800000.0,11200000.0,9709600.0
ORD-101953,2025-04-02,Sumatera,online,C00318,UMKM,SYS-ONLINE,Peralatan Kantor,Kertas A4 80gsm (rim),12,0.1,Completed,55000.0,594000.0,462000.0
ORD-101954,2025-04-02,Jakarta,online,K0139,Korporat,SYS-ONLINE,Aksesoris,Headset USB H3,48,0.15,Completed,350000.0,14280000.0,
ORD-101955,2025-04-02,Jakarta,Offline,C01117,UMKM,SR01,Aksesoris,Power Bank 20000mAh,1,0.0,Completed,320000.0,320000.0,197800.0
ORD-101956,2025-04-02,Kalimantan,Offline,C01800,Retail,SR13,Peralatan Kantor,Kertas A4 80gsm (rim),2,0.0,Completed,55000.0,110000.0,75400.0
ORD-102161,2025-05-02,Sumatera,Offline,C00936,UMKM,SR10,Networking,Router WiFi 6 R600,2,0.0,Completed,1200000.0,2400000.0,1679600.0
ORD-102162,2025-05-02,Jawa Barat,Offline,C00114,UMKM,SR04,Printer & Tinta,Printer InkJet P200,4,0.0,Completed,2100000.0,8400000.0,6800000.0
ORD-102163,2025-05-02,Sumatera,Online,C02011,Retail,SYS-ONLINE,Peralatan Kantor,Kursi Ergonomis E1,2,0.0,Completed,1900000.0,3800000.0,2624200.0
ORD-102164,2025-05-02,Sulawesi,Offline,K0169,Korporat,SR17,Laptop,Laptop Axio Pro 15,10,0.05,Completed,13000000.0,123500000.0,116215000.0
ORD-102164,2025-05-02,Sulawesi,Offline,K0169,Korporat,SR17,Laptop,Laptop Axio Pro 15,10,0.05,Completed,13000000.0,123500000.0,116215000.0
ORD-102165,2025-05-02,Jawa Timur,Offline,C00141,Retail,SR09,Printer & Tinta,Printer InkJet P200,1,0.1,Completed,2100000.0,1890000.0,1692000.0
ORD-102166,2025-05-02,Kalimantan,Offline,C01003,UMKM,SR14,Peralatan Kantor,Kertas A4 80gsm (rim),6,0.0,Completed,55000.0,330000.0,228600.0
ORD-102167,2025-05-02,Jawa Timur,Offline,C00727,UMKM,SR07,Laptop,Laptop Axio Pro 15,2,0.0,Completed,13000000.0,26000000.0,23248200.0
ORD-102168,2025-05-02,Kalimantan,Offline,K0042,Korporat,SR15,Aksesoris,Power Bank 20000mAh,2,0.0,Completed,320000.0,640000.0,395800.0
ORD-102432,2025-06-02,Sumatera,Online,C01926,Retail,SYS-ONLINE,Peralatan Kantor,Kertas A4 80gsm (rim),3,0.05,Completed,55000.0,156750.0,114900.0
ORD-102433,2025-06-02,Jakarta,Online,C02166,UMKM,SYS-ONLINE,Laptop,Laptop Axio 14,2,0.1,Completed,8500000.0,15300000.0,15249400.0
ORD-102434,2025-06-02,Jawa Timur,Offline,C01472,UMKM,SR09,Laptop,Laptop Axio 14,3,0.0,Cancelled,8500000.0,25500000.0,22695600.0
ORD-102435,2025-06-02,Jakarta,Online,C02097,UMKM,SYS-ONLINE,Smartphone,Smartphone Lumo X,3,0.15,Completed,5500000.0,14025000.0,14490900.0
ORD-102436,2025-06-02,Jakarta,Offline,C00088,Retail,SR03,Printer & Tinta,Tinta Botol Set CMYK,2,0.05,Completed,280000.0,532000.0,329200.0
ORD-102437,2025-06-02,Sumatera,Offline,C02237,Retail,SR10,Networking,Switch 8 Port S8,3,0.0,Completed,450000.0,1350000.0,
ORD-102438,2025-06-02,Jawa Barat,Offline,C00017,Retail,SR04,Aksesoris,Headset USB H3,3,0.05,Completed,350000.0,997500.0,628200.0
ORD-102439,2025-06-02,Sumatera,Offline,C01630,UMKM,SR11,Aksesoris,Power Bank 20000mAh,9,0.0,Completed,320000.0,2880000.0,1797300.0
ORD-102676,2025-07-02,Sulawesi,Offline,C01387,Retail,SR18,Laptop,Laptop Axio 14,1,0.05,Completed,8500000.0,8075000.0,7582500.0
ORD-102677,2025-07-02,Jakarta,Offline,C02010,Retail,SR01,Aksesoris,Mouse Wireless M20,1,0.05,Completed,180000.0,171000.0,104900.0
ORD-102678,2025-07-02,Jawa Timur,Online,C00747,Retail,SYS-ONLINE,Networking,Router WiFi 6 R600,1,0.05,Completed,1200000.0,1140000.0,844000.0
ORD-102679,2025-07-02,Jawa Barat,Offline,C00883,UMKM,SR05,Laptop,Laptop Axio Pro 15,2,0.0,Completed,13000000.0,26000000.0,23211800.0
ORD-102680,2025-07-02,Kalimantan,Online,C00227,UMKM,SYS-ONLINE,Networking,Router WiFi 6 R600,4,0.05,Completed,1200000.0,4560000.0,3386000.0
ORD-102681,2025-07-02,Jawa Timur,Offline,C00300,UMKM,SR07,Smartphone,Smartphone Lumo A5,1,5.0,Completed,2800000.0,2660000.0,2411300.0
ORD-102966,2025-08-02,Jakarta,Offline,C01991,Retail,SR01,Peralatan Kantor,Kursi Ergonomis E1,5,0.0,Completed,1900000.0,9500000.0,6462500.0
ORD-102967,2025-08-02,Jawa Timur,Offline,C01289,UMKM,SR07,Networking,Switch 8 Port S8,4,0.0,Completed,450000.0,1800000.0,
ORD-102968,2025-08-02,Sumatera,Online,C01155,UMKM,SYS-ONLINE,Aksesoris,Power Bank 20000mAh,14,0.05,Completed,320000.0,4256000.0,2798600.0
ORD-102969,2025-08-02,Sumatera,Offline,C02136,Retail,SR12,Printer & Tinta,Printer InkJet P200,2,0.0,Completed,2100000.0,4200000.0,3393800.0
ORD-102970,2025-08-02,Sulawesi,Offline,C02174,UMKM,SR16,Laptop,Laptop Axio Pro 15,4,0.0,Completed,13000000.0,52000000.0,47012800.0
RET-102913,2025-08-02,Jawa Barat,Offline,K0129,Korporat,SR06,Networking,Switch 8 Port S8,-35,0.0,Returned,450000.0,-15750000.0,
ORD-103233,2025-09-02,Jawa Timur,Offline,C00190,UMKM,SR07,Laptop,Laptop Axio 14,4,0.0,Completed,8500000.0,34000000.0,30408000.0
ORD-103234,2025-09-02,Jawa Timur,Online,C01280,UMKM,SYS-ONLINE,Laptop,Laptop Axio Pro 15,5,0.15,Completed,13000000.0,55250000.0,58612500.0
ORD-103235,2025-09-02,,Online,C02377,Retail,SYS-ONLINE,laptop,Laptop Axio 14,2,0.0,Completed,8500000.0,17000000.0,15074400.0
ORD-103236,2025-09-02,Sulawesi,Offline,C02077,Retail,SR16,Printer & Tinta,Printer InkJet P200,1,0.1,Completed,2100000.0,1890000.0,1685100.0
ORD-103236,2025-09-02,Sulawesi,Offline,C02077,Retail,SR16,Printer & Tinta,Printer InkJet P200,1,0.1,Completed,2100000.0,1890000.0,1685100.0
ORD-103237,2025-09-02,Jakarta,Online,C02023,Retail,SYS-ONLINE,Peralatan Kantor,Kursi Ergonomis E1,5,0.25,Completed,1900000.0,7125000.0,6422000.0
ORD-103238,2025-09-02,Jakarta,Online,C01613,UMKM,SYS-ONLINE,Peralatan Kantor,Kursi Ergonomis E1,13,0.0,Completed,1900000.0,24700000.0,16955900.0
ORD-103239,2025-09-02,Jatim,Offline,C02065,Retail,SR08,aksesoris ,Mouse Wireless M20,5,0.0,Completed,180000.0,900000.0,530000.0
ORD-103240,2025-09-02,Jakarta,Online,C00194,Retail,SYS-ONLINE,Smartphone,Smartphone Lumo X,2,0.3,Completed,5500000.0,7700000.0,9676400.0
ORD-103241,2025-09-02,Jakarta,Offline,C00762,Retail,SR02,Peralatan Kantor,Kertas A4 80gsm (rim),1,0.0,Completed,55000.0,55000.0,38100.0
ORD-103242,2025-09-02,Kalimantan,Online,C00289,UMKM,SYS-ONLINE,Peralatan kantor,Kursi Ergonomis E1,3,0.1,Completed,1900000.0,5130000.0,3922500.0
ORD-103243,2025-09-02,Jawa Timur,Offline,C02245,Retail,SR08,Laptop,Laptop Axio 14,2,0.1,Completed,8500000.0,15300000.0,14999800.0
ORD-103487,2025-10-02,Jakarta,Online,C01718,UMKM,SYS-ONLINE,Laptop,Laptop Veno 13,4,0.15,Completed,6200000.0,21080000.0,22070400.0
ORD-103488,2025-10-02,,Online,C00952,Retail,SYS-ONLINE,Aksesoris,Keyboard Mekanik K7,1,0.1,Completed,650000.0,585000.0,404800.0
ORD-103489,2025-10-02,,Online,C02390,Retail,SYS-ONLINE,Peralatan Kantor,Kursi Ergonomis E1,5,0.05,Completed,1900000.0,9025000.0,6461500.0
ORD-103490,2025-10-02,Jawa Barat,Offline,C02081,UMKM,SR05,Aksesoris,Power Bank 20000mAh,6,0.05,Completed,320000.0,1824000.0,1207200.0
ORD-103491,2025-10-02,Sumatera,Offline,C01166,Retail,SR12,Aksesoris,Headset USB H3,4,0.0,Completed,350000.0,1400000.0,848400.0
ORD-103492,2025-10-02,Kalimantan,Online,C00905,Retail,SYS-ONLINE,Networking,Router WiFi 6 R600,5,0.1,Completed,1200000.0,5400000.0,4274000.0
ORD-103751,2025-11-02,Jawa Barat,Offline,C00629,UMKM,SR06,Laptop,Laptop Axio Pro 15,3,0.0,Completed,13000000.0,39000000.0,35444400.0
ORD-103752,2025-11-02,Jawa Barat,Offline,C02239,UMKM,SR06,Peralatan Kantor,Kertas A4 80gsm (rim),8,0.0,Completed,55000.0,440000.0,305600.0
ORD-103753,2025-11-02,Jawa Timur,Offline,K0021,Korporat,SR08,Peralatan Kantor,Kursi Ergonomis E1,39,0.3,Completed,1900000.0,51870000.0,49943400.0
ORD-103754,2025-11-02,Jakarta,Offline,C00537,UMKM,SR03,Networking,Switch 8 Port S8,7,0.0,Cancelled,450000.0,3150000.0,2121700.0
ORD-103755,2025-11-02,Kalimantan,Offline,C00106,UMKM,SR14,Aksesoris,Keyboard Mekanik K7,4,0.0,Completed,650000.0,2600000.0,1591200.0
ORD-103756,2025-11-02,Jawa Barat,Offline,K0049,Korporat,SR05,Printer&Tinta,Tinta Botol Set CMYK,2,0.05,Completed,280000.0,532000.0,330400.0
ORD-103757,2025-11-02,Jawa Barat,Offline,C01038,Retail,SR05,Aksesoris,Headset USB H3,3,0.1,Completed,350000.0,945000.0,634200.0
ORD-103758,2025-11-02,Jawa Timur,Offline,C01734,Retail,SR08,Aksesoris,Keyboard Mekanik K7,1,0.05,Completed,650000.0,617500.0,395900.0
ORD-103759,2025-11-02,Jakarta,Offline,K0023,Korporat,SR02,Aksesoris,Power Bank 20000mAh,30,0.0,Completed,320000.0,9600000.0,5985000.0
ORD-103760,2025-11-02,Jawa Barat,Offline,C00184,UMKM,SR05,Smartphone,Smartphone Lumo A5,1,0.05,Completed,2800000.0,2660000.0,2407600.0
ORD-103761,2025-11-02,Jakarta,Offline,C01168,UMKM,SR02,Peralatan Kantor,Kursi Ergonomis E1,10,0.0,Completed,1900000.0,19000000.0,13076000.0
ORD-103762,2025-11-02,Jawa Barat,Online,K0008,Korporat,SYS-ONLINE,Peralatan Kantor,Kertas A4 80gsm (rim),18,0.0,Completed,55000.0,990000.0,693000.0
ORD-103763,2025-11-02,Jawa Barat,Online,C02291,Retail,SYS-ONLINE,Aksesoris,Power Bank 20000mAh,3,0.05,Completed,320000.0,912000.0,605700.0
ORD-104078,2025-12-02,Jakarta,Offline,C00822,Retail,SR03,Laptop,Laptop Axio Pro 15,1,0.0,Completed,13000000.0,13000000.0,11620800.0
ORD-104079,2025-12-02,Jakarta,Online,C01105,UMKM,SYS-ONLINE,Networking,Switch 8 Port S8,14,0.15,Completed,450000.0,5355000.0,
ORD-104080,2025-12-02,Kalimantan,Online,C01882,Retail,SYS-ONLINE,Laptop,Laptop Axio Pro 15,1,0.1,Completed,13000000.0,11700000.0,11604900.0
ORD-104081,2025-12-02,Jawa Barat,Offline,C02178,UMKM,SR05,Smartphone,Smartphone Lumo A5,1,0.05,Completed,2800000.0,2660000.0,2448100.0
ORD-104082,2025-12-02,Jakarta,Online,C00422,Retail,SYS-ONLINE,Laptop,Laptop Axio 14,2,0.1,Completed,8500000.0,15300000.0,15280200.0
ORD-104083,2025-12-02,Sumatera,Online,C00578,UMKM,SYS-ONLINE,Peralatan Kantor,Kursi Ergonomis E1,9,0.05,Completed,1900000.0,16245000.0,11587500.0
ORD-104083,2025-12-02,Sumatera,Online,C00578,UMKM,SYS-ONLINE,Peralatan Kantor,Kursi Ergonomis E1,9,0.05,Completed,1900000.0,16245000.0,11587500.0
ORD-104084,2025-12-02,Jawa Timur,Offline,C00842,Retail,SR08,Peralatan Kantor,Kursi Ergonomis E1,5,0.25,Completed,1900000.0,7125000.0,6437500.0
ORD-104085,2025-12-02,Jakarta,Offline,C00535,Retail,SR02,Laptop,Laptop Axio Pro 15,2,0.0,Completed,13000000.0,26000000.0,23610200.0
ORD-104086,2025-12-02,Sulawesi,Online,C01276,Retail,SYS-ONLINE,Laptop,Laptop Axio 14,2,0.25,Completed,8500000.0,12750000.0,15363600.0
ORD-104087,2025-12-02,Jakarta,Online,C01246,Retail,SYS-ONLINE,Smartphone,Smartphone Lumo A5,1,0.05,Completed,2800000.0,2660000.0,2464500.0
ORD-104088,2025-12-02,Jawa Timur,Offline,C02255,Retail,SR08,ATK,Kursi Ergonomis E1,1,0.05,Completed,1900000.0,1805000.0,1286200.0
ORD-104089,2025-12-02,Kalimantan,Offline,C01322,UMKM,SR13,Smartphone,Smartphone Lumo X,5,0.0,Completed,5500000.0,27500000.0,23759500.0
ORD-104090,2025-12-02,Kalimantan,Offline,C02111,Retail,SR13,Laptop,Laptop Axio 14,2,0.0,Completed,8500000.0,17000000.0,15074200.0
ORD-104091,2025-12-02,Sulawesi,Online,K0176,Korporat,SYS-ONLINE,Aksesoris,Headset USB H3,44,0.05,Completed,350000.0,14630000.0,9279600.0
ORD-104092,2025-12-02,Jakarta,Online,C00792,UMKM,SYS-ONLINE,Aksesoris,Headset USB H3,4,0.05,Completed,350000.0,1330000.0,841600.0
ORD-104093,2025-12-02,Kalimantan,E-Commerce,C02376,Retail,SYS-ONLINE,Smartphone,Smartphone Lumo A5,2,0.0,Completed,2800000.0,5600000.0,4829600.0
ORD-101424,2025-02-13,DKI Jakarta,Online,K0009,Korporat,SYS-ONLINE,Printer & Tinta,Tinta Botol Set CMYK,9,0.05,Completed,280000.0,2394000.0,1467900.0
ORD-101425,2025-02-13,Jakarta,Online,C01478,Retail,SYS-ONLINE,Aksesoris,Keyboard Mekanik K7,4,0.05,Completed,650000.0,2470000.0,1588400.0
ORD-101425,2025-02-13,Jakarta,Online,C01478,Retail,SYS-ONLINE,Aksesoris,Keyboard Mekanik K7,4,0.05,Completed,650000.0,2470000.0,1588400.0
ORD-101426,2025-02-13,Jawa Barat,Offline,C01951,Retail,SR05,Laptop,Laptop Axio Pro 15,2,0.0,Completed,13000000.0,26000000.0,23217200.0
ORD-101427,2025-02-13,Jawa Barat,Offline,C01565,Retail,SR05,Laptop,Laptop Axio Pro 15,2,0.05,Completed,13000000.0,24700000.0,23127000.0
ORD-101428,2025-02-13,Jakarta,Offline,C01515,Retail,SR01,Printer & Tinta,Tinta Botol Set CMYK,1,0.0,Completed,280000.0,280000.0,166200.0
ORD-101429,2025-02-13,Jakarta,Offline,C01963,Retail,SR02,Smartphone,Smartphone Lumo A5,1,0.05,Completed,2800000.0,2660000.0,2458700.0
ORD-101430,2025-02-13,Jawa Barat,Offline,C00009,Retail,SR05,Aksesoris,Power Bank 20000mAh,1,0.0,Completed,320000.0,320000.0,201400.0
ORD-101431,2025-02-13,Jawa Timur,Online,C00620,Retail,SYS-ONLINE,Laptop,Laptop Veno 13,1,0.1,Completed,6200000.0,5580000.0,5527200.0
ORD-101432,2025-02-13,Jawa Barat,Offline,K0123,Korporat,SR05,Smartphone,Smartphone Lumo A5,3,0.05,Completed,2800000.0,7980000.0,7209600.0
ORD-101433,2025-02-13,Kalimantan,Offline,C00622,Retail,SR15,Laptop,Laptop Axio Pro 15,1,0.0,Completed,13000000.0,13000000.0,11742300.0
ORD-101434,2025-02-13,Sumatera,Online,C00207,Retail,SYS-ONLINE,Smartphone,Smartphone Lumo X,2,0.05,Completed,5500000.0,10450000.0,9598000.0
ORD-101435,2025-02-13,Sulawesi,Online,C00564,Retail,SYS-ONLINE,Peralatan Kantor,Kursi Ergonomis E1,5,0.0,Completed,1900000.0,9500000.0,6455000.0
ORD-101436,2025-02-13,Jawa Barat,Online,C00160,Retail,SYS-ONLINE,Laptop,Laptop Axio 14,2,0.05,Completed,8500000.0,16150000.0,15057200.0
ORD-101437,2025-02-13,kalimantan,ONLINE,C00924,UMKM,SYS-ONLINE,Networking,Router WiFi 6 R600,14,0.0,Completed,1200000.0,16800000.0,12041400.0
ORD-101438,2025-02-13,Sumatera,Offline,K0004,Korporat,SR11,Aksesoris,Keyboard Mekanik K7,27,0.0,Completed,650000.0,17550000.0,10867500.0
ORD-101439,2025-02-13,Sumatera,Offline,C01746,Retail,SR12,Smartphone,Smartphone Lumo X,1,0.0,Completed,5500000.0,5500000.0,4785300.0
ORD-101440,2025-02-14,Jawa Timur,Offline,C01474,UMKM,SR07,Aksesoris,Mouse Wireless M20,6,10.0,Completed,180000.0,972000.0,639000.0
ORD-101441,2025-02-14,Jakarta,Online,C00663,UMKM,SYS-ONLINE,Peralatan Kantor,Kursi Ergonomis E1,3,0.05,Completed,1900000.0,5415000.0,3903900.0
ORD-101442,2025-02-14,Jakarta,Offline,C02244,UMKM,SR03,Printer & Tinta,Printer InkJet P200,1,0.05,Completed,2100000.0,1995000.0,1705900.0
ORD-101443,2025-02-14,Sumatra,Offline,C01490,UMKM,SR10,Networking,Router WiFi 6 R600,5,0.1,Completed,1200000.0,5400000.0,
ORD-101444,2025-02-14,Jawa Timur,Offline,C01371,UMKM,SR08,Networking,Router WiFi 6 R600,3,0.0,Completed,1200000.0,3600000.0,2578800.0
ORD-101445,2025-02-14,Jakarta,Online,C01101,Retail,SYS-ONLINE,Networking,Router WiFi 6 R600,2,0.05,Completed,1200000.0,2280000.0,
ORD-101446,2025-02-15,Sumatera,Offline,C01131,Retail,SR10,Aksesoris,Headset USB H3,5,0.0,Completed,350000.0,1750000.0,1059500.0
ORD-101447,2025-02-15,,Online,C01195,Retail,SYS-ONLINE,Laptop,Laptop Axio 14,2,0.05,Completed,8500000.0,16150000.0,15040200.0
ORD-101448,2025-02-15,Jatim,Offline,C01791,Retail,SR08,Peralatan Kantor,Kursi Ergonomis E1,2,0.0,Cancelled,1900000.0,3800000.0,2587200.0
ORD-101449,2025-02-15,Sulawesi,Online,C02109,Retail,SYS-ONLINE,Peralatan Kantor,Kursi Ergonomis E1,1,0.1,Completed,1900000.0,1710000.0,1305900.0
ORD-101450,2025-02-15,Jawa Timur,Online,C02038,Retail,SYS-ONLINE,Networking,Router WiFi 6 R600,3,0.1,Completed,1200000.0,3240000.0,2554200.0
ORD-101451,2025-02-15,Jawa Timur,Online,C00783,UMKM,SYS-ONLINE,Smartphone,Smartphone Lumo X,5,0.05,Completed,5500000.0,26125000.0,23771500.0
ORD-101452,2025-02-15,Jawa Barat,Offline,C02078,Retail,SR05,Aksesoris,Power Bank 20000mAh,3,0.0,Completed,320000.0,960000.0,603600.0
ORD-101453,2025-02-15,Jabar,Online,C01844,Retail,SYS-ONLINE,HP,Smartphone Lumo A5,1,0.0,Completed,2800000.0,2800000.0,2442900.0
ORD-101454,2025-02-15,Sumatera,Online,C02391,Retail,SYS-ONLINE,Networking,Switch 8 Port S8,3,0.05,Completed,450000.0,1282500.0,
ORD-101455,2025-02-16,,Online,C00390,UMKM,SYS-ONLINE,Laptop,Laptop Veno 13,1,0.05,Completed,6200000.0,5890000.0,5624600.0
ORD-101456,2025-02-16,Sumatera,Offline,C01892,Retail,SR10,Aksesoris,Keyboard Mekanik K7,1,0.1,Cancelled,650000.0,585000.0,405100.0
ORD-101457,2025-02-16,JKT ,Online,C01072,Retail,SYS-ONLINE,Aksesoris,Mouse Wireless M20,1,0.0,Completed,180000.0,180000.0,104500.0
ORD-101458,2025-02-16,Jakarta,Online,C02048,Retail,SYS-ONLINE,Printer & Tinta,Tinta Botol Set CMYK,2,0.1,Completed,280000.0,504000.0,329000.0
ORD-101459,2025-02-17,Jawa Timur,Offline,C01087,UMKM,SR08,Peralatan Kantor,Kursi Ergonomis E1,7,0.0,Completed,1900000.0,13300000.0,8979600.0
ORD-101460,2025-02-17,Jawa Barat,Online,K0004,Korporat,SYS-ONLINE,Peralatan Kantor,Kursi Ergonomis E1,43,0.15,Completed,1900000.0,69445000.0,56158000.0
ORD-101461,2025-02-17,Sumatera,Online,C00637,UMKM,SYS-ONLINE,Smartphone,Smartphone Lumo X,2,0.1,Completed,5500000.0,9900000.0,9652400.0
ORD-101462,2025-02-17,Jakarta,Offline,C00934,UMKM,SR02,Printer & Tinta,Tinta Botol Set CMYK,3,0.05,Completed,280000.0,798000.0,501000.0
ORD-101463,2025-02-17,Jakarta,Offline,C02138,UMKM,SR03,Peralatan Kantor,Kursi Ergonomis E1,6,0.05,Completed,1900000.0,10830000.0,7836600.0
ORD-101464,2025-02-17,Jakarta,Offline,C00938,Retail,SR03,Peralatan Kantor,Kursi Ergonomis E1,1,0.0,Completed,1900000.0,1900000.0,1313000.0
ORD-101465,2025-02-17,Sumatera,Offline,C00206,Retail,SR10,Networking,Router WiFi 6 R600,1,0.0,Completed,1200000.0,1200000.0,
ORD-101466,2025-02-17,Sulawesi,Offline,C01722,Retail,SR17,Smartphone,Smartphone Lumo X,1,0.0,Completed,5500000.0,5500000.0,4810500.0
ORD-101467,2025-02-18,Sumatera,Online,C00654,UMKM,SYS-ONLINE,Printer & Tinta,Printer InkJet P200,5,0.0,Completed,2100000.0,10500000.0,8490000.0
ORD-101468,2025-02-18,Jakarta,Online,C00319,UMKM,SYS-ONLINE,Aksesoris,Keyboard Mekanik K7,11,0.0,Completed,650000.0,7150000.0,4397800.0
ORD-101469,2025-02-18,Jawa Timur,Online,C00768,Retail,SYS-ONLINE,Laptop,Laptop Veno 13,2,0.05,Completed,6200000.0,11780000.0,11224600.0
ORD-101470,2025-02-18,Jakarta,Offline,C02386,UMKM,SR02,Peralatan Kantor,Kertas A4 80gsm (rim),9,0.0,Completed,55000.0,495000.0,347400.0
ORD-101471,2025-02-18,Jakarta,Offline,C02047,Retail,SR01,Aksesoris,Headset USB H3,5,0.0,Completed,350000.0,1750000.0,1039500.0
ORD-101472,2025-02-18,Sulawesi,Offline,C02108,UMKM,SR17,Peralatan Kantor,Kursi Ergonomis E1,1,0.0,Completed,1900000.0,1900000.0,1286700.0
ORD-101473,2025-02-18,Sumatra,Online,C01868,Retail,SYS-ONLINE,Networking,Switch 8 Port S8,5,0.05,Completed,450000.0,2137500.0,
ORD-101474,2025-02-18,Sumatera,Offline,C00018,UMKM,SR12,Laptop,Laptop Axio 14,2,0.05,Completed,8500000.0,16150000.0,15094400.0
RET-101400,2025-02-18,Sumatera,Offline,C01448,Retail,SR10,Smartphone,Smartphone Lumo X,-1,0.05,Returned,5500000.0,-5225000.0,-4738200.0
ORD-101475,2025-02-19,Jakarta,Offline,C00309,Retail,SR01,Laptop,Laptop Axio Pro 15,1,0.05,Completed,13000000.0,12350000.0,11736500.0
ORD-101476,2025-02-19,SULAWESI,Offline,K0105,Korporat,SR16,Peralatan Kantor,Kursi Ergonomis E1,39,0.05,Completed,1900000.0,70395000.0,50863800.0
ORD-101477,2025-02-19,Jakarta,Offline,C01147,UMKM,SR03,Smartphone,Smartphone Lumo A5,1,0.0,Completed,2800000.0,2800000.0,2436400.0
ORD-101478,2025-02-19,Jakarta,Offline,C00862,Retail,SR01,Printer & Tinta,Tinta Botol Set CMYK,1,0.0,Completed,280000.0,280000.0,162700.0
ORD-101479,2025-02-19,Kalimantan,Offline,C00621,Retail,SR13,Peralatan Kantor,Kertas A4 80gsm (rim),2,0.1,Completed,55000.0,99000.0,76600.0
ORD-101479,2025-02-19,Kalimantan,Offline,C00621,Retail,SR13,Peralatan Kantor,Kertas A4 80gsm (rim),2,0.1,Completed,55000.0,99000.0,76600.0
ORD-101480,2025-02-19,Sulawesi,Offline,C00091,Retail,SR16,Networking,Router WiFi 6 R600,5,0.05,Completed,1200000.0,5700000.0,4298000.0
ORD-101481,2025-02-19,Jawa Timur,Online,C00994,Retail,SYS-ONLINE,Aksesoris,Mouse Wireless M20,4,0.1,Completed,180000.0,648000.0,417600.0
ORD-101482,2025-02-19,Jakarta,Offline,C01243,UMKM,SR02,Smartphone,Smartphone Lumo X,3,0.0,Completed,5500000.0,16500000.0,14333700.0
ORD-101483,2025-02-19,Jawa Timur,Offline,K0160,Korporat,SR08,Networking,Switch 8 Port S8,37,0.05,Completed,450000.0,15817500.0,
ORD-101484,2025-02-19,Sulawesi,Online,C01838,Retail,SYS-ONLINE,Laptop,Laptop Axio Pro 15,2,0.15,Completed,13000000.0,22100000.0,23017000.0
ORD-101485,2025-02-19,Jawa Barat,Online,C01410,UMKM,SYS-ONLINE,Printer & Tinta,Tinta Botol Set CMYK,3,0.1,Completed,280000.0,756000.0,488400.0
ORD-101486,2025-02-19,Jawa Barat,Online,C00729,UMKM,SYS-ONLINE,Smartphone,Smartphone Lumo X,1,0.05,Completed,5500000.0,5225000.0,4795600.0
ORD-101487,2025-02-19,Jawa Timur,Offline,C01284,UMKM,SR07,Peralatan Kantor,Kertas A4 80gsm (rim),4,0.0,Completed,55000.0,220000.0,150800.0
ORD-101488,2025-02-20,Jakarta,Offline,C01790,UMKM,SR02,Printer & Tinta,Tinta Botol Set CMYK,5,0.05,Completed,280000.0,1330000.0,831500.0
ORD-101489,2025-02-20,Jawa Barat,Online,K0051,Korporat,SYS-ONLINE,Peralatan Kantor,Kursi Ergonomis E1,43,0.05,Completed,1900000.0,77615000.0,56514900.0
ORD-101490,2025-02-20,Jawa Timur,Offline,C01045,UMKM,SR07,Laptop,Laptop Axio 14,3,0.0,Completed,8500000.0,25500000.0,23108700.0
ORD-101491,2025-02-20,Jakarta,Offline,C01640,Retail,SR02,Laptop,Laptop Axio 14,1,0.0,Completed,8500000.0,8500000.0,7595500.0
ORD-101492,2025-02-21,Jawa Barat,Online,C02163,Retail,SYS-ONLINE,Peralatan Kantor,Kertas A4 80gsm (rim),1,0.1,Completed,55000.0,49500.0,37700.0
ORD-101493,2025-02-21,Kalimantan,Offline,C00126,Retail,SR14,Networking,Router WiFi 6 R600,3,0.05,Completed,1200000.0,3420000.0,2534400.0
ORD-101494,2025-02-21,Jawa Barat,Offline,C01212,Retail,SR05,Laptop,Laptop Axio 14,2,0.05,Completed,8500000.0,16150000.0,15289600.0
ORD-101495,2025-02-21,Kalimantan,Offline,C01942,UMKM,SR15,Laptop,Laptop Axio 14,2,5.0,Completed,8500000.0,16150000.0,15183200.0
ORD-101496,2025-02-21,Sumatera,Offline,K0014,Korporat,SR12,Printer & Tinta,Tinta Botol Set CMYK,3,0.0,Completed,280000.0,840000.0,490500.0
ORD-101497,2025-02-21,Jawa Barat,Offline,C01439,UMKM,SR04,Aksesoris,Headset USB H3,6,0.05,Completed,350000.0,1995000.0,1254600.0
ORD-101498,2025-02-22,Jakarta,Online,C01733,UMKM,SYS-ONLINE,Smartphone,Smartphone Lumo X,2,0.05,Completed,5500000.0,10450000.0,9644800.0
ORD-101499,2025-02-22,Jakarta,Online,C00044,Retail,SYS-ONLINE,Printer & Tinta,Tinta Botol Set CMYK,2,0.1,Completed,280000.0,504000.0,334800.0
ORD-101500,2025-02-22,Sumatera,Online,C01995,UMKM,SYS-ONLINE,Smartphone,Smartphone Lumo X,5,0.1,Completed,5500000.0,24750000.0,23728500.0
ORD-101501,2025-02-22,Jakarta,Online,C00483,Retail,SYS-ONLINE,Smartphone,Smartphone Lumo A5,2,0.05,Completed,2800000.0,5320000.0,4846600.0
ORD-101502,2025-02-22,Jakarta,Offline,C01707,Retail,SR01,Aksesoris,Keyboard Mekanik K7,2,0.0,Completed,650000.0,1300000.0,788800.0
ORD-101503,2025-02-22,DKI Jakarta,Offline,C02180,Retail,SR01,Printer & Tinta,Tinta Botol Set CMYK,2,0.0,Completed,280000.0,560000.0,330200.0
ORD-101504,2025-02-22,Jawa Barat,Offline,C00038,Retail,SR05,Laptop,Laptop Axio Pro 15,1,0.0,Completed,13000000.0,13000000.0,11637500.0
ORD-101505,2025-02-22,Sumatera,Online,C00007,UMKM,SYS-ONLINE,Smartphone,Smartphone Lumo X,1,0.05,Completed,5500000.0,5225000.0,4833600.0
ORD-101506,2025-02-22,Kalimantan,Offline,K0009,Korporat,SR13,Peralatan Kantor,Kertas A4 80gsm (rim),48,0.05,Completed,55000.0,2508000.0,1824000.0
ORD-101507,2025-02-22,Jakarta,Offline,C01920,UMKM,SR01,Aksesori,Power Bank 20000mAh,12,0.1,Completed,320000.0,3456000.0,2409600.0
ORD-101508,2025-02-22,Sumatera,Online,K0095,Korporat,SYS-ONLINE,Laptop,Laptop Axio 14,4,0.05,Completed,8500000.0,32300000.0,30615600.0
ORD-101509,2025-02-23,Jawa Barat,E-Commerce,K0143,Korporat,SYS-ONLINE,Networking,Router WiFi 6 R600,39,0.1,Completed,1200000.0,42120000.0,
ORD-101510,2025-02-23,Jawa Barat,Offline,C01548,Retail,SR06,Aksesoris,Power Bank 20000mAh,2,0.0,Completed,320000.0,640000.0,396800.0
ORD-101511,2025-02-23,Jawa Barat,Online,K0088,Korporat,SYS-ONLINE,Smartphone,Smartphone Lumo A5,8,0.05,Completed,2800000.0,21280000.0,19645600.0
ORD-101512,2025-02-23,Jakarta,Offline,C02090,UMKM,SR02,Aksesoris,Headset USB H3,2,0.0,Completed,350000.0,700000.0,414400.0
ORD-101513,2025-02-23,jawa timur,Offline,C00419,Retail,SR09,Smartphone,Smartphone Lumo A5,1,0.1,Completed,2800000.0,2520000.0,2409900.0
ORD-106987,2025-02-23,Jakarta,Offline,C02090,UMKM,SR02,Aksesoris,Headset USB H3,2,0.0,Completed,350000.0,700000.0,415600.0
ORD-101514,2025-02-24,Jawa Timur,Offline,C00390,Retail,SR08,Printer & Tinta,Printer InkJet P200,2,0.05,Completed,2100000.0,3990000.0,3440000.0
ORD-101515,2025-02-24,,Online,C00607,Retail,SYS-ONLINE,Laptop,Laptop Axio 14,2,0.05,Completed,8500000.0,16150000.0,15175800.0
ORD-101516,2025-02-24,Sumatera,Online,C01299,Retail,SYS-ONLINE,Peralatan Kantor,Kertas A4 80gsm (rim),1,0.05,Completed,55000.0,52250.0,38400.0
ORD-101517,2025-02-24,Sumatra,Offline,C00496,UMKM,SR10,Peralatan Kantor,Kertas A4 80gsm (rim),1,0.0,Completed,55000.0,55000.0,37700.0
ORD-101518,2025-02-24,Jatim,Online,K0016,Korporat,SYS-ONLINE,Aksesoris,Headset USB H3,26,0.0,Completed,350000.0,9100000.0,5519800.0
ORD-101519,2025-02-24,Sumatera,Online,C01839,Retail,SYS-ONLINE,Peralatan Kantor,Kursi Ergonomis E1,1,0.05,Completed,1900000.0,1805000.0,1287700.0
ORD-101520,2025-02-24,Jawa Barat,Offline,K0034,Korporat,SR04,Peralatan Kantor,Kertas A4 80gsm (rim),48,0.1,Completed,55000.0,2376000.0,1838400.0
ORD-101521,2025-02-24,Sumatera,Online,C00634,UMKM,SYS-ONLINE,Aksesoris,Keyboard Mekanik K7,1,0.1,Completed,650000.0,585000.0,403700.0
ORD-101522,2025-02-24,Jakarta,Online,C00798,UMKM,SYS-ONLINE,Networking,Switch 8 Port S8,6,0.05,Completed,450000.0,2565000.0,
ORD-101523,2025-02-24,Sumatera,Offline,K0065,Korporat,SR10,Peralatan Kantor,Kertas A4 80gsm (rim),8,0.05,Completed,55000.0,418000.0,305600.0
ORD-101524,2025-02-24,Jakarta,Offline,C01654,UMKM,SR02,Networking,Switch 8 Port S8,6,0.0,Completed,450000.0,2700000.0,
ORD-101525,2025-02-25,Jakarta,Offline,C00400,UMKM,SR03,Networking,Router WiFi 6 R600,3,0.05,Completed,1200000.0,3420000.0,2549400.0
ORD-101526,2025-02-25,Jawa Timur,Offline,C01888,UMKM,SR08,Aksesoris,Headset USB H3,14,0.0,Completed,350000.0,4900000.0,2983400.0
ORD-101527,2025-02-25,Jawa Timur,Offline,C01523,Retail,SR07,Peralatan Kantor,Kursi Ergonomis E1,1,0.0,Completed,1900000.0,1900000.0,1294600.0
ORD-101528,2025-02-25,kalimantan,Offline,C00235,Retail,SR15,Smartphone,Smartphone Lumo A5,1,5.0,Completed,2800000.0,2660000.0,2441600.0
ORD-101529,2025-02-25,JKT ,Offline,C01974,UMKM,SR01,Laptop,Laptop Veno 13,5,0.0,Completed,6200000.0,31000000.0,27633500.0
ORD-101530,2025-02-25,jawa timur,Offline,C01930,Retail,SR07,Aksesoris,Mouse Wireless M20,3,10.0,Completed,180000.0,486000.0,311700.0
ORD-101531,2025-02-25,Jawa Barat,Offline,C00011,Retail,SR06,Peralatan Kantor,Kertas A4 80gsm (rim),1,0.0,Completed,55000.0,55000.0,37600.0
ORD-101532,2025-02-25,Sulawesi,Online,C00722,UMKM,SYS-ONLINE,Aksesoris,Power Bank 20000mAh,3,0.05,Completed,320000.0,912000.0,602700.0
ORD-101533,2025-02-25,Jawa Barat,Offline,C02268,Retail,SR04,Aksesoris,Power Bank 20000mAh,2,0.0,Completed,320000.0,640000.0,394200.0
ORD-101534,2025-02-25,Jakarta,Offline,C01630,Retail,SR02,Smartphone,Smartphone Lumo X,2,0.0,Completed,5500000.0,11000000.0,9562200.0
ORD-101535,2025-02-25,Sulawesi,Offline,C01021,Retail,SR16,Peralatan Kantor,Kertas A4 80gsm (rim),2,0.1,Completed,55000.0,99000.0,75800.0
RET-101490,2025-02-25,Jawa Timur,Offline,C01045,UMKM,SR07,Laptop,Laptop Axio 14,-3,0.0,Returned,8500000.0,-25500000.0,-23108700.0
ORD-101536,2025-02-26,Jawa Timur,Online,C01919,UMKM,SYS-ONLINE,Smartphone,Smartphone Lumo A5,1,0.05,Completed,2800000.0,2660000.0,2397000.0
ORD-101537,2025-02-26,Sulawesi,Online,C01058,UMKM,SYS-ONLINE,Laptop,Laptop Veno 13,2,0.1,Completed,6200000.0,11160000.0,11103200.0
ORD-101538,2025-02-26,Jakarta,Offline,K0145,Korporat,SR01,Laptop,Laptop Veno 13,3,0.0,Completed,6200000.0,18600000.0,16770600.0
ORD-101539,2025-02-26,SULAWESI,Offline,K0089,Korporat,SR18,Laptop,Laptop Axio 14,10,0.0,Completed,8500000.0,85000000.0,75260000.0
ORD-101540,2025-02-26,Jakarta,Online,C02015,Retail,SYS-ONLINE,Laptop,Laptop Axio 14,2,0.1,Completed,8500000.0,15300000.0,15015200.0
ORD-101541,2025-02-26,Sulawesi,Offline,K0069,Korporat,SR18,Peralatan Kantor,Kertas A4 80gsm (rim),41,0.0,Completed,55000.0,2255000.0,1541600.0
ORD-101542,2025-02-26,Jawa Barat,Offline,C00475,Retail,SR04,Smartphone,Smartphone Lumo A5,1,0.1,Completed,2800000.0,2520000.0,2398900.0
ORD-101543,2025-02-26,Sumatera,Online,C00243,Retail,SYS-ONLINE,Aksesoris,Power Bank 20000mAh,2,0.1,Completed,320000.0,576000.0,405800.0
ORD-101544,2025-02-27,Jakarta,Offline,C01799,Retail,SR03,Peralatan Kantor,Kertas A4 80gsm (rim),2,0.0,Completed,55000.0,110000.0,76800.0
ORD-101545,2025-02-27,Jawa Timur,Online,C02027,Retail,SYS-ONLINE,Smartphone,Smartphone Lumo X,2,0.0,Completed,5500000.0,11000000.0,9736200.0
ORD-101546,2025-02-27,Jakarta,Offline,C00344,Retail,SR03,Smartphone,Smartphone Lumo X,1,0.05,Completed,5500000.0,5225000.0,4768700.0
ORD-101547,2025-02-27,jakarta,Offline,C01166,UMKM,SR03,Peralatan Kantor,Kursi Ergonomis E1,3,0.0,Completed,1900000.0,5700000.0,3881100.0
ORD-101548,2025-02-27,Jakarta,Offline,C00285,Retail,SR02,Printer & Tinta,Tinta Botol Set CMYK,1,0.0,Completed,280000.0,280000.0,163700.0
ORD-101549,2025-02-27,Jawa Timur,Online,C00989,UMKM,SYS-ONLINE,Aksesoris,Power Bank 20000mAh,1,0.15,Completed,320000.0,272000.0,201900.0
ORD-101550,2025-02-27,Jawa Barat,Online,C00325,Retail,SYS-ONLINE,Peralatan Kantor,Kursi Ergonomis E1,5,0.05,Completed,1900000.0,9025000.0,6510500.0
ORD-101551,2025-02-27,Jawa Barat,Online,C00053,Retail,SYS-ONLINE,Smartphone,Smartphone Lumo A5,2,0.0,Completed,2800000.0,5600000.0,4828800.0
ORD-101552,2025-02-27,Jakarta,Offline,C01715,Retail,SR03,Aksesoris,Power Bank 20000mAh,2,0.0,Completed,320000.0,640000.0,399400.0
ORD-101553,2025-02-27,Jakarta,Offline,C02058,UMKM,SR01,Printer & Tinta,Printer InkJet P200,1,0.0,Completed,2100000.0,2100000.0,1725400.0
ORD-101554,2025-02-27,Jakarta,Online,C00027,UMKM,SYS-ONLINE,Printer & Tinta,Tinta Botol Set CMYK,2,0.1,Completed,280000.0,504000.0,327000.0
ORD-101555,2025-02-27,Sumatera,Offline,C01584,Retail,SR11,Aksesoris,Keyboard Mekanik K7,2,0.0,Completed,650000.0,1300000.0,802400.0
ORD-101556,2025-02-27,Jakarta,Offline,C00471,Retail,SR03,Printer & Tinta,Printer InkJet P200,1,0.1,Completed,2100000.0,1890000.0,1696300.0
ORD-101557,2025-02-28,Jawa Timur,ONLINE,K0034,Korporat,SYS-ONLINE,Printer & Tinta,Tinta Botol Set CMYK,6,0.1,Completed,280000.0,1512000.0,997200.0
ORD-101558,2025-02-28,jawa timur,Offline,C00036,Retail,SR08,Networking,Switch 8 Port S8,4,0.05,Completed,450000.0,1710000.0,
ORD-101559,2025-02-28,Kalimantan,Offline,C00690,Retail,SR15,Laptop,Laptop Axio 14,2,10.0,Completed,8500000.0,15300000.0,15348200.0
ORD-101560,2025-02-28,Jakarta,Offline,C02370,UMKM,SR01,Printer & Tinta,Printer InkJet P200,3,0.0,Completed,2100000.0,6300000.0,5051400.0
ORD-101561,2025-02-28,Jawa Timur,Offline,C02144,UMKM,SR09,Networking,Switch 8 Port S8,2,0.0,Completed,450000.0,900000.0,
ORD-101562,2025-02-28,Sumatera,Offline,C00838,Retail,SR12,Smartphone,Smartphone Lumo A5,2,0.1,Completed,2800000.0,5040000.0,4870600.0
ORD-101563,2025-02-28,Jawa Timur,Online,C01816,Retail,SYS-ONLINE,Peralatan Kantor,Kertas A4 80gsm (rim),3,0.05,Completed,55000.0,156750.0,114000.0
ORD-101564,2025-02-28,Jawa Timur,Online,C01721,UMKM,SYS-ONLINE,Smartphone,Smartphone Lumo X,2,0.05,Completed,5500000.0,10450000.0,9574200.0
ORD-101565,2025-02-28,Jakarta,Offline,C01102,UMKM,SR01,Aksesoris,Headset USB H3,14,0.05,Completed,350000.0,4655000.0,2954000.0
ORD-106992,2025-02-28,Jawa Timur,Online,C01816,Retail,SYS-ONLINE,Peralatan Kantor,Kertas A4 80gsm (rim),3,0.05,Completed,55000.0,156750.0,113700.0
ORD-101113,2025-01-03,Jakarta,Online,C00560,Retail,SYS-ONLINE,Aksesoris,Power Bank 20000mAh,1,0.15,Completed,320000.0,272000.0,199900.0
ORD-101114,2025-01-03,Kalimantan,Offline,C00565,Retail,SR13,Aksesoris,Keyboard Mekanik K7,1,0.0,Completed,650000.0,650000.0,401400.0
ORD-101115,2025-01-03,Jawa Timur,Offline,C00904,Retail,SR07,Peralatan Kantor,Kertas A4 80gsm (rim),3,0.0,Completed,55000.0,165000.0,114900.0
ORD-101116,2025-01-03,Jawa Barat,Offline,C02232,Retail,SR05,Aksesoris,Headset USB H3,3,0.05,Completed,350000.0,997500.0,636000.0
ORD-101117,2025-01-03,Jawa Barat,Online,K0004,Korporat,SYS-ONLINE,Laptop,Laptop Axio 14,2,0.0,Completed,8500000.0,17000000.0,15376400.0
ORD-101118,2025-01-03,Jawa Barat,Offline,K0130,Korporat,SR05,Peralatan Kantor,Kertas A4 80gsm (rim),25,0.05,Completed,55000.0,1306250.0,950000.0
ORD-101119,2025-01-03,Jawa Timur,Offline,C01443,UMKM,SR09,Peralatan Kantor,Kursi Ergonomis E1,1,0.05,Completed,1900000.0,1805000.0,1302400.0
ORD-101120,2025-01-03,Jakarta,Offline,C00224,Retail,SR02,networking,Router WiFi 6 R600,3,0.1,Completed,1200000.0,3240000.0,
ORD-101121,2025-01-03,Jakarta,Offline,C00672,UMKM,SR01,Aksesoris,Headset USB H3,1,0.0,Completed,350000.0,350000.0,211100.0
RET-101029,2025-01-03,Jawa Timur,Online,C01879,Retail,SYS-ONLINE,Peralatan Kantor,Kursi Ergonomis E1,-4,0.0,Returned,1900000.0,-7600000.0,-5141200.0
ORD-101338,2025-02-03,Jakarta,Online,C00865,Retail,SYS-ONLINE,Smartphone,Smartphone Lumo A5,2,0.0,Completed,2800000.0,5600000.0,4818400.0
ORD-101339,2025-02-03,Jakarta,Offline,C01692,UMKM,SR03,Smartphone,Smartphone Lumo A5,1,0.1,Completed,2800000.0,2520000.0,2441400.0
ORD-101340,2025-02-03,Sumatera,Online,C00143,Retail,SYS-ONLINE,Printer & Tinta,Tinta Botol Set CMYK,2,0.15,Completed,280000.0,476000.0,329200.0
ORD-101341,2025-02-03,Jawa Barat,Offline,C01928,UMKM,SR04,Printer & Tinta,Printer InkJet P200,2,0.1,Completed,2100000.0,3780000.0,3386800.0
ORD-101342,2025-02-03,Kalimantan,Online,C00985,UMKM,SYS-ONLINE,Aksesoris,Headset USB H3,1,0.05,Completed,350000.0,332500.0,213100.0
ORD-101343,2025-02-03,Jawa Barat,Online,C01130,Retail,SYS-ONLINE,Printer & Tinta,Tinta Botol Set CMYK,1,0.1,Completed,280000.0,252000.0,164600.0
ORD-101344,2025-02-03,Jawa Timur,ONLINE,C02037,UMKM,SYS-ONLINE,Aksesoris,Headset USB H3,2,0.1,Completed,350000.0,630000.0,423400.0
ORD-101345,2025-02-03,Kalimantan,Offline,C02082,Retail,SR14,ATK,Kertas A4 80gsm (rim),4,0.0,Completed,55000.0,220000.0,150000.0
ORD-101346,2025-02-03,Jawa Timur,Offline,C01706,Retail,SR07,Smartphone,Smartphone Lumo A5,2,0.0,Completed,2800000.0,5600000.0,4903400.0
ORD-101347,2025-02-03,Jakarta,Offline,C00500,Retail,SR02,Laptop,Laptop Veno 13,1,0.05,Completed,6200000.0,5890000.0,5473000.0
ORD-106957,2025-02-03,Kalimantan,Offline,C02082,Retail,SR14,Peralatan Kantor,Kertas A4 80gsm (rim),4,0.0,Completed,55000.0,220000.0,152000.0
ORD-101596,2025-03-03,jakarta,Online,K0164,Korporat,SYS-ONLINE,Smartphone,Smartphone Lumo X,3,0.1,Completed,5500000.0,14850000.0,14544300.0
ORD-101597,2025-03-03,Jawa Timur,Online,C00328,Retail,SYS-ONLINE,Aksesoris,Keyboard Mekanik K7,2,0.1,Completed,650000.0,1170000.0,790800.0
ORD-101598,2025-03-03,Sumatera,Offline,C01062,Retail,SR11,Laptop,Laptop Veno 13,2,5.0,Completed,6200000.0,11780000.0,11254800.0
ORD-101599,2025-03-03,Jakarta,Offline,C00143,Retail,SR01,Aksesoris,Keyboard Mekanik K7,1,0.0,Completed,650000.0,650000.0,397500.0
ORD-101600,2025-03-03,Jakarta,Online,C00969,UMKM,SYS-ONLINE,Aksesoris,Headset USB H3,3,0.15,Cancelled,350000.0,892500.0,636600.0
ORD-101601,2025-03-03,Jawa Barat,Offline,C00823,Retail,SR06,Peralatan Kantor,Kertas A4 80gsm (rim),3,0.0,Completed,55000.0,165000.0,114000.0
ORD-101602,2025-03-03,Sulawesi,Offline,K0178,Korporat,SR18,Printer & Tinta,Tinta Botol Set CMYK,5,0.0,Completed,280000.0,1400000.0,835500.0
ORD-101602,2025-03-03,Sulawesi,Offline,K0178,Korporat,SR18,Printer & Tinta,Tinta Botol Set CMYK,5,0.0,Completed,280000.0,1400000.0,835500.0
ORD-101603,2025-03-03,Kalimantan,Offline,C00597,Retail,SR14,Laptop,Laptop Axio 14,2,0.05,Completed,8500000.0,16150000.0,15292800.0
ORD-101604,2025-03-03,Jakarta,Offline,C01250,Retail,SR01,Peralatan Kantor,Kursi Ergonomis E1,2,0.05,Completed,1900000.0,3610000.0,2566600.0
ORD-101605,2025-03-03,Kalimantan,Offline,K0111,Korporat,SR13,Networking,Router WiFi 6 R600,17,0.0,Completed,1200000.0,20400000.0,
ORD-101606,2025-03-03,JKT ,Online,C00093,Retail,SYS-ONLINE,Networking,Router WiFi 6 R600,3,0.1,Completed,1200000.0,3240000.0,
ORD-101607,2025-03-03,Jakarta,Offline,C01889,UMKM,SR02,Aksesoris,Power Bank 20000mAh,5,0.05,Completed,320000.0,1520000.0,986500.0
ORD-101957,2025-04-03,Jakarta,Online,C01804,Retail,SYS-ONLINE,Laptop,Laptop Veno 13,2,0.0,Completed,6200000.0,12400000.0,11176600.0
ORD-101958,2025-04-03,Kalimantan,Offline,C01112,Retail,SR13,Laptop,Laptop Axio Pro 15,1,0.05,Completed,13000000.0,12350000.0,11543800.0
ORD-102169,2025-05-03,Kalimantan,Offline,C00081,Retail,SR13,Laptop,Laptop Axio Pro 15,1,0.0,Completed,13000000.0,13000000.0,11479400.0
ORD-102170,2025-05-03,Jakarta,Offline,C01157,UMKM,SR01,laptop,Laptop Axio 14,3,0.05,Completed,8500000.0,24225000.0,22971000.0
ORD-102171,2025-05-03,Jawa Barat,Offline,C00467,Retail,SR05,Laptop,Laptop Axio 14,2,0.0,Completed,8500000.0,17000000.0,14978000.0
ORD-102172,2025-05-03,Jakarta,Offline,C01494,UMKM,SR01,Peralatan Kantor,Kertas A4 80gsm (rim),3,0.0,Completed,55000.0,165000.0,114000.0
ORD-102173,2025-05-03,Jawa Barat,Offline,C02145,Retail,SR06,Smartphone,Smartphone Lumo X,2,0.0,Completed,5500000.0,11000000.0,9598600.0
ORD-102174,2025-05-03,Jakarta,Offline,C00576,Retail,SR03,Laptop,Laptop Axio 14,1,0.0,Completed,8500000.0,8500000.0,7647300.0
ORD-102175,2025-05-03,Jakarta,Offline,C00589,Retail,SR03,Laptop,Laptop Axio 14,2,0.0,Completed,8500000.0,17000000.0,14989800.0
ORD-102440,2025-06-03,Kalimantan,Offline,C01793,UMKM,SR13,Networking,Router WiFi 6 R600,2,0.0,Completed,1200000.0,2400000.0,1691600.0
ORD-102441,2025-06-03,Jawa Barat,Offline,C00731,UMKM,SR04,Aksesoris,Power Bank 20000mAh,4,0.1,Completed,320000.0,1152000.0,809200.0
ORD-102442,2025-06-03,Jawa Barat,Offline,C00494,Retail,SR05,Aksesoris,Power Bank 20000mAh,2,0.05,Completed,320000.0,608000.0,405000.0
ORD-102443,2025-06-03,Jakarta,Offline,C00538,Retail,SR01,Aksesoris,Mouse Wireless M20,5,0.1,Completed,180000.0,810000.0,526500.0
ORD-102444,2025-06-03,SULAWESI,Offline,C01954,Retail,SR16,Laptop,Laptop Axio 14,1,0.0,Completed,8500000.0,8500000.0,7558500.0
ORD-102445,2025-06-03,Sumatera,Offline,K0127,Korporat,SR10,Peralatan Kantor,Kertas A4 80gsm (rim),6,0.05,Completed,55000.0,313500.0,224400.0
ORD-102446,2025-06-03,Jakarta,Online,C00906,UMKM,SYS-ONLINE,HP,Smartphone Lumo X,3,0.15,Completed,5500000.0,14025000.0,14531700.0
ORD-102447,2025-06-03,Kalimantan,Offline,C01536,Retail,SR13,Peralatan Kantor,Kertas A4 80gsm (rim),3,0.0,Completed,55000.0,165000.0,114600.0
ORD-102448,2025-06-03,JKT ,Offline,C00459,Retail,SR02,ATK,Kursi Ergonomis E1,2,0.05,Completed,1900000.0,3610000.0,2627200.0
ORD-102682,2025-07-03,Jawa Timur,Offline,K0007,Korporat,SR09,Smartphone,Smartphone Lumo X,7,0.1,Completed,5500000.0,34650000.0,33219900.0
ORD-102683,2025-07-03,Jawa Barat,Offline,C00889,Retail,SR05,Smartphone,Smartphone Lumo A5,2,0.05,Completed,2800000.0,5320000.0,4920200.0
ORD-102684,2025-07-03,Jawa Timur,Offline,C01800,UMKM,SR08,Aksesoris,Keyboard Mekanik K7,2,0.05,Completed,650000.0,1235000.0,810800.0
ORD-102685,2025-07-03,Jakarta,Offline,C02335,Retail,SR02,Smartphone,Smartphone Lumo A5,2,0.0,Completed,2800000.0,5600000.0,4893400.0
ORD-102686,2025-07-03,Sulawesi,Offline,C00907,Retail,SR18,Aksesoris,Keyboard Mekanik K7,4,0.0,Completed,650000.0,2600000.0,1611200.0
ORD-102687,2025-07-03,Jawa Barat,Offline,C01908,UMKM,SR05,Peralatan Kantor,Kertas A4 80gsm (rim),6,0.0,Completed,55000.0,330000.0,229800.0
ORD-102971,2025-08-03,Jakarta,Online,C00635,Retail,SYS-ONLINE,Laptop,Laptop Veno 13,2,0.1,Completed,6200000.0,11160000.0,10960600.0
ORD-102972,2025-08-03,Jawa Timur,Online,C00160,UMKM,SYS-ONLINE,Aksesoris,Headset USB H3,3,0.0,Completed,350000.0,1050000.0,624300.0
ORD-102973,2025-08-03,Sulawesi,Online,C01778,Retail,SYS-ONLINE,Peralatan Kantor,Kertas A4 80gsm (rim),5,0.05,Completed,55000.0,261250.0,187500.0
ORD-103244,2025-09-03,Jakarta,Offline,C02125,UMKM,SR03,Smartphone,Smartphone Lumo A5,2,0.05,Completed,2800000.0,5320000.0,4885600.0
ORD-103245,2025-09-03,jawa timur,Offline,C01123,UMKM,SR09,Printer & Tinta,Tinta Botol Set CMYK,2,0.05,Completed,280000.0,532000.0,333400.0
ORD-103246,2025-09-03,Kalimantan,Online,C00987,Retail,SYS-ONLINE,Aksesoris,Headset USB H3,5,0.0,Completed,350000.0,1750000.0,1060500.0
ORD-103247,2025-09-03,,Online,C01418,Retail,SYS-ONLINE,Aksesoris,Mouse Wireless M20,1,0.05,Cancelled,180000.0,171000.0,104600.0
ORD-103248,2025-09-03,Sulawesi,Online,K0083,Korporat,SYS-ONLINE,Networking,Switch 8 Port S8,13,0.1,Completed,450000.0,5265000.0,
ORD-103493,2025-10-03,Jawa Timur,Online,C01277,Retail,SYS-ONLINE,Laptop,Laptop Axio Pro 15,1,0.0,Completed,13000000.0,13000000.0,11684300.0
ORD-103494,2025-10-03,Jakarta,Offline,C00423,Retail,SR03,Aksesoris,Mouse Wireless M20,5,0.0,Completed,180000.0,900000.0,523500.0
ORD-103495,2025-10-03,Jakarta,Offline,C00263,Retail,SR03,Peralatan Kantor,Kertas A4 80gsm (rim),2,0.05,Completed,55000.0,104500.0,75800.0
ORD-103496,2025-10-03,Kalimantan,Offline,C01730,Retail,SR14,Laptop,Laptop Axio 14,2,0.0,Completed,8500000.0,17000000.0,15178400.0
ORD-103497,2025-10-03,Jawa Barat,Offline,C00950,UMKM,SR05,Printer & Tinta,Printer InkJet P200,1,0.0,Completed,2100000.0,2100000.0,1703400.0
ORD-103498,2025-10-03,Kalimantan,Online,C00536,UMKM,SYS-ONLINE,Peralatan Kantor,Kursi Ergonomis E1,9,0.25,Completed,1900000.0,12825000.0,11780100.0
ORD-103764,2025-11-03,Jawa Barat,Offline,C00607,Retail,SR04,Peralatan Kantor,Kursi Ergonomis E1,3,0.0,Completed,1900000.0,5700000.0,3860700.0
ORD-103765,2025-11-03,Jakarta,Online,C01564,Retail,SYS-ONLINE,Laptop,Laptop Axio Pro 15,1,0.0,Completed,13000000.0,13000000.0,11550400.0
ORD-103766,2025-11-03,Jakarta,Online,C00442,UMKM,SYS-ONLINE,ATK,Kertas A4 80gsm (rim),2,0.1,Completed,55000.0,99000.0,76200.0
ORD-103767,2025-11-03,Jawa Timur,Online,C01677,Retail,SYS-ONLINE,smartphone,Smartphone Lumo A5,1,0.15,Completed,2800000.0,2380000.0,2452100.0
ORD-103768,2025-11-03,Jakarta,Offline,C02225,UMKM,SR01,Printer&Tinta,Printer InkJet P200,2,0.0,Completed,2100000.0,4200000.0,3404400.0
ORD-103769,2025-11-03,Jawa Barat,Offline,C02327,UMKM,SR06,Laptop,Laptop Axio 14,4,0.0,Completed,8500000.0,34000000.0,30837600.0
ORD-103770,2025-11-03,Jawa Barat,Offline,C00581,UMKM,SR06,Printer & Tinta,Tinta Botol Set CMYK,4,0.0,Completed,280000.0,1120000.0,650800.0
ORD-103771,2025-11-03,Jawa Timur,Offline,C00192,Retail,SR09,Networking,Switch 8 Port S8,2,0.0,Completed,450000.0,900000.0,
ORD-103772,2025-11-03,Jakarta,Online,K0161,Korporat,SYS-ONLINE,Smartphone,Smartphone Lumo A5,7,0.2,Completed,2800000.0,15680000.0,17187800.0
ORD-103773,2025-11-03,Jakarta,Online,C01554,Retail,SYS-ONLINE,Networking,Switch 8 Port S8,4,0.25,Completed,450000.0,1350000.0,
ORD-104094,2025-12-03,Jawa Timur,Online,C00553,Retail,SYS-ONLINE,Peralatan Kantor,Kursi Ergonomis E1,5,0.15,Completed,1900000.0,8075000.0,6578000.0
ORD-104095,2025-12-03,Jakarta,Offline,C02316,UMKM,SR02,Laptop,Laptop Veno 13,5,0.0,Completed,6200000.0,31000000.0,27726000.0
ORD-104096,2025-12-03,Jawa Barat,Offline,K0081,Korporat,SR05,Aksesoris,Keyboard Mekanik K7,20,0.05,Completed,650000.0,12350000.0,8112000.0
ORD-104097,2025-12-03,Kalimantan,Offline,C00219,UMKM,SR13,Aksesoris,Headset USB H3,13,0.0,Completed,350000.0,4550000.0,2740400.0
ORD-104098,2025-12-03,Jawa Barat,Online,C00515,Retail,SYS-ONLINE,Printer & Tinta,Tinta Botol Set CMYK,2,0.1,Completed,280000.0,504000.0,333800.0
ORD-104099,2025-12-03,Kalimantan,Online,C00279,Retail,SYS-ONLINE,Laptop,Laptop Veno 13,2,0.05,Completed,6200000.0,11780000.0,11021800.0
ORD-104100,2025-12-03,Jakarta,Offline,C00066,Retail,SR03,LAPTOP,Laptop Axio 14,2,0.0,Completed,8500000.0,17000000.0,15021600.0
ORD-104101,2025-12-03,Jawa Timur,Offline,C02326,UMKM,SR08,Networking,Router WiFi 6 R600,11,0.3,Completed,1200000.0,9240000.0,
ORD-104102,2025-12-03,Jakarta,Offline,K0023,Korporat,SR02,Peralatan Kantor,Kursi Ergonomis E1,3,0.0,Completed,1900000.0,5700000.0,3900300.0
ORD-104103,2025-12-03,Jakarta,Offline,C01931,Retail,SR01,Peralatan Kantor,Kursi Ergonomis E1,5,0.0,Completed,1900000.0,9500000.0,6566500.0
ORD-104104,2025-12-03,Jakarta,ONLINE,C01162,Retail,SYS-ONLINE,Aksesoris,Keyboard Mekanik K7,2,0.25,Completed,650000.0,975000.0,801000.0
ORD-104105,2025-12-03,Jawa Timur,Online,C01768,Retail,SYS-ONLINE,Laptop,Laptop Axio 14,1,0.0,Completed,8500000.0,8500000.0,7610700.0
ORD-104106,2025-12-03,Sumatera,Offline,C00607,Retail,SR12,Peralatan Kantor,Kursi Ergonomis E1,4,0.05,Completed,1900000.0,7220000.0,5182000.0
ORD-101730,2025-03-13,Sumatera,Online,C00903,Retail,SYS-ONLINE,Smartphone,Smartphone Lumo A5,2,0.1,Completed,2800000.0,5040000.0,4826000.0
ORD-101731,2025-03-13,Jawa Barat,Offline,C01208,Retail,SR04,Aksesoris,Power Bank 20000mAh,3,0.05,Completed,320000.0,912000.0,609000.0
ORD-101732,2025-03-13,Jakarta,Offline,C01760,Retail,SR03,Aksesoris,Keyboard Mekanik K7,3,0.0,Completed,650000.0,1950000.0,1212900.0
ORD-101733,2025-03-13,Sumatera,Offline,C01164,UMKM,SR11,Printer & Tinta,Tinta Botol Set CMYK,3,0.0,Completed,280000.0,840000.0,490500.0
ORD-101734,2025-03-13,Jawa Timur,Online,C01847,Retail,SYS-ONLINE,Aksesoris,Mouse Wireless M20,4,0.05,Completed,180000.0,684000.0,419200.0
ORD-101735,2025-03-13,Jawa Timur,Offline,C02160,Retail,SR09,Networking,Switch 8 Port S8,5,0.0,Completed,450000.0,2250000.0,
ORD-101736,2025-03-13,Jawa Barat,Online,C02375,Retail,SYS-ONLINE,Smartphone,Smartphone Lumo A5,2,0.1,Completed,2800000.0,5040000.0,4906400.0
ORD-101737,2025-03-13,Sulawesi,Offline,K0178,Korporat,SR17,Networking,Router WiFi 6 R600,21,0.05,Completed,1200000.0,23940000.0,
ORD-101738,2025-03-13,Jakarta,Offline,C01033,Retail,SR01,Laptop,Laptop Axio Pro 15,1,0.05,Completed,13000000.0,12350000.0,11562300.0
ORD-101739,2025-03-13,Jawa Timur,Offline,C00778,UMKM,SR08,Aksesoris,Headset USB H3,7,0.0,Completed,350000.0,2450000.0,1451100.0
ORD-106991,2025-03-13,Jawa Timur,Offline,C00778,UMKM,SR08,Aksesoris,Headset USB H3,7,0.0,Completed,350000.0,2450000.0,1448300.0
ORD-101740,2025-03-14,Jawa Barat,Offline,K0036,Korporat,SR05,Smartphone,Smartphone Lumo A5,10,0.0,Completed,2800000.0,28000000.0,24144000.0
ORD-101741,2025-03-14,Jawa Barat,Online,C00994,UMKM,SYS-ONLINE,Laptop,Laptop Axio 14,2,0.05,Completed,8500000.0,16150000.0,15249600.0
ORD-101742,2025-03-14,Jawa Timur,Online,C00986,Retail,SYS-ONLINE,Aksesoris,Keyboard Mekanik K7,4,0.1,Completed,650000.0,2340000.0,1591600.0
ORD-101743,2025-03-14,Kalimantan,Offline,C01634,UMKM,SR15,laptop,Laptop Veno 13,2,5.0,Completed,6200000.0,11780000.0,11251200.0
ORD-101744,2025-03-14,Kalimantan,Online,C02273,Retail,SYS-ONLINE,Peralatan Kantor,Kursi Ergonomis E1,2,0.1,Completed,1900000.0,3420000.0,2567200.0
ORD-101745,2025-03-14,Jakarta,Offline,C01685,UMKM,SR02,Printer & Tinta,Tinta Botol Set CMYK,3,0.1,Completed,280000.0,756000.0,492600.0
ORD-101746,2025-03-14,Sumatera,Online,C01901,UMKM,SYS-ONLINE,Smartphone,Smartphone Lumo A5,2,0.05,Completed,2800000.0,5320000.0,4833600.0
ORD-101747,2025-03-14,Jakarta,Offline,C01702,UMKM,SR01,Aksesoris,Keyboard Mekanik K7,4,0.05,Completed,650000.0,2470000.0,1618800.0
ORD-101748,2025-03-14,Jakarta,Online,C00454,Retail,SYS-ONLINE,Peralatan Kantor,Kertas A4 80gsm (rim),2,0.0,Completed,55000.0,110000.0,76400.0
ORD-101749,2025-03-14,Jawa Barat,Offline,C00728,UMKM,SR04,Peralatan Kantor,Kertas A4 80gsm (rim),3,0.05,Completed,55000.0,156750.0,115500.0
ORD-101749,2025-03-14,Jawa Barat,Offline,C00728,UMKM,SR04,Peralatan Kantor,Kertas A4 80gsm (rim),3,0.05,Completed,55000.0,156750.0,115500.0
ORD-101750,2025-03-15,Kalimantan,Online,C01219,UMKM,SYS-ONLINE,Smartphone,Smartphone Lumo A5,4,0.05,Completed,2800000.0,10640000.0,9692400.0
ORD-101751,2025-03-15,Jawa Timur,Offline,C00209,UMKM,SR08,Printer & Tinta,Tinta Botol Set CMYK,4,0.0,Completed,280000.0,1120000.0,653200.0
ORD-101752,2025-03-15,Jawa Timur,Offline,C00152,UMKM,SR08,Peralatan Kantor,Kertas A4 80gsm (rim),1,0.05,Completed,55000.0,52250.0,37800.0
ORD-101753,2025-03-15,Jawa Timur,Offline,C01792,Retail,SR07,Aksesoris,Keyboard Mekanik K7,1,0.0,Completed,650000.0,650000.0,401100.0
ORD-101754,2025-03-15,Kalimantan,Offline,C01408,UMKM,SR15,Peralatan Kantor,Kertas A4 80gsm (rim),10,0.0,Completed,55000.0,550000.0,385000.0
ORD-101755,2025-03-15,Sulawesi,Online,C00946,Retail,SYS-ONLINE,Laptop,Laptop Veno 13,1,0.15,Completed,6200000.0,5270000.0,5488400.0
ORD-101756,2025-03-15,Jakarta,Offline,C01135,Retail,SR01,Aksesoris,Power Bank 20000mAh,5,0.0,Completed,320000.0,1600000.0,993000.0
ORD-101757,2025-03-15,Sumatera,Online,C01857,Retail,SYS-ONLINE,Laptop,Laptop Veno 13,2,0.0,Completed,6200000.0,12400000.0,11053200.0
ORD-101758,2025-03-15,Sulawesi,Offline,K0010,Korporat,SR17,Aksesoris,Power Bank 20000mAh,44,0.0,Completed,320000.0,14080000.0,8720800.0
ORD-101759,2025-03-15,Sumatera,Offline,C01714,UMKM,SR11,Aksesoris,Power Bank 20000mAh,8,0.0,Completed,320000.0,2560000.0,1619200.0
ORD-101760,2025-03-15,Jakarta,Offline,C00643,Retail,SR03,Aksesoris,Headset USB H3,3,0.0,Completed,350000.0,1050000.0,636300.0
ORD-101761,2025-03-15,Jawa Timur,Online,K0011,Korporat,SYS-ONLINE,Peralatan Kantor,Kursi Ergonomis E1,128,0.08,Completed,1900000.0,223744000.0,166566400.0
ORD-101762,2025-03-15,Jawa Barat,Offline,C01858,Retail,SR06,Aksesoris,Mouse Wireless M20,2,0.0,Completed,180000.0,360000.0,207000.0
RET-101590,2025-03-15,Jawa Barat,Offline,C01625,Retail,SR04,Aksesoris,Headset USB H3,-5,0.0,Returned,350000.0,-1750000.0,-1036000.0
ORD-101763,2025-03-16,Sumatera,Offline,C01828,Retail,SR11,Peralatan Kantor,Kursi Ergonomis E1,4,5.0,Completed,1900000.0,7220000.0,5206000.0
ORD-101764,2025-03-16,Sulawesi,Online,C00692,Retail,SYS-ONLINE,Smartphone,Smartphone Lumo A5,2,0.05,Completed,2800000.0,5320000.0,4851400.0
ORD-101765,2025-03-16,Jawa Barat,Offline,C00986,Retail,SR04,Smartphone,Smartphone Lumo A5,2,0.05,Completed,2800000.0,5320000.0,4901400.0
ORD-101766,2025-03-16,Kalimantan,Offline,C01230,UMKM,SR13,Peralatan Kantor,Kursi Ergonomis E1,3,0.1,Completed,1900000.0,5130000.0,3911400.0
ORD-101767,2025-03-16,Jakarta,Online,C01076,UMKM,SYS-ONLINE,Aksesoris,Keyboard Mekanik K7,8,0.0,Completed,650000.0,5200000.0,3207200.0
ORD-101767,2025-03-16,Jakarta,Online,C01076,UMKM,SYS-ONLINE,Aksesoris,Keyboard Mekanik K7,8,0.0,Completed,650000.0,5200000.0,3207200.0
ORD-101768,2025-03-16,Jakarta,Offline,C00221,UMKM,SR03,Aksesoris,Keyboard Mekanik K7,11,0.0,Completed,650000.0,7150000.0,4449500.0
ORD-101769,2025-03-16,Jakarta,Online,C01171,Retail,SYS-ONLINE,Laptop,Laptop Axio Pro 15,2,0.0,Completed,13000000.0,26000000.0,22970800.0
ORD-101770,2025-03-16,Jakarta,Offline,C00430,UMKM,SR03,Laptop,Laptop Veno 13,3,0.0,Completed,6200000.0,18600000.0,16789800.0
ORD-101771,2025-03-16,Jakarta,Offline,C00903,Retail,SR02,Laptop,Laptop Veno 13,1,0.05,Completed,6200000.0,5890000.0,5481000.0
ORD-101772,2025-03-16,SULAWESI,Offline,C00394,Retail,SR16,Laptop,Laptop Axio 14,2,0.0,Completed,8500000.0,17000000.0,15313600.0
ORD-101773,2025-03-16,Jakarta,Offline,C00116,UMKM,SR03,Peralatan Kantor,Kursi Ergonomis E1,1,0.0,Completed,1900000.0,1900000.0,1282400.0
RET-101666,2025-03-16,Jawa Timur,Offline,C01873,UMKM,SR08,Aksesoris,Keyboard Mekanik K7,-11,0.05,Returned,650000.0,-6792500.0,-4442900.0
RET-101676,2025-03-16,Sumatra,Offline,C02363,Retail,SR12,Peralatan Kantor,Kertas A4 80gsm (rim),-5,0.0,Returned,55000.0,-275000.0,-191000.0
ORD-101774,2025-03-17,jakarta,Offline,C02343,Retail,SR03,Smartphone,Smartphone Lumo A5,2,0.05,Completed,2800000.0,5320000.0,4912400.0
ORD-101775,2025-03-17,Jawa Barat,Offline,C01969,Retail,SR05,Aksesoris,Mouse Wireless M20,4,0.0,Completed,180000.0,720000.0,416800.0
ORD-101776,2025-03-17,Jakarta,Online,C02206,UMKM,SYS-ONLINE,Peralatan Kantor,Kertas A4 80gsm (rim),4,0.05,Cancelled,55000.0,209000.0,151200.0
ORD-101777,2025-03-17,Jawa Timur,Offline,C00696,Retail,SR08,Networking,Router WiFi 6 R600,2,0.0,Completed,1200000.0,2400000.0,
ORD-101778,2025-03-17,Jawa Timur,Offline,C01399,UMKM,SR07,Aksesoris,Headset USB H3,3,0.0,Completed,350000.0,1050000.0,635100.0
ORD-101779,2025-03-17,Jawa Barat,Online,C00647,Retail,SYS-ONLINE,Aksesoris,Keyboard Mekanik K7,4,0.0,Completed,650000.0,2600000.0,1578400.0
ORD-101780,2025-03-17,Sulawesi,Offline,K0099,Korporat,SR16,Networking,Switch 8 Port S8,22,0.0,Completed,450000.0,9900000.0,6509800.0
ORD-101781,2025-03-17,DKI Jakarta,Online,C01618,Retail,SYS-ONLINE,Aksesoris,Mouse Wireless M20,1,0.1,Completed,180000.0,162000.0,103900.0
ORD-101782,2025-03-17,Jawa Timur,Online,C00761,UMKM,SYS-ONLINE,Aksesoris,Power Bank 20000mAh,5,0.05,Completed,320000.0,1520000.0,1009500.0
ORD-101783,2025-03-17,DKI Jakarta,Offline,C00743,Retail,SR02,Aksesoris,Headset USB H3,5,0.0,Completed,350000.0,1750000.0,1037000.0
ORD-101784,2025-03-17,Sulawesi,Offline,C01597,Retail,SR16,Aksesoris,Headset USB H3,1,0.0,Completed,350000.0,350000.0,212000.0
ORD-101785,2025-03-17,Jawa Timur,Offline,C00791,Retail,SR08,Aksesoris,Headset USB H3,1,0.0,Completed,350000.0,350000.0,207500.0
ORD-101786,2025-03-18,Jakarta,Online,C01870,UMKM,SYS-ONLINE,Peralatan Kantor,Kursi Ergonomis E1,2,0.1,Completed,1900000.0,3420000.0,2568000.0
ORD-101787,2025-03-18,Jawa Timur,Offline,C02369,UMKM,SR07,Laptop,Laptop Axio 14,4,0.0,Completed,8500000.0,34000000.0,30302400.0
ORD-101788,2025-03-18,Jawa Barat,Offline,C00550,Retail,SR04,Printer & Tinta,Tinta Botol Set CMYK,1,0.05,Completed,280000.0,266000.0,165400.0
ORD-101789,2025-03-18,Sumatera,Offline,C01819,Retail,SR11,Aksesoris,Mouse Wireless M20,4,5.0,Completed,180000.0,684000.0,420000.0
ORD-101790,2025-03-18,Sulawesi,Offline,C01712,Retail,SR17,Aksesoris,Mouse Wireless M20,2,0.0,Completed,180000.0,360000.0,208200.0
ORD-101791,2025-03-18,Jawa Timur,Online,C01745,Retail,SYS-ONLINE,Laptop,Laptop Axio 14,1,0.0,Completed,8500000.0,8500000.0,7539800.0
ORD-101792,2025-03-18,Jakarta,Offline,C02275,Retail,SR03,Printer & Tinta,Tinta Botol Set CMYK,1,0.0,Completed,280000.0,280000.0,167100.0
ORD-101793,2025-03-18,Jakarta,Offline,C02152,Retail,SR01,Laptop,Laptop Veno 13,1,0.05,Completed,6200000.0,5890000.0,5489700.0
ORD-101794,2025-03-18,Jakarta,Online,C01021,Retail,SYS-ONLINE,smartphone,Smartphone Lumo A5,2,0.15,Completed,2800000.0,4760000.0,4901200.0
ORD-101795,2025-03-18,Sulawesi,Online,C00424,Retail,SYS-ONLINE,Printer & Tinta,Printer InkJet P200,1,0.0,Completed,2100000.0,2100000.0,1675100.0
ORD-101796,2025-03-18,Jakarta,Online,C02129,UMKM,SYS-ONLINE,Peralatan Kantor,Kursi Ergonomis E1,5,0.1,Completed,1900000.0,8550000.0,6582500.0
ORD-101797,2025-03-18,Jawa Timur,Offline,C02394,UMKM,SR09,Smartphone,Smartphone Lumo X,5,0.0,Completed,5500000.0,27500000.0,23718000.0
ORD-101798,2025-03-18,Jawa Timur,Offline,C00654,UMKM,SR07,Printer & Tinta,Tinta Botol Set CMYK,3,0.0,Completed,280000.0,840000.0,496500.0
ORD-101799,2025-03-18,Kalimantan,Offline,C01522,Retail,SR13,Aksesoris,Mouse Wireless M20,4,0.05,Completed,180000.0,684000.0,424000.0
ORD-106994,2025-03-18,Sulawesi,Offline,C01712,Retail,SR17,Aksesoris,Mouse Wireless M20,2,0.0,Completed,180000.0,360000.0,211400.0
ORD-101800,2025-03-19,Jawa Barat,Offline,C01747,UMKM,SR05,Laptop,Laptop Axio Pro 15,2,0.1,Completed,13000000.0,23400000.0,23402200.0
ORD-101801,2025-03-19,Jawa Timur,Offline,C01719,Retail,SR08,Aksesoris,Keyboard Mekanik K7,5,0.0,Completed,650000.0,3250000.0,1988000.0
ORD-101802,2025-03-19,,Online,K0096,Korporat,SYS-ONLINE,Peralatan Kantor,Kertas A4 80gsm (rim),17,0.05,Completed,55000.0,888250.0,646000.0
ORD-101803,2025-03-19,Jakarta,Offline,C01077,UMKM,SR01,Peralatan Kantor,Kertas A4 80gsm (rim),8,0.1,Completed,55000.0,396000.0,300000.0
ORD-101804,2025-03-19,Jawa Barat,Online,C02309,Retail,SYS-ONLINE,Aksesoris,Mouse Wireless M20,4,0.0,Completed,180000.0,720000.0,422800.0
ORD-101805,2025-03-19,Jatim,Offline,C01798,Retail,SR07,Aksesoris,Keyboard Mekanik K7,2,0.0,Cancelled,650000.0,1300000.0,806000.0
ORD-101806,2025-03-19,Sumatera,Offline,K0155,Korporat,SR10,Aksesoris,Power Bank 20000mAh,27,0.05,Completed,320000.0,8208000.0,5354100.0
ORD-101807,2025-03-19,Jakarta,Offline,C00183,UMKM,SR01,Aksesoris,Power Bank 20000mAh,13,0.0,Completed,320000.0,4160000.0,2570100.0
ORD-101808,2025-03-19,Sulawesi,Online,C02311,Retail,SYS-ONLINE,Laptop,Laptop Axio 14,2,0.05,Completed,8500000.0,16150000.0,15089800.0
ORD-101809,2025-03-20,Sumatera,Offline,C01222,Retail,SR11,Aksesoris,Power Bank 20000mAh,1,5.0,Completed,320000.0,304000.0,200000.0
ORD-101810,2025-03-20,Kalimantan,Online,C01933,UMKM,SYS-ONLINE,laptop,Laptop Axio 14,4,0.15,Completed,8500000.0,28900000.0,30586400.0
ORD-101811,2025-03-20,Sulawesi,online,C01119,Retail,SYS-ONLINE,Networking,Router WiFi 6 R600,4,0.05,Completed,1200000.0,4560000.0,
ORD-101812,2025-03-20,Jawa Timur,Offline,C00913,Retail,SR09,Smartphone,Smartphone Lumo X,1,0.1,Completed,5500000.0,4950000.0,4773200.0
ORD-101813,2025-03-20,Sumatera,Offline,C01881,Retail,SR10,Laptop,Laptop Axio Pro 15,2,0.05,Completed,13000000.0,24700000.0,23191000.0
ORD-101814,2025-03-20,Jawa Barat,Offline,C01700,UMKM,SR04,Smartphone,Smartphone Lumo A5,5,0.0,Completed,2800000.0,14000000.0,12172500.0
ORD-101815,2025-03-20,Jakarta,Offline,C01412,UMKM,SR03,Networking,Router WiFi 6 R600,13,0.1,Completed,1200000.0,14040000.0,
ORD-101816,2025-03-20,Jawa Barat,Offline,C02151,UMKM,SR05,Aksesoris,Keyboard Mekanik K7,9,0.05,Completed,650000.0,5557500.0,3585600.0
ORD-101817,2025-03-20,Sumatera,ONLINE,C00651,Retail,SYS-ONLINE,laptop,Laptop Axio 14,2,0.0,Completed,8500000.0,17000000.0,15044200.0
ORD-101818,2025-03-20,Jawa Barat,Offline,K0067,Korporat,SR05,Aksesoris,Keyboard Mekanik K7,49,0.1,Completed,650000.0,28665000.0,19653900.0
ORD-101819,2025-03-20,Sulawesi,Offline,C00465,UMKM,SR18,Laptop,Laptop Axio Pro 15,4,0.05,Completed,13000000.0,49400000.0,46878400.0
ORD-101820,2025-03-20,Jawa Barat,Offline,C00347,UMKM,SR06,Aksesoris,Headset USB H3,14,0.0,Completed,350000.0,4900000.0,2972200.0
ORD-101821,2025-03-20,Sumatera,Online,C01210,Retail,SYS-ONLINE,Printer & Tinta,Printer InkJet P200,1,0.0,Completed,2100000.0,2100000.0,1683600.0
ORD-101822,2025-03-20,Jakarta,Offline,C01280,UMKM,SR02,Aksesoris,Power Bank 20000mAh,13,0.0,Completed,320000.0,4160000.0,2567500.0
ORD-101823,2025-03-20,Jakarta,Online,C02306,Retail,SYS-ONLINE,Printer & Tinta,Tinta Botol Set CMYK,1,0.1,Completed,280000.0,252000.0,163800.0
ORD-101824,2025-03-20,Jawa Timur,Offline,C01019,UMKM,SR08,Smartphone,Smartphone Lumo X,1,0.05,Completed,5500000.0,5225000.0,4822700.0
ORD-101825,2025-03-21,Jawa Barat,Online,C01061,UMKM,SYS-ONLINE,Peralatan Kantor,Kursi Ergonomis E1,3,0.05,Completed,1900000.0,5415000.0,3876900.0
ORD-101825,2025-03-21,Jawa Barat,Online,C01061,UMKM,SYS-ONLINE,Peralatan Kantor,Kursi Ergonomis E1,3,0.05,Completed,1900000.0,5415000.0,3876900.0
ORD-101826,2025-03-21,Jakarta,Offline,K0104,Korporat,SR02,Printer&Tinta,Printer InkJet P200,3,0.0,Completed,2100000.0,6300000.0,5031900.0
ORD-101827,2025-03-21,Jawa Barat,Offline,C02212,Retail,SR06,Laptop,Laptop Veno 13,2,0.0,Completed,6200000.0,12400000.0,10948600.0
ORD-101828,2025-03-21,Jatim,Offline,C00164,Retail,SR07,Laptop,Laptop Axio Pro 15,1,5.0,Completed,13000000.0,12350000.0,11504600.0
ORD-101829,2025-03-21,Jawa Barat,Online,K0024,Korporat,SYS-ONLINE,Aksesoris,Keyboard Mekanik K7,48,0.1,Completed,650000.0,28080000.0,19094400.0
ORD-101830,2025-03-21,Jawa Timur,Online,C02346,UMKM,SYS-ONLINE,Smartphone,Smartphone Lumo A5,3,0.05,Completed,2800000.0,7980000.0,7397700.0
ORD-101831,2025-03-21,Sumatera,Offline,C00465,Retail,SR12,Smartphone,Smartphone Lumo A5,2,0.0,Completed,2800000.0,5600000.0,4806800.0
ORD-101832,2025-03-21,Sumatera,Online,C00275,Retail,SYS-ONLINE,Printer & Tinta,Printer InkJet P200,1,0.15,Completed,2100000.0,1785000.0,1678900.0
ORD-101833,2025-03-21,Kalimantan,Online,C01691,Retail,SYS-ONLINE,Aksesoris,Keyboard Mekanik K7,4,0.1,Completed,650000.0,2340000.0,1581200.0
ORD-101834,2025-03-21,Kalimantan,Offline,C01013,UMKM,SR14,Aksesoris,Mouse Wireless M20,6,0.0,Cancelled,180000.0,1080000.0,638400.0
ORD-101835,2025-03-22,Jawa Barat,Offline,C00805,Retail,SR06,Peralatan Kantor,Kursi Ergonomis E1,4,0.05,Completed,1900000.0,7220000.0,5260400.0
ORD-101836,2025-03-22,Jakarta,Offline,C01155,Retail,SR02,Peralatan Kantor,Kursi Ergonomis E1,2,0.05,Completed,1900000.0,3610000.0,2588200.0
ORD-101837,2025-03-22,Kalimantan,Online,C01023,UMKM,SYS-ONLINE,Aksesoris,Power Bank 20000mAh,6,0.0,Completed,320000.0,1920000.0,1191600.0
ORD-101838,2025-03-22,Jawa Barat,Online,C01456,Retail,SYS-ONLINE,Laptop,Laptop Veno 13,2,0.05,Completed,6200000.0,11780000.0,11055800.0
ORD-101839,2025-03-22,Jakarta,Online,C01422,Retail,SYS-ONLINE,Laptop,Laptop Veno 13,1,0.0,Completed,6200000.0,6200000.0,5610900.0
ORD-101840,2025-03-22,Jakarta,Offline,K0176,Korporat,SR02,Smartphone,Smartphone Lumo X,3,0.05,Completed,5500000.0,15675000.0,14583300.0
ORD-101841,2025-03-22,Kalimantan,Online,K0037,Korporat,SYS-ONLINE,Aksesoris,Headset USB H3,14,0.05,Completed,350000.0,4655000.0,2912000.0
ORD-101842,2025-03-22,Sulawesi,Online,C02304,Retail,SYS-ONLINE,Networking,Router WiFi 6 R600,4,0.05,Completed,1200000.0,4560000.0,3394000.0
ORD-101843,2025-03-22,Jakarta,Offline,C01773,Retail,SR01,Peralatan Kantor,Kursi Ergonomis E1,2,0.1,Completed,1900000.0,3420000.0,2575800.0
ORD-101844,2025-03-22,Jawa Barat,Offline,C00876,Retail,SR05,Smartphone,Smartphone Lumo A5,1,0.05,Completed,2800000.0,2660000.0,2462000.0
ORD-101845,2025-03-23,Jakarta,Offline,C01993,UMKM,SR01,Aksesoris,Mouse Wireless M20,1,0.0,Completed,180000.0,180000.0,105200.0
ORD-101846,2025-03-23,Kalimantan,Online,C00557,Retail,SYS-ONLINE,Networking,Switch 8 Port S8,2,0.1,Completed,450000.0,810000.0,591600.0
ORD-101847,2025-03-23,Sumatera,Online,C00924,Retail,SYS-ONLINE,Aksesoris,Keyboard Mekanik K7,5,0.05,Completed,650000.0,3087500.0,2020500.0
ORD-101848,2025-03-23,Sulawesi,Online,C00833,Retail,SYS-ONLINE,Printer & Tinta,Tinta Botol Set CMYK,2,0.0,Completed,280000.0,560000.0,333600.0
ORD-101849,2025-03-23,Jawa Timur,Online,C01156,Retail,SYS-ONLINE,Peralatan Kantor,Kertas A4 80gsm (rim),5,0.15,Completed,55000.0,233750.0,191500.0
ORD-101850,2025-03-23,Jakarta,Offline,C01685,Retail,SR03,Networking,Router WiFi 6 R600,1,0.05,Completed,1200000.0,1140000.0,
ORD-101851,2025-03-23,Jawa Barat,Offline,C02307,Retail,SR04,Aksesoris,Keyboard Mekanik K7,1,0.0,Completed,650000.0,650000.0,402700.0
ORD-101852,2025-03-23,Jawa Barat,Offline,C00195,UMKM,SR05,Networking,Switch 8 Port S8,1,0.0,Completed,450000.0,450000.0,302500.0
ORD-101853,2025-03-23,Jawa Barat,Offline,C00704,UMKM,SR05,Peralatan Kantor,Kursi Ergonomis E1,10,0.0,Completed,1900000.0,19000000.0,13119000.0
ORD-101854,2025-03-23,Jawa Timur,Online,C00520,Retail,SYS-ONLINE,Peralatan Kantor,Kertas A4 80gsm (rim),3,0.1,Completed,55000.0,148500.0,114000.0
RET-101729,2025-03-23,Sulawesi,Offline,C00535,Retail,SR16,Laptop,Laptop Veno 13,-1,0.0,Returned,6200000.0,-6200000.0,-5626500.0
RET-101729,2025-03-23,Sulawesi,Offline,C00535,Retail,SR16,Laptop,Laptop Veno 13,-1,0.0,Returned,6200000.0,-6200000.0,-5626500.0
ORD-101855,2025-03-24,Kalimantan,Online,C01941,Retail,SYS-ONLINE,Aksesoris,Keyboard Mekanik K7,4,0.0,Completed,650000.0,2600000.0,1595600.0
ORD-101856,2025-03-24,Sulawesi,Offline,C02247,UMKM,SR16,Aksesori,Power Bank 20000mAh,11,0.0,Completed,320000.0,3520000.0,2193400.0
ORD-101857,2025-03-24,Jawa Barat,Online,C01447,UMKM,SYS-ONLINE,Laptop,Laptop Axio Pro 15,3,0.0,Completed,13000000.0,39000000.0,34493700.0
ORD-101858,2025-03-24,Sulawesi,Offline,C00240,UMKM,SR16,Peralatan Kantor,Kertas A4 80gsm (rim),10,0.1,Completed,55000.0,495000.0,383000.0
ORD-101859,2025-03-24,Sulawesi,Offline,C00152,Retail,SR17,Peralatan Kantor,Kursi Ergonomis E1,3,0.0,Completed,1900000.0,5700000.0,3845700.0
ORD-101860,2025-03-24,Jawa Barat,Offline,C01041,UMKM,SR05,Smartphone,Smartphone Lumo A5,2,0.0,Completed,2800000.0,5600000.0,4876600.0
ORD-101861,2025-03-24,Sulawesi,Online,C01003,Retail,SYS-ONLINE,Smartphone,Smartphone Lumo X,1,0.05,Completed,5500000.0,5225000.0,4859700.0
ORD-101861,2025-03-24,Sulawesi,Online,C01003,Retail,SYS-ONLINE,Smartphone,Smartphone Lumo X,1,0.05,Completed,5500000.0,5225000.0,4859700.0
ORD-101862,2025-03-24,Sulawesi,Offline,C01743,Retail,SR18,Aksesoris,Keyboard Mekanik K7,2,0.05,Completed,650000.0,1235000.0,795800.0
ORD-101863,2025-03-24,Jabar,Offline,C01324,UMKM,SR06,Peralatan Kantor,Kertas A4 80gsm (rim),5,0.0,Completed,55000.0,275000.0,188000.0
ORD-101864,2025-03-24,Jatim,Offline,C01207,Retail,SR08,LAPTOP,Laptop Veno 13,2,0.0,Completed,6200000.0,12400000.0,11070200.0
ORD-101865,2025-03-24,Sumatera,Offline,C01140,Retail,SR12,Peralatan Kantor,Kertas A4 80gsm (rim),5,0.0,Completed,55000.0,275000.0,192500.0
ORD-101866,2025-03-24,Jakarta,Offline,C00376,UMKM,SR03,Aksesoris,Keyboard Mekanik K7,3,0.1,Completed,650000.0,1755000.0,1189200.0
ORD-101867,2025-03-25,Jawa Timur,Online,C02005,Retail,SYS-ONLINE,Laptop,Laptop Axio 14,2,0.15,Completed,8500000.0,14450000.0,14982200.0
ORD-101868,2025-03-25,Jakarta,Offline,C01847,Retail,SR02,Printer & Tinta,Printer InkJet P200,1,0.0,Completed,2100000.0,2100000.0,1719400.0
ORD-101869,2025-03-25,DKI Jakarta,Offline,C01530,UMKM,SR02,Laptop,Laptop Axio Pro 15,2,0.0,Completed,13000000.0,26000000.0,23457200.0
ORD-101870,2025-03-25,Jakarta,Offline,K0025,Korporat,SR02,Aksesoris,Headset USB H3,2,0.05,Completed,350000.0,665000.0,416800.0
ORD-101871,2025-03-25,,Online,C02240,Retail,SYS-ONLINE,Printer & Tinta,Tinta Botol Set CMYK,2,0.1,Completed,280000.0,504000.0,326200.0
ORD-101872,2025-03-25,Jawa Barat,Online,C01530,Retail,SYS-ONLINE,Aksesoris,Headset USB H3,4,0.1,Completed,350000.0,1260000.0,834400.0
ORD-101873,2025-03-25,Jawa Timur,Offline,C01505,UMKM,SR07,Aksesoris,Power Bank 20000mAh,5,0.0,Completed,320000.0,1600000.0,988000.0
ORD-101874,2025-03-25,Jawa Barat,Online,C02275,Retail,SYS-ONLINE,Smartphone,Smartphone Lumo X,2,0.05,Completed,5500000.0,10450000.0,9497800.0
ORD-101875,2025-03-25,Sumatera,Online,C00444,Retail,SYS-ONLINE,Peralatan Kantor,Kertas A4 80gsm (rim),2,0.0,Completed,55000.0,110000.0,75400.0
ORD-101876,2025-03-25,Jakarta,Offline,K0100,Korporat,SR02,Aksesoris,Mouse Wireless M20,41,0.05,Completed,180000.0,7011000.0,4272200.0
ORD-101877,2025-03-25,Jawa Barat,Offline,C01708,UMKM,SR05,Peralatan Kantor,Kertas A4 80gsm (rim),7,0.0,Completed,55000.0,385000.0,266700.0
ORD-101878,2025-03-25,Jawa Timur,Offline,C01580,Retail,SR08,laptop,Laptop Axio Pro 15,1,0.05,Completed,13000000.0,12350000.0,11548100.0
ORD-101879,2025-03-25,Jakarta,Offline,C02133,UMKM,SR02,Smartphone,Smartphone Lumo X,4,0.05,Completed,5500000.0,20900000.0,19343200.0
ORD-101880,2025-03-25,Sulawesi,Offline,C00241,Retail,SR18,Networking,Router WiFi 6 R600,5,0.0,Completed,1200000.0,6000000.0,
ORD-101881,2025-03-25,Jawa Barat,Online,C00261,Retail,SYS-ONLINE,Aksesoris,Mouse Wireless M20,4,0.1,Completed,180000.0,648000.0,421600.0
ORD-101881,2025-03-25,Jawa Barat,Online,C00261,Retail,SYS-ONLINE,Aksesoris,Mouse Wireless M20,4,0.1,Completed,180000.0,648000.0,421600.0
ORD-101882,2025-03-26,Jakarta,Offline,C01299,Retail,SR03,Aksesoris,Headset USB H3,1,0.0,Completed,350000.0,350000.0,211700.0
ORD-101883,2025-03-26,JKT ,Online,C00027,Retail,SYS-ONLINE,Peralatan Kantor,Kursi Ergonomis E1,3,0.05,Completed,1900000.0,5415000.0,3924900.0
ORD-101884,2025-03-26,Jakarta,E-Commerce,C01607,UMKM,SYS-ONLINE,Peralatan Kantor,Kertas A4 80gsm (rim),8,0.05,Completed,55000.0,418000.0,301600.0
ORD-101885,2025-03-26,Kalimantan,Online,K0106,Korporat,SYS-ONLINE,Printer & Tinta,Tinta Botol Set CMYK,9,0.15,Completed,280000.0,2142000.0,1467000.0
ORD-101886,2025-03-26,Jawa Timur,Offline,C00356,UMKM,SR07,Smartphone,Smartphone Lumo A5,2,5.0,Completed,2800000.0,5320000.0,4925600.0
ORD-101887,2025-03-26,Jawa Barat,Offline,C00693,UMKM,SR04,Laptop,Laptop Veno 13,2,0.0,Completed,6200000.0,12400000.0,11041000.0
ORD-101888,2025-03-26,Sumatera,Offline,C01488,UMKM,SR10,Aksesoris,Headset USB H3,7,0.1,Completed,350000.0,2205000.0,1453900.0
ORD-101889,2025-03-26,Jawa Timur,Online,C01807,Retail,SYS-ONLINE,Networking,Switch 8 Port S8,4,0.1,Completed,450000.0,1620000.0,
ORD-101890,2025-03-26,Sulawesi,Offline,C02113,UMKM,SR18,Aksesoris,Mouse Wireless M20,2,0.0,Completed,180000.0,360000.0,207200.0
ORD-101891,2025-03-26,Jawa Timur,Offline,K0150,Korporat,SR08,Networking,Switch 8 Port S8,15,0.0,Completed,450000.0,6750000.0,
ORD-106971,2025-03-26,Jakarta,Online,C00027,Retail,SYS-ONLINE,Peralatan Kantor,Kursi Ergonomis E1,3,0.05,Completed,1900000.0,5415000.0,3893100.0
ORD-101892,2025-03-27,Jakarta,Offline,C02162,Retail,SR01,Aksesoris,Headset USB H3,5,0.0,Completed,350000.0,1750000.0,1063500.0
ORD-101893,2025-03-27,Jakarta,ONLINE,K0168,Korporat,SYS-ONLINE,Aksesori,Mouse Wireless M20,9,0.05,Completed,180000.0,1539000.0,953100.0
ORD-101894,2025-03-27,jakarta,Online,C00096,Retail,SYS-ONLINE,Peralatan Kantor,Kursi Ergonomis E1,4,0.15,Completed,1900000.0,6460000.0,5197200.0
ORD-101895,2025-03-27,,Online,C01097,Retail,SYS-ONLINE,Smartphone,Smartphone Lumo A5,2,0.1,Completed,2800000.0,5040000.0,4894600.0
ORD-101896,2025-03-27,Jakarta,Offline,C00241,Retail,SR02,Laptop,Laptop Axio Pro 15,2,0.0,Completed,13000000.0,26000000.0,23422200.0
ORD-101897,2025-03-27,Jawa Barat,Offline,C00585,UMKM,SR04,Aksesoris,Mouse Wireless M20,13,0.0,Completed,180000.0,2340000.0,1346800.0
ORD-101898,2025-03-28,Jawa Barat,Offline,K0140,Korporat,SR06,Aksesoris,Headset USB H3,4,0.05,Completed,350000.0,1330000.0,840400.0
ORD-101899,2025-03-28,Jawa Timur,Online,C00939,Retail,SYS-ONLINE,Printer & Tinta,Printer InkJet P200,1,0.15,Completed,2100000.0,1785000.0,1680700.0
ORD-101900,2025-03-28,Jakarta,Offline,C00262,Retail,SR02,Laptop,Laptop Axio 14,1,0.0,Completed,8500000.0,8500000.0,7493600.0
ORD-101901,2025-03-28,kalimantan,Offline,K0135,Korporat,SR13,Printer & Tinta,Printer InkJet P200,2,0.05,Completed,2100000.0,3990000.0,3355200.0
ORD-101902,2025-03-28,Jawa Barat,Online,C01759,UMKM,SYS-ONLINE,Laptop,Laptop Axio 14,3,0.1,Completed,8500000.0,22950000.0,22650000.0
ORD-101903,2025-03-28,Jakarta,Offline,C00065,Retail,SR01,Aksesoris,Headset USB H3,2,0.0,Completed,350000.0,700000.0,418200.0
ORD-101904,2025-03-28,Sumatera,Offline,C00996,Retail,SR10,Printer & Tinta,Printer InkJet P200,1,0.0,Completed,2100000.0,2100000.0,1685400.0
ORD-101905,2025-03-28,JKT ,Offline,C01309,Retail,SR03,Laptop,Laptop Veno 13,1,0.05,Completed,6200000.0,5890000.0,5530300.0
ORD-101906,2025-03-28,Sulawesi,Offline,C00170,Retail,SR18,Aksesoris,Headset USB H3,4,0.05,Completed,350000.0,1330000.0,834400.0
ORD-101907,2025-03-28,Jakarta,Online,C02093,Retail,SYS-ONLINE,Aksesoris,Keyboard Mekanik K7,1,0.0,Completed,650000.0,650000.0,405700.0
ORD-101908,2025-03-29,Jawa Timur,Offline,C00462,Retail,SR09,smartphone,Smartphone Lumo X,1,0.0,Completed,5500000.0,5500000.0,4760500.0
ORD-101909,2025-03-29,Sumatera,Offline,C01567,UMKM,SR11,Aksesoris,Power Bank 20000mAh,2,0.0,Completed,320000.0,640000.0,402800.0
ORD-101910,2025-03-29,Kalimantan,Online,C00058,Retail,SYS-ONLINE,Printer & Tinta,Printer InkJet P200,1,0.1,Completed,2100000.0,1890000.0,1724800.0
ORD-101911,2025-03-29,Sumatera,Online,C01688,UMKM,SYS-ONLINE,Aksesori,Mouse Wireless M20,5,0.05,Completed,180000.0,855000.0,519000.0
ORD-101912,2025-03-29,Sumatera,Offline,C00525,Retail,SR11,Aksesoris,Headset USB H3,2,5.0,Completed,350000.0,665000.0,420400.0
ORD-101913,2025-03-29,Sumatra,Offline,C01111,Retail,SR11,Peralatan Kantor,Kertas A4 80gsm (rim),1,5.0,Completed,55000.0,52250.0,37900.0
ORD-101914,2025-03-29,Jawa Timur,Offline,C00438,UMKM,SR08,Peralatan Kantor,Kursi Ergonomis E1,8,0.0,Cancelled,1900000.0,15200000.0,10335200.0
ORD-101915,2025-03-29,Jakarta,Offline,C00349,Retail,SR03,Peralatan Kantor,Kursi Ergonomis E1,5,0.0,Completed,1900000.0,9500000.0,6563500.0
ORD-101916,2025-03-29,Kalimantan,Online,C01230,UMKM,SYS-ONLINE,Aksesoris,Power Bank 20000mAh,11,0.0,Completed,320000.0,3520000.0,2174700.0
ORD-101917,2025-03-29,Sumatera,Offline,C02270,Retail,SR12,Aksesoris,Headset USB H3,2,0.0,Completed,350000.0,700000.0,424000.0
ORD-101918,2025-03-29,Sumatera,Offline,C01209,Retail,SR10,Networking,Switch 8 Port S8,1,0.0,Completed,450000.0,450000.0,
ORD-101919,2025-03-29,Jawa Timur,Offline,C01695,UMKM,SR08,Aksesoris,Mouse Wireless M20,7,0.0,Completed,180000.0,1260000.0,742000.0
RET-101765,2025-03-29,Jawa Barat,Offline,C00986,Retail,SR04,Smartphone,Smartphone Lumo A5,-2,0.05,Returned,2800000.0,-5320000.0,-4901400.0
ORD-101920,2025-03-30,Jawa Timur,Online,C02393,Retail,SYS-ONLINE,Aksesoris,Mouse Wireless M20,2,0.1,Completed,180000.0,324000.0,211800.0
ORD-101921,2025-03-30,Jakarta,Online,C01941,Retail,SYS-ONLINE,Peralatan Kantor,Kursi Ergonomis E1,5,0.05,Completed,1900000.0,9025000.0,6548500.0
ORD-101922,2025-03-30,Jakarta,Offline,C00298,UMKM,SR01,Smartphone,Smartphone Lumo A5,3,0.0,Completed,2800000.0,8400000.0,7192500.0
ORD-101923,2025-03-30,Jawa Barat,Offline,C01010,Retail,SR04,Networking,Switch 8 Port S8,2,0.0,Completed,450000.0,900000.0,597800.0
ORD-101924,2025-03-30,Jakarta,Online,C00999,Retail,SYS-ONLINE,Aksesoris,Keyboard Mekanik K7,3,0.05,Completed,650000.0,1852500.0,1191300.0
ORD-101925,2025-03-30,Sumatera,Offline,C00692,Retail,SR10,Smartphone,Smartphone Lumo A5,2,0.05,Completed,2800000.0,5320000.0,4883200.0
ORD-101926,2025-03-30,Jawa Barat,Offline,C02370,UMKM,SR06,Printer & Tinta,Printer InkJet P200,4,0.0,Completed,2100000.0,8400000.0,6702000.0
ORD-101927,2025-03-30,Jawa Timur,Offline,C01396,UMKM,SR07,Smartphone,Smartphone Lumo X,5,0.0,Completed,5500000.0,27500000.0,23985500.0
ORD-101928,2025-03-30,Sulawesi,Online,C02059,Retail,SYS-ONLINE,Printer & Tinta,Printer InkJet P200,2,0.05,Completed,2100000.0,3990000.0,3379400.0
ORD-101929,2025-03-30,Sumatera,Offline,K0015,Korporat,SR10,Laptop,Laptop Axio Pro 15,9,0.0,Completed,13000000.0,117000000.0,104492700.0
ORD-101930,2025-03-30,Jakarta,Offline,C01387,Retail,SR01,LAPTOP,Laptop Veno 13,2,0.0,Cancelled,6200000.0,12400000.0,11036000.0
ORD-101931,2025-03-31,Sulawesi,Offline,K0066,Korporat,SR16,Networking,Switch 8 Port S8,41,0.0,Completed,450000.0,18450000.0,12242600.0
ORD-101932,2025-03-31,Sumatera,Online,K0079,Korporat,SYS-ONLINE,Printer & Tinta,Printer InkJet P200,3,0.1,Completed,2100000.0,5670000.0,5169300.0
ORD-101933,2025-03-31,Kalimantan,Offline,C00020,UMKM,SR13,Laptop,Laptop Axio 14,1,0.0,Completed,8500000.0,8500000.0,7666300.0
ORD-101934,2025-03-31,Sulawesi,Offline,C01302,UMKM,SR16,Printer & Tinta,Printer InkJet P200,3,0.05,Completed,2100000.0,5985000.0,5150400.0
ORD-101935,2025-03-31,Jakarta,E-Commerce,C01541,UMKM,SYS-ONLINE,Laptop,Laptop Axio 14,3,0.0,Completed,8500000.0,25500000.0,23119200.0
ORD-101936,2025-03-31,Jawa Barat,Offline,C00759,Retail,SR04,Aksesoris,Headset USB H3,2,0.05,Completed,350000.0,665000.0,420200.0
ORD-101937,2025-03-31,Jakarta,Offline,C00379,Retail,SR02,Printer & Tinta,Printer InkJet P200,1,0.0,Cancelled,2100000.0,2100000.0,1706600.0
ORD-101938,2025-03-31,Sumatra,Offline,C00828,UMKM,SR10,Peralatan Kantor,Kertas A4 80gsm (rim),13,0.0,Completed,55000.0,715000.0,499200.0
ORD-101939,2025-03-31,Jakarta,Online,C01196,Retail,SYS-ONLINE,Networking,Switch 8 Port S8,1,0.15,Completed,450000.0,382500.0,295800.0
ORD-101940,2025-03-31,Kalimantan,Online,C01643,Retail,SYS-ONLINE,Networking,Switch 8 Port S8,1,0.05,Completed,450000.0,427500.0,300900.0
ORD-101941,2025-03-31,Jawa Timur,Online,C02339,Retail,SYS-ONLINE,Networking,Router WiFi 6 R600,4,0.1,Completed,1200000.0,4320000.0,
ORD-101942,2025-03-31,Jawa Barat,Online,C01610,Retail,SYS-ONLINE,Smartphone,Smartphone Lumo X,1,0.1,Completed,5500000.0,4950000.0,4800400.0
ORD-101942,2025-03-31,Jawa Barat,Online,C01610,Retail,SYS-ONLINE,Smartphone,Smartphone Lumo X,1,0.1,Completed,5500000.0,4950000.0,4800400.0
RET-101796,2025-03-31,Jakarta,Online,C02129,UMKM,SYS-ONLINE,Peralatan Kantor,Kursi Ergonomis E1,-5,0.1,Returned,1900000.0,-8550000.0,-6582500.0
ORD-101122,2025-01-04,Jakarta,Offline,K0006,Korporat,SR02,Printer&Tinta,Printer InkJet P200,5,0.05,Completed,2100000.0,9975000.0,8530000.0
ORD-101123,2025-01-04,Jawa Barat,Offline,C01546,Retail,SR05,Networking,Router WiFi 6 R600,3,0.0,Completed,1200000.0,3600000.0,
ORD-101124,2025-01-04,Jawa Timur,Offline,C01340,Retail,SR07,Peralatan Kantor,Kertas A4 80gsm (rim),4,5.0,Completed,55000.0,209000.0,150800.0
ORD-101125,2025-01-04,Jakarta,Offline,K0164,Korporat,SR01,Smartphone,Smartphone Lumo X,3,0.05,Completed,5500000.0,15675000.0,14614800.0
ORD-101126,2025-01-04,Jawa Timur,Offline,C00539,Retail,SR08,Laptop,Laptop Veno 13,2,0.0,Completed,6200000.0,12400000.0,11237200.0
ORD-101127,2025-01-04,Sumatera,Online,C01936,Retail,SYS-ONLINE,Peralatan Kantor,Kertas A4 80gsm (rim),1,0.05,Completed,55000.0,52250.0,37700.0
RET-101065,2025-01-04,Jawa Timur,Offline,C00896,UMKM,SR08,Printer & Tinta,Tinta Botol Set CMYK,-4,0.05,Returned,280000.0,-1064000.0,-657200.0
ORD-101348,2025-02-04,Jawa Timur,Offline,C01922,UMKM,SR08,Laptop,Laptop Axio Pro 15,1,0.0,Cancelled,13000000.0,13000000.0,11716700.0
ORD-101348,2025-02-04,Jawa Timur,Offline,C01922,UMKM,SR08,Laptop,Laptop Axio Pro 15,1,0.0,Cancelled,13000000.0,13000000.0,11716700.0
ORD-101349,2025-02-04,Jakarta,Offline,C00425,UMKM,SR01,Smartphone,Smartphone Lumo A5,3,0.0,Completed,2800000.0,8400000.0,7259100.0
ORD-101350,2025-02-04,Jawa Timur,Offline,C00391,Retail,SR09,Printer & Tinta,Tinta Botol Set CMYK,1,0.05,Completed,280000.0,266000.0,164600.0
ORD-101351,2025-02-04,Jawa Barat,Offline,C00098,Retail,SR04,Aksesoris,Headset USB H3,3,0.0,Completed,350000.0,1050000.0,624000.0
ORD-101352,2025-02-04,Jawa Timur,Online,K0067,Korporat,SYS-ONLINE,Peralatan Kantor,Kertas A4 80gsm (rim),48,0.0,Completed,55000.0,2640000.0,1843200.0
ORD-101353,2025-02-04,Sulawesi,Offline,C02212,Retail,SR17,Aksesoris,Headset USB H3,3,0.05,Completed,350000.0,997500.0,624000.0
ORD-101608,2025-03-04,Jawa Timur,Offline,C00757,Retail,SR09,Networking,Router WiFi 6 R600,1,0.0,Completed,1200000.0,1200000.0,846400.0
ORD-101609,2025-03-04,Jawa Barat,Online,C01190,Retail,SYS-ONLINE,Aksesoris,Headset USB H3,3,0.05,Completed,350000.0,997500.0,633300.0
ORD-101610,2025-03-04,Jawa Timur,Offline,C01070,Retail,SR08,Peralatan Kantor,Kertas A4 80gsm (rim),1,0.0,Completed,55000.0,55000.0,38300.0
ORD-101611,2025-03-04,Sulawesi,Online,C01911,UMKM,SYS-ONLINE,Laptop,Laptop Axio 14,5,0.05,Completed,8500000.0,40375000.0,38375500.0
ORD-101612,2025-03-04,Sumatra,Online,C00512,Retail,SYS-ONLINE,Aksesoris,Power Bank 20000mAh,3,0.0,Completed,320000.0,960000.0,601800.0
ORD-101613,2025-03-04,Sumatera,Offline,K0084,Korporat,SR10,Printer & Tinta,Tinta Botol Set CMYK,5,0.0,Completed,280000.0,1400000.0,818500.0
ORD-101614,2025-03-04,Jakarta,Offline,K0070,Korporat,SR02,Laptop,Laptop Axio 14,7,0.05,Completed,8500000.0,56525000.0,52718400.0
ORD-101615,2025-03-04,Jakarta,Offline,C01076,Retail,SR01,Peralatan Kantor,Kertas A4 80gsm (rim),4,0.0,Completed,55000.0,220000.0,153200.0
ORD-101616,2025-03-04,Sulawesi,Online,C02080,Retail,SYS-ONLINE,Peralatan Kantor,Kursi Ergonomis E1,4,0.0,Completed,1900000.0,7600000.0,5134800.0
ORD-101617,2025-03-04,Kalimantan,Offline,C00450,UMKM,SR15,Aksesoris,Headset USB H3,12,0.0,Completed,350000.0,4200000.0,2502000.0
ORD-101618,2025-03-04,Jawa Timur,Online,C01772,Retail,SYS-ONLINE,Peralatan Kantor,Kertas A4 80gsm (rim),4,0.0,Completed,55000.0,220000.0,150000.0
ORD-101959,2025-04-04,Jakarta,Offline,C00612,UMKM,SR02,Laptop,Laptop Axio Pro 15,1,0.0,Completed,13000000.0,13000000.0,11757900.0
ORD-101960,2025-04-04,Jakarta,Offline,C01936,Retail,SR03,Aksesoris,Mouse Wireless M20,3,0.05,Completed,180000.0,513000.0,310500.0
ORD-101961,2025-04-04,Jakarta,Offline,C02248,UMKM,SR01,Laptop,Laptop Axio 14,5,0.0,Completed,8500000.0,42500000.0,37841000.0
ORD-101962,2025-04-04,Jakarta,Online,C01095,UMKM,SYS-ONLINE,Networking,Router WiFi 6 R600,5,0.05,Completed,1200000.0,5700000.0,4231000.0
ORD-101963,2025-04-04,Kalimantan,Offline,C01717,Retail,SR14,Printer & Tinta,Printer InkJet P200,2,0.1,Completed,2100000.0,3780000.0,3380600.0
ORD-101964,2025-04-04,Jakarta,Online,C01656,UMKM,SYS-ONLINE,HP,Smartphone Lumo X,2,0.05,Completed,5500000.0,10450000.0,9716400.0
ORD-101965,2025-04-04,Jakarta,Offline,C00918,Retail,SR03,ATK,Kursi Ergonomis E1,4,0.05,Completed,1900000.0,7220000.0,5200800.0
ORD-101966,2025-04-04,Jawa Timur,Offline,C01556,UMKM,SR08,Laptop,Laptop Axio Pro 15,2,0.0,Completed,13000000.0,26000000.0,23045800.0
RET-101920,2025-04-04,Jawa Timur,Online,C02393,Retail,SYS-ONLINE,Aksesoris,Mouse Wireless M20,-2,0.1,Returned,180000.0,-324000.0,-211800.0
ORD-102176,2025-05-04,Jawa Barat,Offline,C01973,Retail,SR04,Smartphone,Smartphone Lumo A5,1,0.05,Completed,2800000.0,2660000.0,2429900.0
ORD-102177,2025-05-04,Jakarta,Offline,C01080,Retail,SR03,Networking,Switch 8 Port S8,5,0.05,Completed,450000.0,2137500.0,
ORD-102178,2025-05-04,Sumatera,Online,C01674,Retail,SYS-ONLINE,Smartphone,Smartphone Lumo A5,1,0.1,Completed,2800000.0,2520000.0,2465900.0
ORD-102179,2025-05-04,Jawa Barat,Online,C00669,Retail,SYS-ONLINE,smartphone,Smartphone Lumo A5,1,0.1,Completed,2800000.0,2520000.0,2442200.0
ORD-102180,2025-05-04,Jawa Barat,Offline,C01993,Retail,SR05,Aksesoris,Mouse Wireless M20,5,0.0,Completed,180000.0,900000.0,518500.0
ORD-102181,2025-05-04,Jakarta,online,C00974,Retail,SYS-ONLINE,HP,Smartphone Lumo X,2,0.05,Completed,5500000.0,10450000.0,9698400.0
ORD-102181,2025-05-04,Jakarta,online,C00974,Retail,SYS-ONLINE,HP,Smartphone Lumo X,2,0.05,Completed,5500000.0,10450000.0,9698400.0
ORD-102182,2025-05-04,Sulawesi,Offline,C01607,Retail,SR16,Laptop,Laptop Veno 13,1,0.0,Completed,6200000.0,6200000.0,5615400.0
ORD-102183,2025-05-04,Sumatera,Offline,C02096,Retail,SR10,Networking,Router WiFi 6 R600,3,0.0,Completed,1200000.0,3600000.0,
ORD-102449,2025-06-04,Sumatera,Online,K0032,Korporat,SYS-ONLINE,laptop,Laptop Axio 14,9,0.15,Completed,8500000.0,65025000.0,68661900.0
ORD-102450,2025-06-04,Jakarta,Offline,C02016,UMKM,SR02,Smartphone,Smartphone Lumo A5,1,0.05,Completed,2800000.0,2660000.0,2451500.0
ORD-102451,2025-06-04,Jakarta,Offline,C00238,Retail,SR01,Aksesoris,Headset USB H3,1,0.0,Completed,350000.0,350000.0,208500.0
ORD-102452,2025-06-04,Kalimantan,Online,K0173,Korporat,SYS-ONLINE,Aksesoris,Headset USB H3,34,0.0,Completed,350000.0,11900000.0,7228400.0
ORD-102453,2025-06-04,kalimantan,Online,C00964,UMKM,SYS-ONLINE,Aksesoris,Headset USB H3,3,0.05,Completed,350000.0,997500.0,622800.0
ORD-102453,2025-06-04,kalimantan,Online,C00964,UMKM,SYS-ONLINE,Aksesoris,Headset USB H3,3,0.05,Completed,350000.0,997500.0,622800.0
ORD-102454,2025-06-04,Jawa Barat,Offline,C02042,UMKM,SR06,Laptop,Laptop Axio Pro 15,3,0.0,Completed,13000000.0,39000000.0,34713900.0
ORD-102455,2025-06-04,Jabar,Offline,C02042,Retail,SR05,Printer & Tinta,Printer InkJet P200,2,0.05,Completed,2100000.0,3990000.0,3405000.0
ORD-102456,2025-06-04,Sumatera,Online,C01001,UMKM,SYS-ONLINE,Printer & Tinta,Printer InkJet P200,1,0.05,Completed,2100000.0,1995000.0,1718100.0
ORD-102688,2025-07-04,Jakarta,Offline,C01053,Retail,SR03,Peralatan Kantor,Kursi Ergonomis E1,2,0.05,Completed,1900000.0,3610000.0,2587200.0
ORD-102689,2025-07-04,SULAWESI,Offline,C00901,Retail,SR16,Printer & Tinta,Tinta Botol Set CMYK,1,0.05,Completed,280000.0,266000.0,164500.0
ORD-102690,2025-07-04,Jakarta,E-Commerce,C01382,UMKM,SYS-ONLINE,Laptop,Laptop Axio 14,2,0.1,Completed,8500000.0,15300000.0,15324400.0
ORD-102691,2025-07-04,SULAWESI,Offline,C01165,Retail,SR18,Aksesoris,Headset USB H3,4,0.0,Completed,350000.0,1400000.0,846800.0
ORD-102692,2025-07-04,Jakarta,Online,C02085,UMKM,SYS-ONLINE,Smartphone,Smartphone Lumo X,3,0.0,Completed,5500000.0,16500000.0,14560200.0
ORD-102693,2025-07-04,Kalimantan,Online,C00548,UMKM,SYS-ONLINE,Laptop,Laptop Veno 13,4,0.1,Completed,6200000.0,22320000.0,21998800.0
ORD-102694,2025-07-04,Jakarta,Offline,C02196,Retail,SR02,Aksesoris,Mouse Wireless M20,4,0.1,Completed,180000.0,648000.0,420800.0
ORD-102695,2025-07-04,Sumatera,Offline,C00797,UMKM,SR11,Printer & Tinta,Printer InkJet P200,3,0.0,Completed,2100000.0,6300000.0,5084700.0
ORD-102696,2025-07-04,DKI Jakarta,Offline,C02131,UMKM,SR03,Peralatan Kantor,Kertas A4 80gsm (rim),14,0.1,Completed,55000.0,693000.0,523600.0
ORD-102697,2025-07-04,Jakarta,Offline,C00271,Retail,SR03,Peralatan Kantor,Kertas A4 80gsm (rim),2,0.0,Completed,55000.0,110000.0,76800.0
ORD-102698,2025-07-04,Jawa Barat,Online,C00596,Retail,SYS-ONLINE,Aksesoris,Headset USB H3,2,0.15,Completed,350000.0,595000.0,421000.0
ORD-102699,2025-07-04,Sulawesi,Offline,C01766,UMKM,SR17,Laptop,Laptop Axio 14,3,0.0,Completed,8500000.0,25500000.0,22993200.0
RET-102674,2025-07-04,Sumatera,Offline,C01369,Retail,SR11,Aksesoris,Mouse Wireless M20,-2,10.0,Returned,180000.0,-324000.0,-207000.0
ORD-102974,2025-08-04,Jawa Timur,Offline,C00209,Retail,SR08,Networking,Switch 8 Port S8,3,0.05,Completed,450000.0,1282500.0,906000.0
ORD-102975,2025-08-04,Jakarta,Online,C00908,Retail,SYS-ONLINE,Aksesoris,Power Bank 20000mAh,3,0.1,Completed,320000.0,864000.0,597600.0
ORD-102976,2025-08-04,,Online,C00579,Retail,SYS-ONLINE,Networking,Router WiFi 6 R600,4,0.0,Completed,1200000.0,4800000.0,
ORD-102977,2025-08-04,Sumatera,Offline,C01178,Retail,SR12,Smartphone,Smartphone Lumo A5,1,0.0,Completed,2800000.0,2800000.0,2395600.0
ORD-102978,2025-08-04,Jawa Timur,Offline,C01863,Retail,SR08,Laptop,Laptop Axio Pro 15,1,0.0,Completed,13000000.0,13000000.0,11821600.0
ORD-102979,2025-08-04,Jakarta,Offline,C02218,Retail,SR01,Networking,Switch 8 Port S8,1,0.0,Completed,450000.0,450000.0,
ORD-102980,2025-08-04,Jakarta,Offline,C00737,Retail,SR01,Smartphone,Smartphone Lumo X,100,0.1,Completed,5500000.0,495000000.0,474800000.0
ORD-102981,2025-08-04,Sumatera,Offline,C00501,UMKM,SR12,Aksesoris,Headset USB H3,9,0.0,Completed,350000.0,3150000.0,1909800.0
ORD-102982,2025-08-04,Jabar,Online,C01575,UMKM,SYS-ONLINE,Smartphone,Smartphone Lumo A5,2,0.1,Completed,2800000.0,5040000.0,4895600.0
ORD-102983,2025-08-04,Jawa Timur,Offline,C00173,Retail,SR07,Smartphone,Smartphone Lumo A5,1,0.0,Completed,2800000.0,2800000.0,2424000.0
ORD-103249,2025-09-04,Sulawesi,Online,K0158,Korporat,SYS-ONLINE,Smartphone,Smartphone Lumo A5,7,0.05,Completed,2800000.0,18620000.0,16835000.0
ORD-103250,2025-09-04,Sulawesi,Online,C00798,UMKM,SYS-ONLINE,Aksesoris,Mouse Wireless M20,13,0.0,Completed,180000.0,2340000.0,1380600.0
ORD-103251,2025-09-04,Jawa Barat,Online,C02280,Retail,SYS-ONLINE,Printer & Tinta,Printer InkJet P200,1,0.1,Completed,2100000.0,1890000.0,1720400.0
ORD-103252,2025-09-04,Jakarta,Offline,C01267,UMKM,SR01,Aksesoris,Power Bank 20000mAh,14,0.05,Completed,320000.0,4256000.0,2759400.0
ORD-103253,2025-09-04,Jakarta,Online,C00253,Retail,SYS-ONLINE,Aksesoris,Mouse Wireless M20,2,0.3,Completed,180000.0,252000.0,212200.0
ORD-103254,2025-09-04,Jakarta,Online,C01162,UMKM,SYS-ONLINE,Smartphone,Smartphone Lumo A5,4,0.2,Completed,2800000.0,8960000.0,9730000.0
ORD-103255,2025-09-04,Kalimantan,Online,C02187,UMKM,SYS-ONLINE,Smartphone,Smartphone Lumo A5,1,0.1,Completed,2800000.0,2520000.0,2433200.0
ORD-103256,2025-09-04,Sumatra,Offline,C00807,UMKM,SR11,Printer & Tinta,Tinta Botol Set CMYK,4,0.0,Completed,280000.0,1120000.0,658800.0
ORD-103257,2025-09-04,Jawa Timur,Online,C01679,UMKM,SYS-ONLINE,Peralatan Kantor,Kursi Ergonomis E1,11,0.0,Completed,1900000.0,20900000.0,14499100.0
ORD-103258,2025-09-04,Jawa Timur,Offline,C00214,Retail,SR09,Peralatan Kantor,Kursi Ergonomis E1,3,0.0,Completed,1900000.0,5700000.0,3869700.0
ORD-103499,2025-10-04,Jakarta,Online,C01705,UMKM,SYS-ONLINE,Networking,Router WiFi 6 R600,1,0.05,Completed,1200000.0,1140000.0,
ORD-103500,2025-10-04,Kalimantan,Offline,C02059,UMKM,SR14,Peralatan Kantor,Kursi Ergonomis E1,4,0.05,Completed,1900000.0,7220000.0,5194000.0
ORD-103501,2025-10-04,Jawa Barat,Offline,C00457,Retail,SR05,Laptop,Laptop Veno 13,2,0.05,Completed,6200000.0,11780000.0,11245600.0
ORD-103502,2025-10-04,Jakarta,Online,K0103,Korporat,SYS-ONLINE,Aksesoris,Headset USB H3,25,0.1,Completed,350000.0,7875000.0,5312500.0
RET-103447,2025-10-04,Jawa Timur,Offline,K0105,Korporat,SR07,Smartphone,Smartphone Lumo X,-9,20.0,Returned,5500000.0,-39600000.0,-43414200.0
ORD-103774,2025-11-04,Sumatera,Offline,C00992,Retail,SR10,Laptop,Laptop Axio Pro 15,1,0.0,Completed,13000000.0,13000000.0,11720600.0
ORD-103775,2025-11-04,Jawa Timur,Online,C01671,UMKM,SYS-ONLINE,Smartphone,Smartphone Lumo A5,3,0.0,Completed,2800000.0,8400000.0,7352400.0
ORD-103776,2025-11-04,Sumatera,Offline,C01596,UMKM,SR12,Smartphone,Smartphone Lumo A5,1,0.0,Completed,2800000.0,2800000.0,2403000.0
ORD-103777,2025-11-04,Sumatera,Online,C02336,Retail,SYS-ONLINE,Aksesoris,Headset USB H3,2,0.0,Completed,350000.0,700000.0,424200.0
ORD-103778,2025-11-04,Sumatera,Online,C01355,Retail,SYS-ONLINE,Networking,Switch 8 Port S8,3,0.0,Completed,450000.0,1350000.0,891900.0
ORD-103779,2025-11-04,Kalimantan,Offline,C00319,Retail,SR14,Laptop,Laptop Veno 13,1,0.0,Completed,6200000.0,6200000.0,5486000.0
ORD-103780,2025-11-04,Jawa Timur,Online,C00322,UMKM,SYS-ONLINE,Peralatan Kantor,Kursi Ergonomis E1,6,0.25,Completed,1900000.0,8550000.0,7795200.0
ORD-103781,2025-11-04,Jawa Timur,Offline,C00379,UMKM,SR07,Printer & Tinta,Tinta Botol Set CMYK,4,0.0,Completed,280000.0,1120000.0,657600.0
ORD-103782,2025-11-04,Jakarta,Online,C00984,UMKM,SYS-ONLINE,Aksesoris,Keyboard Mekanik K7,4,0.25,Completed,650000.0,1950000.0,1608000.0
ORD-104107,2025-12-04,Jakarta,Offline,C01578,UMKM,SR03,Smartphone,Smartphone Lumo A5,3,0.1,Completed,2800000.0,7560000.0,7387200.0
ORD-104108,2025-12-04,Jawa Barat,Offline,C00861,Retail,SR04,Printer & Tinta,Tinta Botol Set CMYK,2,0.05,Completed,280000.0,532000.0,333200.0
ORD-104109,2025-12-04,,Online,C01014,UMKM,SYS-ONLINE,Networking,Switch 8 Port S8,11,0.0,Completed,450000.0,4950000.0,3282400.0
ORD-104110,2025-12-04,SULAWESI,Online,C00086,Retail,SYS-ONLINE,Printer & Tinta,Tinta Botol Set CMYK,1,0.05,Completed,280000.0,266000.0,166900.0
ORD-102023,2025-04-13,Jawa Timur,Offline,C02195,Retail,SR08,Laptop,Laptop Veno 13,2,0.0,Completed,6200000.0,12400000.0,11244800.0
ORD-102024,2025-04-13,Kalimantan,Online,C01451,UMKM,SYS-ONLINE,Printer & Tinta,Printer InkJet P200,1,0.1,Completed,2100000.0,1890000.0,1700600.0
ORD-102025,2025-04-13,Sulawesi,Online,C00159,UMKM,SYS-ONLINE,Laptop,Laptop Axio Pro 15,2,0.05,Completed,13000000.0,24700000.0,23156200.0
ORD-102026,2025-04-13,Jawa Timur,Offline,C02047,Retail,SR08,Peralatan Kantor,Kursi Ergonomis E1,1,0.05,Completed,1900000.0,1805000.0,1310300.0
ORD-102027,2025-04-13,Jakarta,Online,C00843,Retail,SYS-ONLINE,Networking,Router WiFi 6 R600,3,0.05,Completed,1200000.0,3420000.0,2519400.0
RET-101963,2025-04-13,Kalimantan,Offline,C01717,Retail,SR14,Printer & Tinta,Printer InkJet P200,-2,0.1,Returned,2100000.0,-3780000.0,-3380600.0
ORD-102028,2025-04-14,Kalimantan,Online,C00896,Retail,SYS-ONLINE,Aksesoris,Keyboard Mekanik K7,1,0.1,Completed,650000.0,585000.0,394600.0
ORD-102029,2025-04-14,Jawa Barat,Online,C01571,Retail,SYS-ONLINE,Printer & Tinta,Printer InkJet P200,2,0.1,Completed,2100000.0,3780000.0,3427600.0
ORD-102029,2025-04-14,Jawa Barat,Online,C01571,Retail,SYS-ONLINE,Printer & Tinta,Printer InkJet P200,2,0.1,Completed,2100000.0,3780000.0,3427600.0
ORD-102030,2025-04-14,Jawa Barat,Online,K0017,Korporat,SYS-ONLINE,Aksesoris,Headset USB H3,19,0.15,Completed,350000.0,5652500.0,3969100.0
ORD-102031,2025-04-14,DKI Jakarta,Offline,C01141,UMKM,SR02,Peralatan Kantor,Kertas A4 80gsm (rim),7,0.05,Completed,55000.0,365750.0,264600.0
ORD-102032,2025-04-14,Jakarta,Online,C00294,Retail,SYS-ONLINE,Peralatan Kantor,Kertas A4 80gsm (rim),4,0.0,Completed,55000.0,220000.0,151600.0
ORD-102033,2025-04-14,Jakarta,Offline,C00818,Retail,SR01,Peralatan Kantor,Kursi Ergonomis E1,3,0.1,Completed,1900000.0,5130000.0,3938400.0
ORD-102034,2025-04-14,Jakarta,Online,K0122,Korporat,SYS-ONLINE,Aksesoris,Headset USB H3,49,0.1,Completed,350000.0,15435000.0,10265500.0
ORD-102035,2025-04-14,Jakarta,Offline,C02213,Retail,SR02,Aksesoris,Keyboard Mekanik K7,5,0.1,Completed,650000.0,2925000.0,2010000.0
ORD-102036,2025-04-14,Jawa Barat,Offline,C00322,UMKM,SR06,Printer & Tinta,Printer InkJet P200,1,0.0,Completed,2100000.0,2100000.0,1711400.0
ORD-102037,2025-04-15,Kalimantan,E-Commerce,C01773,UMKM,SYS-ONLINE,Smartphone,Smartphone Lumo X,2,0.1,Completed,5500000.0,9900000.0,9694000.0
ORD-102038,2025-04-15,Sumatera,Online,C00299,Retail,SYS-ONLINE,Laptop,Laptop Axio Pro 15,2,0.0,Completed,13000000.0,26000000.0,23190000.0
ORD-102039,2025-04-15,JKT ,Offline,C01331,Retail,SR02,Laptop,Laptop Axio Pro 15,1,0.0,Completed,13000000.0,13000000.0,11635700.0
ORD-102040,2025-04-15,Sumatera,Offline,C02385,Retail,SR12,Printer & Tinta,Tinta Botol Set CMYK,2,0.0,Completed,280000.0,560000.0,328800.0
ORD-102041,2025-04-15,Jawa Timur,Online,C01398,UMKM,SYS-ONLINE,Aksesoris,Mouse Wireless M20,12,0.0,Completed,180000.0,2160000.0,1266000.0
ORD-102042,2025-04-15,Sulawesi,Offline,C02207,UMKM,SR18,Smartphone,Smartphone Lumo X,3,0.0,Completed,5500000.0,16500000.0,14387400.0
ORD-102043,2025-04-15,Sulawesi,Online,C00146,UMKM,SYS-ONLINE,Peralatan Kantor,Kertas A4 80gsm (rim),3,0.05,Completed,55000.0,156750.0,115500.0
ORD-102044,2025-04-15,Jawa Timur,Online,C00502,UMKM,SYS-ONLINE,Laptop,Laptop Veno 13,3,0.1,Completed,6200000.0,16740000.0,16893900.0
ORD-102045,2025-04-15,Sumatra,Offline,C02018,UMKM,SR11,Networking,Switch 8 Port S8,7,5.0,Completed,450000.0,2992500.0,
ORD-102046,2025-04-15,DKI Jakarta,Offline,C01691,UMKM,SR03,Peralatan Kantor,Kursi Ergonomis E1,2,0.0,Completed,1900000.0,3800000.0,2582600.0
ORD-102047,2025-04-16,Jakarta,Offline,K0017,Korporat,SR02,Aksesoris,Keyboard Mekanik K7,46,0.0,Completed,650000.0,29900000.0,18620800.0
ORD-102048,2025-04-16,Sumatera,Offline,C01955,Retail,SR11,Aksesoris,Keyboard Mekanik K7,1,0.0,Completed,650000.0,650000.0,394700.0
ORD-102049,2025-04-16,Kalimantan,Offline,C00316,Retail,SR15,Aksesori,Headset USB H3,2,5.0,Cancelled,350000.0,665000.0,423800.0
ORD-102050,2025-04-16,Jawa Timur,Offline,C02056,Retail,SR09,Aksesoris,Keyboard Mekanik K7,2,0.05,Completed,650000.0,1235000.0,811000.0
ORD-102051,2025-04-16,Sumatera,Online,C01235,Retail,SYS-ONLINE,Smartphone,Smartphone Lumo A5,1,0.1,Completed,2800000.0,2520000.0,2398700.0
ORD-102051,2025-04-16,Sumatera,Online,C01235,Retail,SYS-ONLINE,Smartphone,Smartphone Lumo A5,1,0.1,Completed,2800000.0,2520000.0,2398700.0
RET-101987,2025-04-16,Sumatera,Offline,C01092,Retail,SR11,Smartphone,Smartphone Lumo A5,-1,0.0,Returned,2800000.0,-2800000.0,-2434000.0
ORD-102052,2025-04-17,Sulawesi,Offline,C00335,UMKM,SR17,Smartphone,Smartphone Lumo A5,3,0.0,Completed,2800000.0,8400000.0,7237800.0
ORD-102053,2025-04-17,Jakarta,Offline,C01400,Retail,SR03,Laptop,Laptop Axio Pro 15,1,0.0,Completed,13000000.0,13000000.0,11516800.0
ORD-102054,2025-04-17,Kalimantan,Offline,K0141,Korporat,SR13,Laptop,Laptop Axio 14,9,0.0,Completed,8500000.0,76500000.0,68331600.0
ORD-102055,2025-04-17,jakarta,Offline,C00633,Retail,SR01,Peralatan Kantor,Kertas A4 80gsm (rim),3,0.0,Completed,55000.0,165000.0,114900.0
ORD-102056,2025-04-17,Sumatera,Online,C00600,Retail,SYS-ONLINE,Printer & Tinta,Tinta Botol Set CMYK,1,0.0,Completed,280000.0,280000.0,164200.0
ORD-102057,2025-04-17,Sumatera,Offline,C00194,UMKM,SR12,Smartphone,Smartphone Lumo A5,1,0.0,Completed,2800000.0,2800000.0,2455800.0
ORD-102058,2025-04-17,Jawa Timur,Offline,C00124,Retail,SR07,Smartphone,Smartphone Lumo X,1,5.0,Completed,5500000.0,5225000.0,4868700.0
ORD-102059,2025-04-17,Jakarta,Offline,C00247,Retail,SR02,Laptop,Laptop Axio 14,2,0.1,Completed,8500000.0,15300000.0,15079200.0
ORD-102059,2025-04-17,Jakarta,Offline,C00247,Retail,SR02,Laptop,Laptop Axio 14,2,0.1,Completed,8500000.0,15300000.0,15079200.0
ORD-102060,2025-04-17,,Online,C00167,Retail,SYS-ONLINE,Smartphone,Smartphone Lumo A5,1,0.05,Completed,2800000.0,2660000.0,2400600.0
ORD-102061,2025-04-17,Sulawesi,Online,K0124,Korporat,SYS-ONLINE,Peralatan Kantor,Kursi Ergonomis E1,28,0.1,Completed,1900000.0,47880000.0,36867600.0
RET-102011,2025-04-17,Sumatera,Offline,C01046,Retail,SR12,Networking,Switch 8 Port S8,-1,0.0,Returned,450000.0,-450000.0,-298600.0
ORD-102062,2025-04-18,Jawa Barat,Offline,C00977,UMKM,SR05,Aksesoris,Power Bank 20000mAh,2,0.05,Completed,320000.0,608000.0,404600.0
ORD-102063,2025-04-18,Sulawesi,online,C00969,Retail,SYS-ONLINE,Printer & Tinta,Printer InkJet P200,1,0.05,Completed,2100000.0,1995000.0,1696600.0
ORD-102064,2025-04-18,Jawa Timur,Offline,C00304,Retail,SR08,Aksesoris,Keyboard Mekanik K7,4,0.0,Completed,650000.0,2600000.0,1616400.0
ORD-102065,2025-04-18,Jakarta,Offline,C01488,UMKM,SR02,Aksesoris,Keyboard Mekanik K7,12,0.0,Completed,650000.0,7800000.0,4779600.0
ORD-102066,2025-04-18,Sumatera,Offline,C01630,Retail,SR12,Aksesoris,Mouse Wireless M20,5,0.0,Completed,180000.0,900000.0,524500.0
ORD-102067,2025-04-18,Sulawesi,Online,C02267,Retail,SYS-ONLINE,Printer & Tinta,Tinta Botol Set CMYK,2,0.05,Completed,280000.0,532000.0,325200.0
ORD-102068,2025-04-18,Jawa Timur,Online,C00068,UMKM,SYS-ONLINE,Peralatan Kantor,Kursi Ergonomis E1,14,0.1,Completed,1900000.0,23940000.0,18180400.0
ORD-102069,2025-04-18,Jawa Barat,Online,C00815,UMKM,SYS-ONLINE,Laptop,Laptop Axio 14,1,0.1,Completed,8500000.0,7650000.0,7495900.0
ORD-102070,2025-04-18,Sulawesi,Offline,C01078,Retail,SR18,Peralatan Kantor,Kertas A4 80gsm (rim),5,0.05,Completed,55000.0,261250.0,187500.0
ORD-102071,2025-04-18,Jawa Barat,Offline,C00978,Retail,SR04,Printer & Tinta,Tinta Botol Set CMYK,1,0.1,Completed,280000.0,252000.0,166500.0
ORD-102072,2025-04-18,Kalimantan,Offline,C00485,Retail,SR15,Aksesori,Headset USB H3,4,0.0,Completed,350000.0,1400000.0,841200.0
ORD-102073,2025-04-18,Jawa Barat,Offline,C00824,Retail,SR06,Printer & Tinta,Printer InkJet P200,1,0.05,Completed,2100000.0,1995000.0,1718700.0
ORD-102074,2025-04-18,Sumatera,Online,C01254,Retail,SYS-ONLINE,Peralatan Kantor,Kertas A4 80gsm (rim),5,0.05,Completed,55000.0,261250.0,191500.0
ORD-102075,2025-04-19,Jawa Barat,Offline,K0120,Korporat,SR06,Laptop,Laptop Axio 14,4,0.1,Completed,8500000.0,30600000.0,30171200.0
ORD-102076,2025-04-19,Jakarta,Online,C01266,UMKM,SYS-ONLINE,Printer & Tinta,Tinta Botol Set CMYK,1,0.1,Completed,280000.0,252000.0,164300.0
ORD-102077,2025-04-19,Jawa Barat,Offline,C00055,Retail,SR06,Peralatan Kantor,Kertas A4 80gsm (rim),3,0.05,Completed,55000.0,156750.0,115500.0
ORD-102078,2025-04-19,Jawa Barat,Offline,C01708,UMKM,SR06,Aksesoris,Power Bank 20000mAh,12,0.05,Completed,320000.0,3648000.0,2388000.0
ORD-102079,2025-04-19,Jawa Timur,Offline,K0078,Korporat,SR08,Laptop,Laptop Veno 13,7,0.0,Completed,6200000.0,43400000.0,38415300.0
ORD-102080,2025-04-19,Jawa Barat,Online,C00826,Retail,SYS-ONLINE,Laptop,Laptop Axio Pro 15,1,0.05,Completed,13000000.0,12350000.0,11592400.0
ORD-102081,2025-04-19,Jawa Timur,Offline,C02065,Retail,SR08,Networking,Router WiFi 6 R600,2,0.05,Completed,1200000.0,2280000.0,
ORD-102082,2025-04-19,Sulawesi,Offline,C01529,Retail,SR17,Aksesoris,Headset USB H3,4,0.0,Completed,350000.0,1400000.0,850800.0
ORD-102083,2025-04-19,Jawa Barat,Offline,C00822,Retail,SR05,Laptop,Laptop Axio 14,2,0.0,Completed,8500000.0,17000000.0,15117200.0
ORD-102084,2025-04-20,Sumatra,Online,K0129,Korporat,SYS-ONLINE,Printer&Tinta,Tinta Botol Set CMYK,8,0.05,Completed,280000.0,2128000.0,1306400.0
ORD-102084,2025-04-20,Sumatra,Online,K0129,Korporat,SYS-ONLINE,Printer&Tinta,Tinta Botol Set CMYK,8,0.05,Completed,280000.0,2128000.0,1306400.0
ORD-102085,2025-04-20,Sulawesi,Online,C01095,Retail,SYS-ONLINE,Aksesoris,Mouse Wireless M20,4,0.0,Completed,180000.0,720000.0,426000.0
ORD-102086,2025-04-20,Jawa Barat,Offline,C00403,UMKM,SR06,Printer & Tinta,Printer InkJet P200,3,0.0,Completed,2100000.0,6300000.0,5121600.0
ORD-102087,2025-04-21,Sumatera,Offline,C00843,Retail,SR12,Laptop,Laptop Axio 14,1,0.0,Cancelled,8500000.0,8500000.0,7660300.0
ORD-102088,2025-04-21,Sumatera,Offline,C00693,Retail,SR10,Smartphone,Smartphone Lumo X,2,0.0,Completed,5500000.0,11000000.0,9670200.0
ORD-102089,2025-04-21,Jawa Timur,Offline,C00449,Retail,SR08,Laptop,Laptop Veno 13,1,0.0,Completed,6200000.0,6200000.0,5612800.0
ORD-102090,2025-04-21,Jakarta,Online,C01434,Retail,SYS-ONLINE,Printer & Tinta,Printer InkJet P200,2,0.0,Completed,2100000.0,4200000.0,3349400.0
ORD-102091,2025-04-21,Jakarta,Online,K0083,Korporat,SYS-ONLINE,Aksesoris,Mouse Wireless M20,18,0.1,Completed,180000.0,2916000.0,1864800.0
ORD-102092,2025-04-21,Sulawesi,Online,C01795,UMKM,SYS-ONLINE,Laptop,Laptop Axio 14,4,0.05,Completed,8500000.0,32300000.0,30231600.0
ORD-102093,2025-04-21,Jawa Timur,Offline,C01974,UMKM,SR09,Networking,Router WiFi 6 R600,2,0.05,Completed,1200000.0,2280000.0,
ORD-102094,2025-04-22,Sumatera,Offline,C00155,Retail,SR12,Printer & Tinta,Printer InkJet P200,2,0.1,Completed,2100000.0,3780000.0,3412000.0
ORD-102095,2025-04-22,Jakarta,Offline,C00737,Retail,SR02,Smartphone,Smartphone Lumo X,1,0.05,Completed,5500000.0,5225000.0,4828300.0
ORD-102096,2025-04-22,Jawa Timur,Offline,C00134,Retail,SR07,Networking,Switch 8 Port S8,3,5.0,Completed,450000.0,1282500.0,911700.0
ORD-102097,2025-04-22,Sulawesi,Offline,C01614,UMKM,SR17,Peralatan Kantor,Kertas A4 80gsm (rim),14,0.05,Completed,55000.0,731500.0,533400.0
ORD-102098,2025-04-22,Jawa Barat,Offline,C01564,Retail,SR06,Smartphone,Smartphone Lumo X,1,0.0,Completed,5500000.0,5500000.0,4814300.0
ORD-102099,2025-04-22,Jawa Timur,Offline,C00386,Retail,SR09,Aksesoris,Keyboard Mekanik K7,5,0.0,Completed,650000.0,3250000.0,2015000.0
ORD-102100,2025-04-22,Jawa Barat,Offline,C01401,Retail,SR04,Printer & Tinta,Printer InkJet P200,1,0.0,Completed,2100000.0,2100000.0,1699600.0
ORD-102101,2025-04-23,Jawa Timur,Online,K0005,Korporat,SYS-ONLINE,Aksesoris,Keyboard Mekanik K7,12,0.1,Completed,650000.0,7020000.0,4744800.0
ORD-102102,2025-04-23,Jawa Timur,Offline,K0031,Korporat,SR07,Smartphone,Smartphone Lumo X,5,0.0,Completed,5500000.0,27500000.0,23874500.0
ORD-102103,2025-04-23,Sumatera,Offline,K0132,Korporat,SR10,Networking,Switch 8 Port S8,29,0.05,Completed,450000.0,12397500.0,8668100.0
ORD-102104,2025-04-23,Jakarta,Offline,C01207,Retail,SR03,Smartphone,Smartphone Lumo A5,1,0.05,Completed,2800000.0,2660000.0,2453000.0
ORD-102105,2025-04-23,Jawa Timur,Offline,C01859,Retail,SR08,Peralatan Kantor,Kursi Ergonomis E1,2,0.1,Completed,1900000.0,3420000.0,2586200.0
ORD-102106,2025-04-24,Sulawesi,Offline,C01429,Retail,SR16,Peralatan Kantor,Kertas A4 80gsm (rim),1,0.1,Completed,55000.0,49500.0,38200.0
ORD-102107,2025-04-24,Jakarta,Offline,C01587,UMKM,SR02,Printer & Tinta,Printer InkJet P200,3,0.05,Completed,2100000.0,5985000.0,5097900.0
ORD-102108,2025-04-24,Sulawesi,Online,C01792,UMKM,SYS-ONLINE,Aksesoris,Mouse Wireless M20,14,0.1,Completed,180000.0,2268000.0,1474200.0
ORD-102109,2025-04-24,Jakarta,Offline,C01897,Retail,SR01,Smartphone,Smartphone Lumo X,1,0.0,Completed,5500000.0,5500000.0,4830600.0
ORD-102110,2025-04-25,Kalimantan,Online,C00558,Retail,SYS-ONLINE,Printer & Tinta,Printer InkJet P200,1,0.05,Completed,2100000.0,1995000.0,1679600.0
ORD-102111,2025-04-25,Jakarta,Offline,C01406,Retail,SR03,Aksesoris,Mouse Wireless M20,5,0.05,Completed,180000.0,855000.0,529500.0
ORD-102112,2025-04-25,Jakarta,Offline,C01469,Retail,SR02,Aksesoris,Keyboard Mekanik K7,4,0.05,Completed,650000.0,2470000.0,1578400.0
ORD-102113,2025-04-25,Jakarta,Offline,C02366,Retail,SR03,Smartphone,Smartphone Lumo X,1,0.1,Completed,5500000.0,4950000.0,4737500.0
ORD-102114,2025-04-25,Sulawesi,Offline,C00927,Retail,SR17,Smartphone,Smartphone Lumo A5,2,0.0,Completed,2800000.0,5600000.0,4872000.0
ORD-102115,2025-04-25,Sumatera,Offline,C02005,UMKM,SR10,Laptop,Laptop Veno 13,5,0.0,Completed,6200000.0,31000000.0,27695500.0
ORD-102116,2025-04-25,Kalimantan,Online,K0097,Korporat,SYS-ONLINE,Aksesoris,Keyboard Mekanik K7,44,0.1,Completed,650000.0,25740000.0,17428400.0
ORD-102117,2025-04-26,Jawa Timur,Offline,C02015,Retail,SR07,Peralatan Kantor,Kertas A4 80gsm (rim),3,0.0,Completed,55000.0,165000.0,113400.0
ORD-102118,2025-04-26,Jakarta,Offline,C01655,UMKM,SR01,Printer & Tinta,Tinta Botol Set CMYK,5,0.0,Cancelled,280000.0,1400000.0,835500.0
ORD-102119,2025-04-26,Jakarta,Offline,C01812,UMKM,SR01,Peralatan Kantor,Kertas A4 80gsm (rim),3,0.05,Completed,55000.0,156750.0,112800.0
ORD-102120,2025-04-26,Jawa barat ,Online,C00328,Retail,SYS-ONLINE,Printer & Tinta,Tinta Botol Set CMYK,2,0.05,Completed,280000.0,532000.0,325400.0
ORD-102121,2025-04-26,Jakarta,Offline,C00883,Retail,SR03,Aksesoris,Keyboard Mekanik K7,2,0.0,Completed,650000.0,1300000.0,796800.0
ORD-102122,2025-04-26,Jakarta,Offline,C01257,UMKM,SR03,Aksesoris,Power Bank 20000mAh,4,0.0,Completed,320000.0,1280000.0,806000.0
ORD-102123,2025-04-26,Sumatera,Online,C02262,UMKM,SYS-ONLINE,Printer & Tinta,Tinta Botol Set CMYK,5,0.0,Completed,280000.0,1400000.0,834500.0
ORD-102124,2025-04-26,Jakarta,Offline,K0114,Korporat,SR02,Networking,Switch 8 Port S8,25,0.0,Completed,450000.0,11250000.0,
ORD-102125,2025-04-26,Kalimantan,Offline,K0153,Korporat,SR13,Printer & Tinta,Tinta Botol Set CMYK,10,0.05,Completed,280000.0,2660000.0,1641000.0
ORD-102126,2025-04-26,Jakarta,Offline,C00346,UMKM,SR03,Smartphone,Smartphone Lumo A5,5,0.0,Completed,2800000.0,14000000.0,12042500.0
ORD-102127,2025-04-26,Jawa Barat,Offline,K0020,Korporat,SR05,Laptop,Laptop Axio Pro 15,10,0.1,Completed,13000000.0,117000000.0,117143000.0
ORD-102128,2025-04-26,Sumatra,Offline,C01236,Retail,SR11,Laptop,Laptop Axio Pro 15,1,0.0,Completed,13000000.0,13000000.0,11480500.0
ORD-102129,2025-04-26,Jawa Barat,Online,C02176,Retail,SYS-ONLINE,Aksesoris,Power Bank 20000mAh,4,0.05,Completed,320000.0,1216000.0,803200.0
ORD-102130,2025-04-26,Kalimantan,Online,C01836,UMKM,SYS-ONLINE,Aksesoris,Headset USB H3,4,0.05,Completed,350000.0,1330000.0,847600.0
ORD-102131,2025-04-27,Jawa Timur,Online,C00290,Retail,SYS-ONLINE,Smartphone,Smartphone Lumo X,2,0.05,Completed,5500000.0,10450000.0,9496200.0
ORD-102132,2025-04-27,Jawa Barat,Offline,C02050,Retail,SR06,Aksesoris,Power Bank 20000mAh,2,0.0,Completed,320000.0,640000.0,405200.0
ORD-102133,2025-04-27,Jawa Timur,Offline,C01618,Retail,SR09,Aksesoris,Mouse Wireless M20,5,0.0,Completed,180000.0,900000.0,533000.0
ORD-102134,2025-04-27,Jakarta,Offline,K0158,Korporat,SR03,Printer & Tinta,Printer InkJet P200,10,0.0,Completed,2100000.0,21000000.0,17205000.0
ORD-102135,2025-04-27,Jakarta,Offline,C01456,UMKM,SR03,Aksesoris,Mouse Wireless M20,6,0.0,Completed,180000.0,1080000.0,636000.0
ORD-102136,2025-04-27,Sumatera,Online,C01093,Retail,SYS-ONLINE,Peralatan Kantor,Kursi Ergonomis E1,2,0.05,Completed,1900000.0,3610000.0,2613600.0
ORD-102137,2025-04-28,Jakarta,Offline,C00562,Retail,SR02,Laptop,Laptop Veno 13,1,0.0,Completed,6200000.0,6200000.0,5565000.0
ORD-102138,2025-04-28,Jabar,Offline,C01818,UMKM,SR04,Smartphone,Smartphone Lumo A5,1,0.0,Completed,2800000.0,2800000.0,2457000.0
ORD-102139,2025-04-28,Jakarta,Offline,C01794,UMKM,SR03,Networking,Router WiFi 6 R600,5,0.0,Completed,1200000.0,6000000.0,
ORD-102139,2025-04-28,Jakarta,Offline,C01794,UMKM,SR03,Networking,Router WiFi 6 R600,5,0.0,Completed,1200000.0,6000000.0,
ORD-102140,2025-04-28,Jawa Barat,Online,C01144,UMKM,SYS-ONLINE,Aksesoris,Mouse Wireless M20,14,0.1,Completed,180000.0,2268000.0,1488200.0
ORD-102141,2025-04-28,Kalimantan,Offline,C01693,Retail,SR15,Laptop,Laptop Axio 14,1,0.0,Completed,8500000.0,8500000.0,7543800.0
RET-102109,2025-04-28,Jakarta,Offline,C01897,Retail,SR01,Smartphone,Smartphone Lumo X,-1,0.0,Returned,5500000.0,-5500000.0,-4830600.0
ORD-102142,2025-04-29,Jawa Barat,Offline,C00049,Retail,SR05,Peralatan Kantor,Kursi Ergonomis E1,1,0.05,Completed,1900000.0,1805000.0,1289500.0
ORD-102143,2025-04-29,Jakarta,Offline,C00576,Retail,SR03,Smartphone,Smartphone Lumo A5,2,0.1,Completed,2800000.0,5040000.0,4802800.0
RET-102043,2025-04-29,Sulawesi,Online,C00146,UMKM,SYS-ONLINE,Peralatan Kantor,Kertas A4 80gsm (rim),-3,0.05,Returned,55000.0,-156750.0,-115500.0
ORD-102144,2025-04-30,Jabar,Offline,C00694,UMKM,SR05,Aksesoris,Power Bank 20000mAh,5,0.05,Completed,320000.0,1520000.0,1008500.0
ORD-102145,2025-04-30,Sumatera,Offline,C01197,Retail,SR10,Networking,Switch 8 Port S8,4,0.0,Completed,450000.0,1800000.0,1188400.0
ORD-102146,2025-04-30,Jawa Barat,Online,C01242,UMKM,SYS-ONLINE,Networking,Router WiFi 6 R600,11,0.15,Completed,1200000.0,11220000.0,
ORD-102147,2025-04-30,Jawa Barat,Offline,C01610,Retail,SR06,Printer & Tinta,Printer InkJet P200,2,0.0,Completed,2100000.0,4200000.0,3352600.0
ORD-102148,2025-04-30,kalimantan,Offline,C01742,UMKM,SR14,Smartphone,Smartphone Lumo X,3,0.0,Completed,5500000.0,16500000.0,14366100.0
ORD-102149,2025-04-30,Jawa Barat,Online,C00602,Retail,SYS-ONLINE,Peralatan Kantor,Kursi Ergonomis E1,2,0.05,Completed,1900000.0,3610000.0,2608200.0
ORD-102150,2025-04-30,Jakarta,Online,C02054,Retail,SYS-ONLINE,Printer & Tinta,Tinta Botol Set CMYK,2,0.15,Completed,280000.0,476000.0,334400.0
ORD-101128,2025-01-05,Jakarta,Offline,C02071,UMKM,SR02,Networking,Switch 8 Port S8,5,0.0,Cancelled,450000.0,2250000.0,
ORD-101128,2025-01-05,Jakarta,Offline,C02071,UMKM,SR02,Networking,Switch 8 Port S8,5,0.0,Cancelled,450000.0,2250000.0,
ORD-101129,2025-01-05,Jawa Barat,Offline,C02138,Retail,SR06,Smartphone,Smartphone Lumo A5,2,0.0,Completed,2800000.0,5600000.0,4889800.0
ORD-101130,2025-01-05,Jawa barat ,Online,C00854,Retail,SYS-ONLINE,Smartphone,Smartphone Lumo X,1,0.0,Completed,5500000.0,5500000.0,4818700.0
ORD-101131,2025-01-05,Jakarta,Offline,C01977,Retail,SR01,Printer & Tinta,Printer InkJet P200,2,0.1,Completed,2100000.0,3780000.0,3410600.0
ORD-101132,2025-01-05,Jawa Timur,ONLINE,C00846,UMKM,SYS-ONLINE,Aksesoris,Power Bank 20000mAh,10,0.0,Completed,320000.0,3200000.0,1970000.0
ORD-101133,2025-01-05,Kalimantan,Offline,C00459,UMKM,SR14,Aksesoris,Mouse Wireless M20,8,0.05,Completed,180000.0,1368000.0,848000.0
ORD-101134,2025-01-05,Kalimantan,Offline,C01085,Retail,SR13,Networking,Switch 8 Port S8,1,0.0,Completed,450000.0,450000.0,
ORD-101135,2025-01-05,Sumatera,Offline,C00384,Retail,SR12,Laptop,Laptop Axio Pro 15,2,0.0,Completed,13000000.0,26000000.0,23015400.0
ORD-101136,2025-01-05,,Online,C02106,UMKM,SYS-ONLINE,Aksesoris,Headset USB H3,12,0.0,Completed,350000.0,4200000.0,2529600.0
ORD-101354,2025-02-05,Jakarta,Online,C01504,UMKM,SYS-ONLINE,Smartphone,Smartphone Lumo A5,2,0.05,Completed,2800000.0,5320000.0,4910800.0
ORD-101355,2025-02-05,Kalimantan,Offline,C01559,Retail,SR15,Laptop,Laptop Axio Pro 15,2,0.0,Completed,13000000.0,26000000.0,23494600.0
ORD-101356,2025-02-05,Jakarta,Offline,C00912,Retail,SR02,Peralatan Kantor,Kursi Ergonomis E1,5,0.05,Completed,1900000.0,9025000.0,6421000.0
ORD-101357,2025-02-05,Jawa Timur,Offline,C01520,Retail,SR07,Peralatan Kantor,Kursi Ergonomis E1,1,0.0,Completed,1900000.0,1900000.0,1308400.0
ORD-101358,2025-02-05,Jawa Timur,Online,C02123,UMKM,SYS-ONLINE,Aksesoris,Mouse Wireless M20,6,0.0,Completed,180000.0,1080000.0,633600.0
ORD-101359,2025-02-05,Jawa Barat,Online,C01555,Retail,SYS-ONLINE,Laptop,Laptop Veno 13,2,0.15,Completed,6200000.0,10540000.0,11247400.0
RET-101259,2025-02-05,Sulawesi,Offline,C02202,Retail,SR16,Networking,Switch 8 Port S8,-2,0.05,Returned,450000.0,-855000.0,
ORD-101619,2025-03-05,Jakarta,Offline,C00984,Retail,SR03,Peralatan Kantor,Kertas A4 80gsm (rim),4,0.0,Completed,55000.0,220000.0,151200.0
ORD-101620,2025-03-05,Kalimantan,Offline,C00995,Retail,SR14,Printer & Tinta,Tinta Botol Set CMYK,2,0.0,Completed,280000.0,560000.0,326800.0
ORD-101621,2025-03-05,Jakarta,Online,C00517,Retail,SYS-ONLINE,Printer & Tinta,Tinta Botol Set CMYK,2,0.0,Completed,280000.0,560000.0,328200.0
ORD-101622,2025-03-05,Sulawesi,Online,C00624,UMKM,SYS-ONLINE,Smartphone,Smartphone Lumo A5,3,0.1,Completed,2800000.0,7560000.0,7240800.0
ORD-101623,2025-03-05,Jakarta,Offline,C02198,UMKM,SR02,Laptop,Laptop Axio Pro 15,1,0.0,Completed,13000000.0,13000000.0,11748700.0
ORD-101624,2025-03-05,Jawa Barat,Offline,K0065,Korporat,SR04,Aksesoris,Headset USB H3,39,0.0,Completed,350000.0,13650000.0,8115900.0
ORD-101625,2025-03-05,Sumatera,Offline,C02078,Retail,SR10,Peralatan Kantor,Kertas A4 80gsm (rim),5,0.0,Completed,55000.0,275000.0,190500.0
ORD-101626,2025-03-05,Jakarta,Offline,C01546,Retail,SR01,Smartphone,Smartphone Lumo X,1,0.05,Completed,5500000.0,5225000.0,4764300.0
ORD-101627,2025-03-05,Jawa Timur,Offline,C01430,Retail,SR08,Smartphone,Smartphone Lumo X,1,0.0,Completed,5500000.0,5500000.0,4775500.0
ORD-101628,2025-03-05,Jakarta,Offline,C00938,Retail,SR03,Peralatan Kantor,Kursi Ergonomis E1,4,0.0,Completed,1900000.0,7600000.0,5126000.0
ORD-106981,2025-03-05,Jakarta,Online,C00517,Retail,SYS-ONLINE,Printer & Tinta,Tinta Botol Set CMYK,2,0.0,Completed,280000.0,560000.0,334600.0
ORD-101967,2025-04-05,Sumatera,Offline,C02139,Retail,SR10,Peralatan Kantor,Kertas A4 80gsm (rim),5,0.0,Completed,55000.0,275000.0,192000.0
ORD-101968,2025-04-05,Kalimantan,ONLINE,C00630,UMKM,SYS-ONLINE,Peralatan Kantor,Kertas A4 80gsm (rim),1,0.0,Completed,55000.0,55000.0,37800.0
ORD-101969,2025-04-05,Sumatera,Offline,C02030,Retail,SR12,Laptop,Laptop Axio 14,1,0.0,Completed,8500000.0,8500000.0,7610000.0
ORD-101970,2025-04-05,Jawa Barat,Offline,C00938,UMKM,SR05,Networking,Router WiFi 6 R600,2,0.0,Cancelled,1200000.0,2400000.0,1711400.0
ORD-101971,2025-04-05,SULAWESI,Offline,C01664,UMKM,SR16,Aksesoris,Headset USB H3,13,0.05,Completed,350000.0,4322500.0,2722200.0
ORD-101972,2025-04-05,Jawa Barat,Online,C02124,UMKM,SYS-ONLINE,Peralatan Kantor,Kertas A4 80gsm (rim),8,0.1,Completed,55000.0,396000.0,300800.0
ORD-101973,2025-04-05,Jawa Barat,Offline,C01602,UMKM,SR05,Networking,Switch 8 Port S8,3,0.0,Completed,450000.0,1350000.0,
ORD-101974,2025-04-05,Jakarta,Offline,C00218,Retail,SR03,Smartphone,Smartphone Lumo A5,2,0.0,Completed,2800000.0,5600000.0,4916600.0
ORD-101975,2025-04-05,Jakarta,Offline,C01491,Retail,SR03,Smartphone,Smartphone Lumo A5,1,0.0,Completed,2800000.0,2800000.0,2446400.0
ORD-102184,2025-05-05,Sulawesi,Online,C02033,UMKM,SYS-ONLINE,Networking,Router WiFi 6 R600,4,0.0,Completed,1200000.0,4800000.0,
ORD-102185,2025-05-05,Jakarta,Offline,C01922,UMKM,SR01,Smartphone,Smartphone Lumo A5,5,0.05,Completed,2800000.0,13300000.0,12100500.0
ORD-102186,2025-05-05,Jakarta,Offline,C01399,UMKM,SR02,Printer & Tinta,Printer InkJet P200,1,0.05,Completed,2100000.0,1995000.0,1680200.0
ORD-102187,2025-05-05,Jawa Barat,Offline,C01011,Retail,SR05,Laptop,Laptop Axio 14,2,0.0,Completed,8500000.0,17000000.0,15232200.0
ORD-102188,2025-05-05,Sumatera,Online,C02089,Retail,SYS-ONLINE,Peralatan Kantor,Kursi Ergonomis E1,5,0.1,Completed,1900000.0,8550000.0,6420000.0
ORD-102189,2025-05-05,Sulawesi,Offline,C00619,Retail,SR18,Aksesoris,Headset USB H3,4,0.0,Completed,350000.0,1400000.0,848000.0
ORD-102190,2025-05-05,Sulawesi,Offline,C01058,Retail,SR18,Smartphone,Smartphone Lumo A5,1,0.1,Completed,2800000.0,2520000.0,2419300.0
ORD-102191,2025-05-05,Kalimantan,Offline,C01161,UMKM,SR14,Printer & Tinta,Tinta Botol Set CMYK,5,0.0,Completed,280000.0,1400000.0,
ORD-102192,2025-05-05,Sulawesi,Offline,C02364,Retail,SR18,Laptop,Laptop Veno 13,1,0.1,Completed,6200000.0,5580000.0,
ORD-102193,2025-05-05,Jawa Timur,Offline,C01605,Retail,SR08,Laptop,Laptop Axio Pro 15,2,0.05,Completed,13000000.0,24700000.0,23367800.0
ORD-102194,2025-05-05,Kalimantan,Offline,C01452,Retail,SR13,Smartphone,Smartphone Lumo A5,2,0.05,Completed,2800000.0,5320000.0,4811000.0
ORD-102457,2025-06-05,Sumatera,Offline,C00228,Retail,SR12,Aksesoris,Keyboard Mekanik K7,4,0.05,Completed,650000.0,2470000.0,1612800.0
ORD-102458,2025-06-05,Jawa Timur,Offline,K0171,Korporat,SR09,Peralatan Kantor,Kertas A4 80gsm (rim),219,0.1,Completed,55000.0,10840500.0,8190600.0
ORD-102459,2025-06-05,Jawa Timur,ONLINE,K0139,Korporat,SYS-ONLINE,Printer & Tinta,Printer InkJet P200,8,0.05,Completed,2100000.0,15960000.0,13555200.0
ORD-102460,2025-06-05,Jawa Barat,Offline,C00752,UMKM,SR06,Printer & Tinta,Tinta Botol Set CMYK,4,0.0,Completed,280000.0,1120000.0,650800.0
ORD-102461,2025-06-05,Jawa Timur,Offline,C00621,UMKM,SR09,Smartphone,Smartphone Lumo A5,1,0.1,Completed,2800000.0,2520000.0,2394600.0
ORD-102462,2025-06-05,Jawa Barat,Offline,C01399,UMKM,SR04,Aksesoris,Power Bank 20000mAh,14,0.0,Completed,320000.0,4480000.0,2787400.0
ORD-102463,2025-06-05,Jawa Timur,Offline,C00346,Retail,SR08,Laptop,Laptop Axio 14,2,0.0,Cancelled,8500000.0,17000000.0,15336400.0
ORD-102464,2025-06-05,Jatim,Offline,C00789,Retail,SR07,Aksesoris,Power Bank 20000mAh,1,5.0,Completed,320000.0,304000.0,199000.0
RET-102342,2025-06-05,Jawa Barat,Offline,C00793,UMKM,SR04,Peralatan Kantor,Kursi Ergonomis E1,-7,0.0,Returned,1900000.0,-13300000.0,-9224600.0
ORD-102700,2025-07-05,Sumatera,Offline,C00117,Retail,SR11,Printer & Tinta,Tinta Botol Set CMYK,2,5.0,Completed,280000.0,532000.0,329800.0
ORD-102701,2025-07-05,Jawa Timur,Offline,C00811,UMKM,SR08,Laptop,Laptop Axio 14,4,0.0,Completed,8500000.0,34000000.0,30776000.0
ORD-102702,2025-07-05,Jakarta,Offline,C00063,Retail,SR01,Aksesoris,Mouse Wireless M20,2,0.0,Completed,180000.0,360000.0,207600.0
ORD-102703,2025-07-05,Jawa Timur,Offline,C00733,Retail,SR09,Laptop,Laptop Axio Pro 15,2,0.05,Completed,13000000.0,24700000.0,23191600.0
ORD-102704,2025-07-05,Jakarta,Online,C00655,Retail,SYS-ONLINE,Peralatan Kantor,Kursi Ergonomis E1,5,0.0,Completed,1900000.0,9500000.0,6403000.0
ORD-102705,2025-07-05,Jakarta,Offline,C00593,Retail,SR02,Laptop,Laptop Axio 14,1,0.0,Completed,8500000.0,8500000.0,7547900.0
ORD-102706,2025-07-05,Jawa Barat,Offline,C00092,Retail,SR04,Laptop,Laptop Axio 14,2,0.05,Completed,8500000.0,16150000.0,15258800.0
ORD-106968,2025-07-05,Jakarta,Offline,C00063,Retail,SR01,Aksesoris,Mouse Wireless M20,2,0.0,Completed,180000.0,360000.0,209600.0
ORD-102984,2025-08-05,Sumatera,Offline,C00300,Retail,SR12,Peralatan Kantor,Kursi Ergonomis E1,5,0.0,Completed,1900000.0,9500000.0,6475000.0
ORD-102985,2025-08-05,Jakarta,Online,C01581,UMKM,SYS-ONLINE,Peralatan Kantor,Kursi Ergonomis E1,3,0.0,Completed,1900000.0,5700000.0,3890700.0
ORD-102986,2025-08-05,Sumatera,Online,C01477,UMKM,SYS-ONLINE,Peralatan Kantor,Kursi Ergonomis E1,13,0.0,Completed,1900000.0,24700000.0,16659500.0
ORD-102987,2025-08-05,Sumatera,Online,K0007,Korporat,SYS-ONLINE,Aksesoris,Power Bank 20000mAh,31,0.05,Completed,320000.0,9424000.0,6215500.0
ORD-102988,2025-08-05,Sumatra,Online,C00765,UMKM,SYS-ONLINE,Smartphone,Smartphone Lumo X,1,0.05,Completed,5500000.0,5225000.0,4732800.0
ORD-102989,2025-08-05,Sulawesi,Online,C01669,Retail,SYS-ONLINE,Laptop,Laptop Axio Pro 15,1,0.1,Completed,13000000.0,11700000.0,11518900.0
ORD-102989,2025-08-05,Sulawesi,Online,C01669,Retail,SYS-ONLINE,Laptop,Laptop Axio Pro 15,1,0.1,Completed,13000000.0,11700000.0,11518900.0
ORD-102990,2025-08-05,Jawa Barat,Online,C01689,Retail,SYS-ONLINE,Peralatan Kantor,Kursi Ergonomis E1,2,0.0,Completed,1900000.0,3800000.0,2632600.0
ORD-102991,2025-08-05,Sumatera,Online,C02202,Retail,SYS-ONLINE,Aksesoris,Headset USB H3,2,0.1,Completed,350000.0,630000.0,420000.0
ORD-102992,2025-08-05,Jawa Barat,Offline,C01140,UMKM,SR04,Aksesoris,Keyboard Mekanik K7,5,0.0,Completed,650000.0,3250000.0,2023000.0
ORD-102993,2025-08-05,Jakarta,Online,C01545,Retail,SYS-ONLINE,Peralatan Kantor,Kertas A4 80gsm (rim),1,0.0,Completed,55000.0,55000.0,37500.0
ORD-102994,2025-08-05,Jawa barat ,Offline,C01943,UMKM,SR06,Printer & Tinta,Printer InkJet P200,1,0.0,Completed,2100000.0,2100000.0,1680400.0
ORD-102995,2025-08-05,Jakarta,Online,C00251,Retail,SYS-ONLINE,Printer & Tinta,Tinta Botol Set CMYK,2,0.1,Completed,280000.0,504000.0,326000.0
ORD-102996,2025-08-05,Jatim,Offline,C01429,Retail,SR07,Smartphone,Smartphone Lumo A5,1,5.0,Completed,2800000.0,2660000.0,2462400.0
ORD-102997,2025-08-05,Jawa Barat,Offline,C02158,UMKM,SR05,Laptop,Laptop Axio Pro 15,3,0.0,Completed,13000000.0,39000000.0,35425200.0
ORD-102998,2025-08-05,Jawa Barat,Offline,C01087,UMKM,SR04,Peralatan Kantor,Kursi Ergonomis E1,10,0.0,Completed,1900000.0,19000000.0,13034000.0
ORD-103259,2025-09-05,Jakarta,Offline,C01520,Retail,SR02,Smartphone,Smartphone Lumo A5,1,0.05,Completed,2800000.0,2660000.0,2394800.0
ORD-103260,2025-09-05,Jakarta,Online,C01670,UMKM,SYS-ONLINE,Smartphone,Smartphone Lumo X,2,0.1,Completed,5500000.0,9900000.0,9514400.0
ORD-103261,2025-09-05,Kalimantan,Online,C01051,Retail,SYS-ONLINE,Aksesoris,Power Bank 20000mAh,2,0.25,Completed,320000.0,480000.0,402600.0
ORD-103262,2025-09-05,Sumatra,Offline,C00767,UMKM,SR11,Aksesoris,Keyboard Mekanik K7,7,5.0,Completed,650000.0,4322500.0,2800700.0
ORD-103263,2025-09-05,Jakarta,Offline,C01408,Retail,SR01,Laptop,Laptop Axio 14,2,0.0,Completed,8500000.0,17000000.0,15059000.0
ORD-103264,2025-09-05,Kalimantan,Offline,C02249,UMKM,SR13,Peralatan Kantor,Kertas A4 80gsm (rim),9,0.05,Completed,55000.0,470250.0,344700.0
ORD-103503,2025-10-05,Sumatera,Offline,K0046,Korporat,SR11,Aksesoris,Mouse Wireless M20,47,0.0,Completed,180000.0,8460000.0,4892700.0
ORD-103504,2025-10-05,Sulawesi,Online,C01850,Retail,SYS-ONLINE,Printer & Tinta,Printer InkJet P200,1,0.25,Completed,2100000.0,1575000.0,1691800.0
ORD-103505,2025-10-05,Sumatera,Offline,C01521,UMKM,SR11,Peralatan Kantor,Kertas A4 80gsm (rim),9,5.0,Completed,55000.0,470250.0,343800.0
ORD-103506,2025-10-05,Jakarta,Offline,C02383,Retail,SR01,Laptop,Laptop Axio Pro 15,2,0.0,Completed,13000000.0,26000000.0,23301800.0
ORD-103783,2025-11-05,Jakarta,Offline,C00887,Retail,SR03,Laptop,Laptop Veno 13,1,0.05,Completed,6200000.0,5890000.0,5502100.0
ORD-103784,2025-11-05,Sulawesi,Offline,C02244,Retail,SR16,Laptop,Laptop Veno 13,1,0.0,Completed,6200000.0,6200000.0,5477000.0
ORD-103785,2025-11-05,Kalimantan,Online,C01786,UMKM,SYS-ONLINE,Peralatan Kantor,Kursi Ergonomis E1,6,0.25,Completed,1900000.0,8550000.0,7863000.0
ORD-103786,2025-11-05,Jakarta,Offline,C01475,UMKM,SR02,Aksesoris,Power Bank 20000mAh,11,0.0,Completed,320000.0,3520000.0,2176900.0
ORD-103787,2025-11-05,Jawa Timur,Online,K0136,Korporat,SYS-ONLINE,Peralatan Kantor,Kertas A4 80gsm (rim),29,0.05,Completed,55000.0,1515250.0,1110700.0
ORD-103788,2025-11-05,Jawa Timur,Offline,K0112,Korporat,SR08,Aksesoris,Mouse Wireless M20,8,0.05,Completed,180000.0,1368000.0,831200.0
ORD-103789,2025-11-05,Jakarta,Online,K0006,Korporat,SYS-ONLINE,Smartphone,Smartphone Lumo A5,5,0.2,Completed,2800000.0,11200000.0,12167500.0
ORD-103790,2025-11-05,Jakarta,Online,C01764,Retail,SYS-ONLINE,Smartphone,Smartphone Lumo X,2,0.05,Completed,5500000.0,10450000.0,9588600.0
ORD-103791,2025-11-05,Sumatera,Offline,C01138,UMKM,SR12,Laptop,Laptop Axio 14,5,0.0,Completed,8500000.0,42500000.0,37691500.0
ORD-103792,2025-11-05,Jakarta,Online,C00034,Retail,SYS-ONLINE,Networking,Switch 8 Port S8,4,0.0,Completed,450000.0,1800000.0,
ORD-106978,2025-11-05,Sumatera,Offline,C01138,UMKM,SR12,Laptop,Laptop Axio 14,5,0.0,Completed,8500000.0,42500000.0,37885500.0
ORD-104111,2025-12-05,Sulawesi,Offline,K0068,Korporat,SR17,Aksesoris,Power Bank 20000mAh,19,0.0,Completed,320000.0,6080000.0,3773400.0
ORD-104112,2025-12-05,Jakarta,Offline,C00331,UMKM,SR03,Laptop,Laptop Veno 13,3,0.0,Cancelled,6200000.0,18600000.0,16640100.0
ORD-104113,2025-12-05,Kalimantan,Offline,C01505,UMKM,SR14,Smartphone,Smartphone Lumo A5,1,0.05,Completed,2800000.0,2660000.0,2431500.0
ORD-104114,2025-12-05,Jawa Barat,Offline,C00802,UMKM,SR06,Smartphone,Smartphone Lumo X,1,0.0,Completed,5500000.0,5500000.0,4736900.0
ORD-104115,2025-12-05,Sumatera,Online,C00730,Retail,SYS-ONLINE,Laptop,Laptop Axio Pro 15,1,0.1,Completed,13000000.0,11700000.0,11668500.0
ORD-104116,2025-12-05,Jakarta,Online,C00428,UMKM,SYS-ONLINE,Networking,Router WiFi 6 R600,4,0.0,Completed,1200000.0,4800000.0,3386000.0
ORD-104117,2025-12-05,Jawa Timur,Offline,C00207,Retail,SR08,Smartphone,Smartphone Lumo X,2,0.0,Completed,5500000.0,11000000.0,9663000.0
ORD-104118,2025-12-05,Jawa Timur,Offline,K0131,Korporat,SR07,Networking,Switch 8 Port S8,42,25.0,Completed,450000.0,14175000.0,12696600.0
ORD-104119,2025-12-05,Jawa Timur,Offline,C01769,UMKM,SR09,Peralatan Kantor,Kursi Ergonomis E1,6,0.1,Completed,1900000.0,10260000.0,7687200.0
ORD-104120,2025-12-05,Jakarta,Online,K0093,Korporat,SYS-ONLINE,Aksesoris,Power Bank 20000mAh,49,0.05,Completed,320000.0,14896000.0,9907800.0
ORD-104121,2025-12-05,Jakarta,Online,C01947,UMKM,SYS-ONLINE,Aksesoris,Mouse Wireless M20,14,0.0,Completed,180000.0,2520000.0,1491000.0
ORD-104122,2025-12-05,Jawa Barat,Offline,C00428,UMKM,SR05,Aksesoris,Power Bank 20000mAh,7,0.1,Completed,320000.0,2016000.0,1411900.0
ORD-104123,2025-12-05,Jawa Timur,Offline,C01252,UMKM,SR07,Peralatan Kantor,Kertas A4 80gsm (rim),8,25.0,Completed,55000.0,330000.0,303200.0
ORD-104123,2025-12-05,Jawa Timur,Offline,C01252,UMKM,SR07,Peralatan Kantor,Kertas A4 80gsm (rim),8,25.0,Completed,55000.0,330000.0,303200.0
ORD-102259,2025-05-13,Jawa Timur,Online,C01547,UMKM,SYS-ONLINE,Smartphone,Smartphone Lumo X,1,0.05,Completed,5500000.0,5225000.0,4781300.0
ORD-102260,2025-05-13,Jawa Barat,Online,C00358,UMKM,SYS-ONLINE,Laptop,Laptop Axio Pro 15,1,0.05,Completed,13000000.0,12350000.0,11759000.0
ORD-102261,2025-05-13,Jabar,Online,C00984,Retail,SYS-ONLINE,Aksesoris,Keyboard Mekanik K7,2,0.1,Completed,650000.0,1170000.0,793600.0
ORD-102262,2025-05-13,Jawa barat ,Offline,C00210,UMKM,SR06,Aksesoris,Power Bank 20000mAh,1,0.05,Completed,320000.0,304000.0,197400.0
ORD-102263,2025-05-13,Sulawesi,Offline,C00709,UMKM,SR17,networking,Router WiFi 6 R600,10,0.0,Completed,1200000.0,12000000.0,
ORD-102264,2025-05-13,Sumatera,Offline,C01328,Retail,SR10,Smartphone,Smartphone Lumo A5,2,0.1,Completed,2800000.0,5040000.0,4829200.0
ORD-102265,2025-05-13,Jakarta,Offline,C01490,UMKM,SR01,Networking,Router WiFi 6 R600,9,0.05,Completed,1200000.0,10260000.0,7603200.0
ORD-102266,2025-05-13,Sumatera,Offline,C01181,Retail,SR11,Smartphone,Smartphone Lumo X,2,5.0,Completed,5500000.0,10450000.0,9640400.0
ORD-102267,2025-05-14,Sulawesi,Offline,K0095,Korporat,SR17,Laptop,Laptop Axio 14,6,0.0,Completed,8500000.0,51000000.0,45760200.0
ORD-102268,2025-05-14,Jakarta,Online,C02207,UMKM,SYS-ONLINE,Aksesoris,Headset USB H3,4,0.05,Completed,350000.0,1330000.0,848800.0
ORD-102269,2025-05-14,Jakarta,Offline,C01715,Retail,SR02,Peralatan Kantor,Kertas A4 80gsm (rim),4,0.0,Completed,55000.0,220000.0,153200.0
ORD-102270,2025-05-14,Jawa Barat,Offline,C00986,Retail,SR05,Laptop,Laptop Axio Pro 15,1,0.05,Completed,13000000.0,12350000.0,11560600.0
ORD-102271,2025-05-14,Jakarta,Offline,C00036,UMKM,SR03,Aksesori,Power Bank 20000mAh,8,0.05,Completed,320000.0,2432000.0,1608800.0
ORD-102272,2025-05-14,Jawa Barat,Offline,C00680,Retail,SR05,Aksesoris,Headset USB H3,2,0.0,Completed,350000.0,700000.0,423600.0
ORD-102273,2025-05-14,Kalimantan,Offline,K0092,Korporat,SR13,Laptop,Laptop Axio Pro 15,2,0.05,Completed,13000000.0,24700000.0,23423200.0
ORD-102274,2025-05-14,Jakarta,Online,C00919,Retail,SYS-ONLINE,Aksesoris,Headset USB H3,1,0.05,Completed,350000.0,332500.0,212800.0
ORD-102275,2025-05-14,Sumatra,Offline,C00584,Retail,SR10,Laptop,Laptop Axio 14,1,0.0,Completed,8500000.0,8500000.0,7543100.0
ORD-102276,2025-05-15,Jatim,Offline,C00590,Retail,SR08,Networking,Router WiFi 6 R600,1,0.05,Completed,1200000.0,1140000.0,
ORD-102277,2025-05-15,Sumatra,Offline,C01421,Retail,SR12,Printer & Tinta,Printer InkJet P200,2,0.0,Completed,2100000.0,4200000.0,3416400.0
ORD-102278,2025-05-15,Jakarta,Offline,C01853,Retail,SR02,Laptop,Laptop Axio 14,2,0.0,Completed,8500000.0,17000000.0,15190400.0
ORD-102279,2025-05-15,Jakarta,Offline,C02138,Retail,SR02,Peralatan Kantor,Kursi Ergonomis E1,5,0.1,Completed,1900000.0,8550000.0,6453500.0
ORD-102280,2025-05-15,Sumatera,Offline,C00212,Retail,SR10,Aksesoris,Headset USB H3,1,0.0,Completed,350000.0,350000.0,212900.0
ORD-102281,2025-05-15,Jakarta,Online,C00129,UMKM,SYS-ONLINE,Aksesoris,Power Bank 20000mAh,4,0.05,Completed,320000.0,1216000.0,798800.0
ORD-102282,2025-05-15,Jawa Timur,Offline,C00062,Retail,SR07,Peralatan Kantor,Kertas A4 80gsm (rim),4,0.0,Completed,55000.0,220000.0,152800.0
ORD-102283,2025-05-15,DKI Jakarta,Offline,C00547,Retail,SR03,Smartphone,Smartphone Lumo A5,1,0.0,Completed,2800000.0,2800000.0,2399500.0
ORD-102284,2025-05-15,Jawa Barat,Offline,C01925,UMKM,SR04,Smartphone,Smartphone Lumo X,5,0.1,Completed,5500000.0,24750000.0,24328500.0
ORD-102284,2025-05-15,Jawa Barat,Offline,C01925,UMKM,SR04,Smartphone,Smartphone Lumo X,5,0.1,Completed,5500000.0,24750000.0,24328500.0
ORD-102285,2025-05-15,Kalimantan,Offline,C01251,Retail,SR15,Networking,Switch 8 Port S8,2,0.0,Completed,450000.0,900000.0,
ORD-102286,2025-05-15,Jawa Barat,Online,C00260,UMKM,SYS-ONLINE,Peralatan Kantor,Kursi Ergonomis E1,7,0.15,Completed,1900000.0,11305000.0,9013900.0
ORD-102287,2025-05-16,Kalimantan,Offline,C01709,Retail,SR15,Aksesoris,Headset USB H3,4,0.0,Completed,350000.0,1400000.0,837200.0
ORD-102288,2025-05-16,Jawa Barat,Offline,C00644,UMKM,SR05,Aksesoris,Keyboard Mekanik K7,11,0.1,Completed,650000.0,6435000.0,4423100.0
ORD-102289,2025-05-16,Jakarta,Offline,C01817,Retail,SR03,Aksesoris,Keyboard Mekanik K7,4,0.0,Completed,650000.0,2600000.0,1586000.0
ORD-102290,2025-05-16,Jawa Barat,Offline,C02077,UMKM,SR05,Aksesoris,Headset USB H3,6,0.1,Completed,350000.0,1890000.0,1252200.0
ORD-102291,2025-05-16,Jakarta,Online,C00391,UMKM,SYS-ONLINE,Laptop,Laptop Axio Pro 15,2,0.05,Completed,13000000.0,24700000.0,23262000.0
ORD-102292,2025-05-16,Kalimantan,Online,C01880,Retail,SYS-ONLINE,Networking,Router WiFi 6 R600,4,0.0,Completed,1200000.0,4800000.0,
ORD-102293,2025-05-16,Jakarta,Offline,C02195,Retail,SR02,Peralatan Kantor,Kursi Ergonomis E1,2,0.0,Completed,1900000.0,3800000.0,2627200.0
ORD-102294,2025-05-16,Sulawesi,Online,C00091,Retail,SYS-ONLINE,Printer & Tinta,Tinta Botol Set CMYK,1,0.0,Completed,280000.0,280000.0,163100.0
ORD-102295,2025-05-16,Jakarta,Offline,C00930,UMKM,SR03,Laptop,Laptop Axio 14,1,0.0,Completed,8500000.0,8500000.0,7664300.0
ORD-102296,2025-05-17,Jawa Barat,Offline,C01235,Retail,SR06,Smartphone,Smartphone Lumo X,1,0.0,Completed,5500000.0,5500000.0,4735500.0
ORD-102297,2025-05-17,,Online,C02125,Retail,SYS-ONLINE,Peralatan Kantor,Kertas A4 80gsm (rim),1,0.1,Completed,55000.0,49500.0,37800.0
ORD-102298,2025-05-17,Jakarta,Offline,C01189,Retail,SR01,Printer & Tinta,Printer InkJet P200,1,0.1,Completed,2100000.0,1890000.0,1689500.0
ORD-102299,2025-05-17,Jakarta,E-Commerce,C01094,Retail,SYS-ONLINE,Peralatan Kantor,Kursi Ergonomis E1,5,0.1,Completed,1900000.0,8550000.0,6588000.0
ORD-102300,2025-05-17,Jawa Barat,Offline,C02311,Retail,SR04,Smartphone,Smartphone Lumo A5,2,0.0,Completed,2800000.0,5600000.0,4801400.0
ORD-102301,2025-05-18,Jawa Barat,Online,C00018,Retail,SYS-ONLINE,Networking,Router WiFi 6 R600,2,0.0,Completed,1200000.0,2400000.0,
ORD-102302,2025-05-18,Jakarta,Online,C00514,Retail,SYS-ONLINE,Smartphone,Smartphone Lumo X,1,0.0,Completed,5500000.0,5500000.0,4865100.0
ORD-102303,2025-05-18,DKI Jakarta,Online,C02283,Retail,SYS-ONLINE,Laptop,Laptop Axio 14,2,0.05,Completed,8500000.0,16150000.0,15148400.0
ORD-102304,2025-05-18,kalimantan,Online,C02016,Retail,SYS-ONLINE,Smartphone,Smartphone Lumo X,2,0.05,Completed,5500000.0,10450000.0,9472000.0
ORD-102305,2025-05-18,Sulawesi,Offline,C00842,Retail,SR18,Smartphone,Smartphone Lumo A5,1,0.05,Completed,2800000.0,2660000.0,2403900.0
ORD-102306,2025-05-18,Jakarta,Offline,C00972,Retail,SR02,Laptop,Laptop Axio 14,2,0.0,Completed,8500000.0,17000000.0,15326400.0
ORD-102307,2025-05-18,Jakarta,Offline,C00682,Retail,SR03,Smartphone,Smartphone Lumo A5,2,0.05,Completed,2800000.0,5320000.0,4930600.0
ORD-102308,2025-05-18,Jakarta,Offline,K0033,Korporat,SR01,Aksesoris,Mouse Wireless M20,5,0.1,Completed,180000.0,810000.0,529000.0
ORD-102309,2025-05-18,Jakarta,Offline,C00417,Retail,SR01,Smartphone,Smartphone Lumo A5,1,0.05,Completed,2800000.0,2660000.0,2461400.0
ORD-102310,2025-05-19,Kalimantan,Online,K0024,Korporat,SYS-ONLINE,Laptop,Laptop Axio Pro 15,9,0.15,Completed,13000000.0,99450000.0,106142400.0
ORD-102311,2025-05-19,Jakarta,Offline,C01550,UMKM,SR02,Aksesoris,Mouse Wireless M20,1,0.0,Completed,180000.0,180000.0,104100.0
ORD-102312,2025-05-19,Sumatera,Offline,C00226,UMKM,SR10,Smartphone,Smartphone Lumo A5,4,0.0,Completed,2800000.0,11200000.0,9859200.0
ORD-102313,2025-05-19,Sumatera,Online,C01792,UMKM,SYS-ONLINE,Smartphone,Smartphone Lumo A5,1,0.05,Completed,2800000.0,2660000.0,2460700.0
ORD-102314,2025-05-19,Jawa Barat,Offline,C01631,Retail,SR05,Peralatan Kantor,Kertas A4 80gsm (rim),5,0.0,Completed,55000.0,275000.0,193000.0
ORD-102315,2025-05-19,Jawa Timur,Offline,C00539,Retail,SR07,Aksesoris,Power Bank 20000mAh,5,0.0,Completed,320000.0,1600000.0,1010000.0
ORD-102316,2025-05-19,Sumatera,Offline,C00130,Retail,SR10,Aksesoris,Keyboard Mekanik K7,5,0.05,Completed,650000.0,3087500.0,1993500.0
ORD-102317,2025-05-19,Jawa Barat,Offline,C02204,Retail,SR06,Peralatan Kantor,Kertas A4 80gsm (rim),4,0.0,Completed,55000.0,220000.0,152000.0
ORD-102318,2025-05-19,Kalimantan,Offline,C00404,UMKM,SR15,Laptop,Laptop Axio 14,4,0.0,Completed,8500000.0,34000000.0,30087600.0
ORD-102319,2025-05-19,Sumatera,Online,C02271,Retail,SYS-ONLINE,Aksesoris,Keyboard Mekanik K7,4,0.0,Completed,650000.0,2600000.0,1611600.0
ORD-102320,2025-05-20,Jakarta,Offline,C01405,UMKM,SR01,Printer & Tinta,Printer InkJet P200,4,0.05,Completed,2100000.0,7980000.0,6862800.0
ORD-102321,2025-05-20,Jawa Barat,Offline,C00657,UMKM,SR05,Peralatan Kantor,Kursi Ergonomis E1,13,0.05,Completed,1900000.0,23465000.0,16651700.0
ORD-102322,2025-05-20,Kalimantan,Offline,K0006,Korporat,SR13,Printer & Tinta,Tinta Botol Set CMYK,2,0.0,Completed,280000.0,560000.0,326800.0
ORD-102323,2025-05-20,Jakarta,Offline,C00107,UMKM,SR02,Laptop,Laptop Axio 14,2,0.1,Completed,8500000.0,15300000.0,15108200.0
ORD-102324,2025-05-20,Sumatera,Offline,C01579,Retail,SR12,Peralatan Kantor,Kertas A4 80gsm (rim),5,0.0,Completed,55000.0,275000.0,190500.0
ORD-102325,2025-05-20,Jakarta,Online,K0016,Korporat,SYS-ONLINE,Aksesoris,Headset USB H3,20,0.0,Cancelled,350000.0,7000000.0,4238000.0
ORD-102326,2025-05-20,Jawa Barat,Online,C00028,Retail,SYS-ONLINE,Networking,Router WiFi 6 R600,5,0.05,Completed,1200000.0,5700000.0,
ORD-102326,2025-05-20,Jawa Barat,Online,C00028,Retail,SYS-ONLINE,Networking,Router WiFi 6 R600,5,0.05,Completed,1200000.0,5700000.0,
ORD-102327,2025-05-20,,Online,C00969,Retail,SYS-ONLINE,Printer & Tinta,Printer InkJet P200,1,0.1,Completed,2100000.0,1890000.0,1718300.0
ORD-102328,2025-05-21,Sulawesi,Online,C00349,UMKM,SYS-ONLINE,laptop,Laptop Veno 13,4,0.1,Completed,6200000.0,22320000.0,22376800.0
ORD-102329,2025-05-21,Kalimantan,Online,C01732,UMKM,SYS-ONLINE,Networking,Router WiFi 6 R600,1,0.05,Completed,1200000.0,1140000.0,856400.0
ORD-102330,2025-05-21,Jakarta,Offline,C00173,Retail,SR02,Smartphone,Smartphone Lumo X,1,0.0,Completed,5500000.0,5500000.0,4744500.0
ORD-102331,2025-05-21,Sulawesi,Offline,C00063,UMKM,SR16,Printer & Tinta,Printer InkJet P200,5,0.05,Completed,2100000.0,9975000.0,8479000.0
ORD-102332,2025-05-21,Jakarta,Offline,C00230,Retail,SR03,Laptop,Laptop Veno 13,2,0.0,Completed,6200000.0,12400000.0,11033000.0
ORD-102333,2025-05-21,Jakarta,Offline,C00629,Retail,SR03,Printer & Tinta,Printer InkJet P200,2,0.05,Completed,2100000.0,3990000.0,3425400.0
ORD-102334,2025-05-21,Jawa Barat,Offline,C00750,Retail,SR06,Laptop,Laptop Veno 13,1,0.0,Completed,6200000.0,6200000.0,5510200.0
ORD-102335,2025-05-21,Sulawesi,Offline,K0047,Korporat,SR18,Networking,Router WiFi 6 R600,43,0.05,Completed,1200000.0,49020000.0,36098500.0
ORD-102336,2025-05-22,Jakarta,Offline,K0115,Korporat,SR02,Aksesoris,Headset USB H3,45,0.1,Completed,350000.0,14175000.0,9576000.0
ORD-102337,2025-05-22,Jawa Barat,Offline,C01130,Retail,SR06,Peralatan Kantor,Kertas A4 80gsm (rim),1,0.05,Completed,55000.0,52250.0,37900.0
ORD-102338,2025-05-22,Kalimantan,Offline,C01751,UMKM,SR15,Printer & Tinta,Printer InkJet P200,2,0.0,Completed,2100000.0,4200000.0,3375000.0
ORD-102339,2025-05-22,Jakarta,Offline,C01087,Retail,SR01,Networking,Router WiFi 6 R600,3,0.0,Completed,1200000.0,3600000.0,
ORD-102340,2025-05-22,Jakarta,Online,C01106,Retail,SYS-ONLINE,Aksesoris,Keyboard Mekanik K7,5,0.0,Completed,650000.0,3250000.0,1977500.0
ORD-102341,2025-05-22,Jawa Barat,Online,C00474,UMKM,SYS-ONLINE,Smartphone,Smartphone Lumo A5,5,0.05,Cancelled,2800000.0,13300000.0,12162000.0
ORD-102342,2025-05-22,Jawa Barat,Offline,C00793,UMKM,SR04,Peralatan Kantor,Kursi Ergonomis E1,7,0.0,Completed,1900000.0,13300000.0,9224600.0
ORD-102343,2025-05-23,Jawa Barat,Offline,K0155,Korporat,SR05,Printer & Tinta,Printer InkJet P200,2,0.0,Completed,2100000.0,4200000.0,3357600.0
ORD-102344,2025-05-23,Jakarta,Offline,C00526,UMKM,SR01,Printer & Tinta,Tinta Botol Set CMYK,1,0.0,Completed,280000.0,280000.0,164300.0
ORD-102345,2025-05-23,Sumatera,Online,C02001,UMKM,SYS-ONLINE,Aksesoris,Mouse Wireless M20,13,0.0,Completed,180000.0,2340000.0,1345500.0
ORD-102346,2025-05-23,Jakarta,Online,C00746,UMKM,SYS-ONLINE,Networking,Router WiFi 6 R600,12,0.05,Completed,1200000.0,13680000.0,10326000.0
ORD-102347,2025-05-23,Jawa Barat,Offline,C01992,Retail,SR06,Smartphone,Smartphone Lumo A5,1,0.0,Completed,2800000.0,2800000.0,2429500.0
ORD-102348,2025-05-23,Jakarta,Offline,K0120,Korporat,SR03,Peralatan Kantor,Kursi Ergonomis E1,15,0.05,Completed,1900000.0,27075000.0,19612500.0
ORD-102349,2025-05-23,Jawa Timur,Online,C00034,Retail,SYS-ONLINE,Aksesoris,Keyboard Mekanik K7,2,0.05,Completed,650000.0,1235000.0,791800.0
ORD-102350,2025-05-23,Sumatra,Offline,C01467,Retail,SR11,Aksesoris,Power Bank 20000mAh,3,10.0,Completed,320000.0,864000.0,601200.0
ORD-102351,2025-05-23,Jawa Barat,Offline,C00007,Retail,SR04,Peralatan Kantor,Kertas A4 80gsm (rim),1,0.05,Completed,55000.0,52250.0,37600.0
ORD-102352,2025-05-23,Jawa Timur,Online,C00036,UMKM,SYS-ONLINE,Peralatan Kantor,Kursi Ergonomis E1,9,0.05,Completed,1900000.0,16245000.0,11604600.0
ORD-102353,2025-05-24,Jakarta,Online,C00276,UMKM,SYS-ONLINE,Aksesoris,Mouse Wireless M20,2,0.1,Completed,180000.0,324000.0,209800.0
ORD-102354,2025-05-24,Jawa Timur,Offline,C00341,UMKM,SR09,Networking,Router WiFi 6 R600,7,0.0,Completed,1200000.0,8400000.0,
ORD-102355,2025-05-24,Sulawesi,Offline,C00876,UMKM,SR17,Networking,Router WiFi 6 R600,7,0.05,Completed,1200000.0,7980000.0,
ORD-102356,2025-05-24,Kalimantan,Online,K0086,Korporat,SYS-ONLINE,Aksesoris,Headset USB H3,8,0.0,Completed,350000.0,2800000.0,1660000.0
ORD-102357,2025-05-24,Jakarta,Online,C00568,Retail,SYS-ONLINE,Peralatan Kantor,Kertas A4 80gsm (rim),2,0.1,Completed,55000.0,99000.0,76000.0
ORD-102358,2025-05-24,Jawa Barat,Offline,C01870,Retail,SR06,Aksesoris,Headset USB H3,5,0.05,Completed,350000.0,1662500.0,1046000.0
ORD-102359,2025-05-24,Jakarta,ONLINE,C00341,Retail,SYS-ONLINE,Networking,Router WiFi 6 R600,2,0.0,Completed,1200000.0,2400000.0,
ORD-102360,2025-05-24,Jakarta,Offline,C01231,Retail,SR01,Aksesoris,Mouse Wireless M20,1,0.0,Completed,180000.0,180000.0,106300.0
ORD-102361,2025-05-24,jawa timur,Online,C01285,Retail,SYS-ONLINE,Aksesoris,Mouse Wireless M20,2,0.05,Completed,180000.0,342000.0,209600.0
ORD-102361,2025-05-24,jawa timur,Online,C01285,Retail,SYS-ONLINE,Aksesoris,Mouse Wireless M20,2,0.05,Completed,180000.0,342000.0,209600.0
RET-102253,2025-05-24,Jakarta,Offline,C02108,Retail,SR03,Smartphone,Smartphone Lumo X,-1,0.0,Returned,5500000.0,-5500000.0,-4789100.0
ORD-102362,2025-05-25,Jakarta,Online,C01946,UMKM,SYS-ONLINE,Aksesoris,Keyboard Mekanik K7,6,0.1,Completed,650000.0,3510000.0,2385600.0
ORD-102363,2025-05-25,Jawa Barat,Offline,C00265,Retail,SR05,Aksesoris,Headset USB H3,1,0.05,Completed,350000.0,332500.0,210200.0
ORD-102364,2025-05-25,kalimantan,Offline,C02184,Retail,SR13,Aksesoris,Power Bank 20000mAh,1,0.05,Completed,320000.0,304000.0,200600.0
ORD-102365,2025-05-25,Sumatera,Offline,C02081,Retail,SR10,Aksesoris,Power Bank 20000mAh,5,0.05,Completed,320000.0,1520000.0,1014000.0
ORD-102366,2025-05-25,Jawa Barat,Offline,C01777,Retail,SR04,Laptop,Laptop Veno 13,2,0.1,Completed,6200000.0,11160000.0,11143200.0
ORD-102367,2025-05-25,Kalimantan,Offline,K0022,Korporat,SR15,Laptop,Laptop Veno 13,7,5.0,Completed,6200000.0,41230000.0,38998400.0
ORD-102368,2025-05-25,Kalimantan,Online,C02339,UMKM,SYS-ONLINE,Networking,Router WiFi 6 R600,13,0.0,Completed,1200000.0,15600000.0,
ORD-102369,2025-05-25,Kalimantan,Offline,C01844,Retail,SR14,Peralatan Kantor,Kursi Ergonomis E1,4,0.0,Cancelled,1900000.0,7600000.0,5239600.0
RET-102263,2025-05-25,Sulawesi,Offline,C00709,UMKM,SR17,Networking,Router WiFi 6 R600,-10,0.0,Returned,1200000.0,-12000000.0,
ORD-102370,2025-05-26,Jawa Timur,Online,K0144,Korporat,SYS-ONLINE,Smartphone,Smartphone Lumo A5,3,0.1,Completed,2800000.0,7560000.0,7341000.0
ORD-102371,2025-05-26,Jakarta,Online,K0139,Korporat,SYS-ONLINE,Smartphone,Smartphone Lumo X,4,0.0,Completed,5500000.0,22000000.0,19309600.0
ORD-102372,2025-05-26,Jakarta,Online,C00355,Retail,SYS-ONLINE,Aksesoris,Power Bank 20000mAh,3,0.05,Completed,320000.0,912000.0,602700.0
ORD-102373,2025-05-26,Jakarta,Offline,C01108,Retail,SR02,Peralatan Kantor,Kertas A4 80gsm (rim),1,0.0,Completed,55000.0,55000.0,38500.0
ORD-102374,2025-05-26,Sulawesi,Offline,C00031,UMKM,SR17,Networking,Switch 8 Port S8,6,0.05,Completed,450000.0,2565000.0,
ORD-102375,2025-05-26,Jakarta,Offline,C00191,Retail,SR01,Smartphone,Smartphone Lumo A5,1,0.0,Completed,2800000.0,2800000.0,2434200.0
ORD-102376,2025-05-26,Jawa Barat,Offline,C00470,Retail,SR06,Aksesoris,Mouse Wireless M20,1,0.1,Cancelled,180000.0,162000.0,103800.0
ORD-102377,2025-05-26,jawa timur,Offline,C00764,Retail,SR07,Networking,Switch 8 Port S8,2,10.0,Completed,450000.0,810000.0,
ORD-102378,2025-05-26,Jawa Timur,Offline,C01402,UMKM,SR09,Aksesoris,Headset USB H3,9,0.0,Completed,350000.0,3150000.0,1878300.0
ORD-102379,2025-05-26,Kalimantan,Online,C01321,Retail,SYS-ONLINE,Aksesoris,Mouse Wireless M20,1,0.0,Cancelled,180000.0,180000.0,104100.0
ORD-102380,2025-05-26,Sumatera,Online,C00929,Retail,SYS-ONLINE,Laptop,Laptop Veno 13,2,0.05,Completed,6200000.0,11780000.0,11014000.0
ORD-102381,2025-05-26,Jawa Barat,Offline,K0030,Korporat,SR06,Smartphone,Smartphone Lumo A5,2,0.05,Completed,2800000.0,5320000.0,4800800.0
ORD-102382,2025-05-26,Kalimantan,Online,C00533,Retail,SYS-ONLINE,Printer & Tinta,Printer InkJet P200,1,0.05,Completed,2100000.0,1995000.0,1689600.0
ORD-102383,2025-05-26,Jawa Barat,Offline,C02042,UMKM,SR06,Printer & Tinta,Printer InkJet P200,1,0.05,Completed,2100000.0,1995000.0,1704700.0
ORD-102384,2025-05-27,Jakarta,Offline,C02160,Retail,SR01,Peralatan Kantor,Kertas A4 80gsm (rim),3,0.0,Completed,55000.0,165000.0,113700.0
ORD-102385,2025-05-27,Jawa Barat,Offline,C02105,UMKM,SR05,Aksesoris,Mouse Wireless M20,14,0.0,Completed,180000.0,2520000.0,1449000.0
ORD-102385,2025-05-27,Jawa Barat,Offline,C02105,UMKM,SR05,Aksesoris,Mouse Wireless M20,14,0.0,Completed,180000.0,2520000.0,1449000.0
ORD-102386,2025-05-27,Jawa Barat,Online,C02167,Retail,SYS-ONLINE,Aksesoris,Mouse Wireless M20,4,0.0,Completed,180000.0,720000.0,419200.0
ORD-102387,2025-05-27,Jawa Barat,Offline,C01935,Retail,SR06,Peralatan Kantor,Kertas A4 80gsm (rim),4,0.0,Completed,55000.0,220000.0,154000.0
ORD-102388,2025-05-27,Sumatera,Online,C01559,Retail,SYS-ONLINE,Smartphone,Smartphone Lumo A5,1,0.0,Completed,2800000.0,2800000.0,2462300.0
ORD-102389,2025-05-27,JKT ,Offline,C00609,Retail,SR02,Peralatan Kantor,Kursi Ergonomis E1,5,0.0,Completed,1900000.0,9500000.0,6551500.0
ORD-102390,2025-05-27,Jawa Timur,Offline,C00785,Retail,SR08,Peralatan Kantor,Kertas A4 80gsm (rim),4,0.05,Completed,55000.0,209000.0,153200.0
ORD-102391,2025-05-27,Jawa Barat,Online,C01203,UMKM,SYS-ONLINE,Aksesoris,Headset USB H3,13,0.05,Completed,350000.0,4322500.0,2743000.0
ORD-102392,2025-05-27,Jakarta,Online,C01742,UMKM,SYS-ONLINE,Networking,Switch 8 Port S8,9,0.0,Completed,450000.0,4050000.0,2704500.0
ORD-102393,2025-05-27,jakarta,Offline,C00515,Retail,SR01,Peralatan Kantor,Kertas A4 80gsm (rim),4,0.0,Completed,55000.0,220000.0,154000.0
ORD-102394,2025-05-27,Jawa Timur,Offline,C00108,UMKM,SR08,smartphone,Smartphone Lumo A5,1,0.0,Completed,2800000.0,2800000.0,2450800.0
ORD-102395,2025-05-27,Jawa Barat,Offline,C01066,Retail,SR05,Smartphone,Smartphone Lumo A5,1,0.0,Completed,2800000.0,2800000.0,2462200.0
ORD-102396,2025-05-28,Sumatera,Offline,C01325,Retail,SR11,Laptop,Laptop Axio 14,2,5.0,Completed,8500000.0,16150000.0,15123000.0
ORD-102397,2025-05-28,Jawa Timur,Online,C01355,Retail,SYS-ONLINE,Networking,Router WiFi 6 R600,3,0.1,Completed,1200000.0,3240000.0,
ORD-102398,2025-05-28,DKI Jakarta,Offline,C00313,Retail,SR03,Aksesoris,Keyboard Mekanik K7,3,0.0,Completed,650000.0,1950000.0,1183200.0
ORD-102399,2025-05-28,Jawa Barat,Online,C02005,Retail,SYS-ONLINE,Laptop,Laptop Veno 13,2,0.1,Completed,6200000.0,11160000.0,11234600.0
ORD-102400,2025-05-28,Jakarta,Online,C00593,Retail,SYS-ONLINE,Peralatan kantor,Kursi Ergonomis E1,1,0.05,Completed,1900000.0,1805000.0,1303000.0
ORD-102401,2025-05-28,Jawa Timur,Online,C01502,Retail,SYS-ONLINE,Aksesoris,Power Bank 20000mAh,3,0.0,Cancelled,320000.0,960000.0,594600.0
ORD-102402,2025-05-28,Kalimantan,Offline,C01145,Retail,SR13,Smartphone,Smartphone Lumo A5,2,0.05,Completed,2800000.0,5320000.0,4873600.0
RET-102346,2025-05-28,Jakarta,Online,C00746,UMKM,SYS-ONLINE,Networking,Router WiFi 6 R600,-12,0.05,Returned,1200000.0,-13680000.0,-10326000.0
ORD-102403,2025-05-29,Jakarta,Offline,C01178,Retail,SR03,Laptop,Laptop Axio Pro 15,1,0.05,Completed,13000000.0,12350000.0,11676100.0
ORD-102404,2025-05-29,Jawa Timur,Offline,C00713,Retail,SR08,Laptop,Laptop Axio 14,1,0.05,Completed,8500000.0,8075000.0,7668800.0
ORD-102405,2025-05-29,Jawa Timur,Online,K0009,Korporat,SYS-ONLINE,Smartphone,Smartphone Lumo X,5,0.0,Completed,5500000.0,27500000.0,24107500.0
ORD-102406,2025-05-29,Jakarta,Online,C00038,UMKM,SYS-ONLINE,Aksesoris,Keyboard Mekanik K7,10,0.05,Completed,650000.0,6175000.0,3974000.0
ORD-102407,2025-05-29,Sulawesi,Offline,C00283,Retail,SR17,Aksesoris,Power Bank 20000mAh,2,0.0,Completed,320000.0,640000.0,397600.0
ORD-102408,2025-05-29,Jawa Timur,Offline,C00283,Retail,SR09,Networking,Switch 8 Port S8,1,0.05,Completed,450000.0,427500.0,
ORD-102409,2025-05-30,Sulawesi,Offline,K0079,Korporat,SR16,Networking,Switch 8 Port S8,42,0.0,Completed,450000.0,18900000.0,
ORD-102410,2025-05-30,Jawa Barat,Online,C00181,Retail,SYS-ONLINE,Smartphone,Smartphone Lumo X,2,0.15,Completed,5500000.0,9350000.0,9485200.0
ORD-102411,2025-05-30,Kalimantan,Online,C00646,UMKM,SYS-ONLINE,Aksesoris,Headset USB H3,13,0.0,Completed,350000.0,4550000.0,2705300.0
ORD-102412,2025-05-30,Jakarta,Offline,C00564,UMKM,SR01,Laptop,Laptop Veno 13,3,0.0,Completed,6200000.0,18600000.0,16480800.0
ORD-102413,2025-05-30,Sumatra,Online,C01314,UMKM,SYS-ONLINE,ATK,Kursi Ergonomis E1,6,0.1,Completed,1900000.0,10260000.0,7901400.0
ORD-102414,2025-05-30,Jawa Timur,Online,C01318,UMKM,SYS-ONLINE,Aksesoris,Mouse Wireless M20,3,0.0,Completed,180000.0,540000.0,311700.0
ORD-102415,2025-05-30,Sulawesi,Offline,C01331,UMKM,SR17,Aksesoris,Headset USB H3,2,0.0,Completed,350000.0,700000.0,416000.0
ORD-102416,2025-05-30,Jawa Barat,Offline,K0110,Korporat,SR04,Printer & Tinta,Tinta Botol Set CMYK,9,0.1,Completed,280000.0,2268000.0,1465200.0
ORD-102417,2025-05-30,Jawa Barat,Online,C02046,UMKM,SYS-ONLINE,Aksesoris,Keyboard Mekanik K7,14,0.15,Completed,650000.0,7735000.0,5586000.0
ORD-102418,2025-05-30,Kalimantan,Online,C02106,UMKM,SYS-ONLINE,Peralatan Kantor,Kursi Ergonomis E1,7,0.05,Completed,1900000.0,12635000.0,9142700.0
ORD-102419,2025-05-31,Jawa Barat,Offline,K0137,Korporat,SR04,Peralatan Kantor,Kursi Ergonomis E1,25,0.0,Completed,1900000.0,47500000.0,32450000.0
ORD-102420,2025-05-31,Jawa Barat,online,C00533,Retail,SYS-ONLINE,Aksesoris,Mouse Wireless M20,1,0.05,Completed,180000.0,171000.0,104300.0
ORD-102421,2025-05-31,Jawa Timur,Offline,C01976,Retail,SR09,Aksesoris,Mouse Wireless M20,5,0.0,Completed,180000.0,900000.0,528500.0
ORD-102422,2025-05-31,Jakarta,Offline,C00177,UMKM,SR02,Aksesoris,Power Bank 20000mAh,6,0.0,Completed,320000.0,1920000.0,1188600.0
ORD-102423,2025-05-31,Jawa Timur,Online,C01355,Retail,SYS-ONLINE,Aksesoris,Mouse Wireless M20,5,0.1,Completed,180000.0,810000.0,523500.0
ORD-102424,2025-05-31,Sulawesi,Offline,C01829,UMKM,SR17,Smartphone,Smartphone Lumo A5,3,0.1,Completed,2800000.0,7560000.0,7215600.0
ORD-102425,2025-05-31,Jakarta,Offline,C00419,Retail,SR02,Smartphone,Smartphone Lumo A5,2,0.1,Completed,2800000.0,5040000.0,4790200.0
ORD-102426,2025-05-31,Jakarta,Online,C00845,UMKM,SYS-ONLINE,Peralatan Kantor,Kertas A4 80gsm (rim),3,0.15,Completed,55000.0,140250.0,112800.0
ORD-101137,2025-01-06,Jakarta,Offline,C02205,Retail,SR01,Peralatan Kantor,Kertas A4 80gsm (rim),2,0.0,Completed,55000.0,110000.0,76600.0
ORD-101138,2025-01-06,Jawa Barat,Online,C01733,UMKM,SYS-ONLINE,Aksesoris,Headset USB H3,2,0.05,Completed,350000.0,665000.0,413800.0
ORD-101139,2025-01-06,Jawa Timur,Offline,C00012,Retail,SR07,Printer & Tinta,Printer InkJet P200,2,5.0,Completed,2100000.0,3990000.0,3352800.0
RET-101119,2025-01-06,Jawa Timur,Offline,C01443,UMKM,SR09,Peralatan Kantor,Kursi Ergonomis E1,-1,0.05,Returned,1900000.0,-1805000.0,-1302400.0
ORD-101360,2025-02-06,Sumatera,Online,C01731,Retail,SYS-ONLINE,Peralatan Kantor,Kertas A4 80gsm (rim),2,0.05,Completed,55000.0,104500.0,76000.0
ORD-101361,2025-02-06,Sumatera,Offline,C01439,UMKM,SR12,smartphone,Smartphone Lumo X,1,0.0,Completed,5500000.0,5500000.0,4834100.0
ORD-101362,2025-02-06,Jawa Timur,Offline,C00058,Retail,SR07,Aksesoris,Mouse Wireless M20,4,0.0,Completed,180000.0,720000.0,416400.0
ORD-101363,2025-02-06,Jawa Timur,Online,C01670,UMKM,SYS-ONLINE,Printer & Tinta,Tinta Botol Set CMYK,3,0.1,Completed,280000.0,756000.0,495600.0
ORD-101364,2025-02-06,Jakarta,Online,C02203,Retail,SYS-ONLINE,Aksesoris,Mouse Wireless M20,1,0.1,Completed,180000.0,162000.0,104800.0
ORD-101365,2025-02-06,Jawa Barat,Online,C00546,Retail,SYS-ONLINE,Aksesoris,Power Bank 20000mAh,3,0.0,Completed,320000.0,960000.0,592200.0
ORD-101366,2025-02-06,Jakarta,Offline,C01743,Retail,SR01,Aksesoris,Headset USB H3,3,0.0,Completed,350000.0,1050000.0,636000.0
ORD-101367,2025-02-06,Jakarta,Offline,C00594,UMKM,SR03,Peralatan Kantor,Kursi Ergonomis E1,5,0.0,Completed,1900000.0,9500000.0,6487500.0
ORD-101368,2025-02-06,Sumatra,Online,C01682,UMKM,SYS-ONLINE,Smartphone,Smartphone Lumo A5,4,0.05,Completed,2800000.0,10640000.0,9737200.0
ORD-106986,2025-02-06,Jawa Barat,Online,C00546,Retail,SYS-ONLINE,Aksesoris,Power Bank 20000mAh,3,0.0,Completed,320000.0,960000.0,604500.0
ORD-101629,2025-03-06,Jakarta,Offline,C01465,Retail,SR03,Peralatan Kantor,Kertas A4 80gsm (rim),2,0.0,Completed,55000.0,110000.0,76400.0
ORD-101630,2025-03-06,Kalimantan,Online,C00214,UMKM,SYS-ONLINE,Aksesoris,Keyboard Mekanik K7,10,0.1,Completed,650000.0,5850000.0,3958000.0
ORD-101630,2025-03-06,Kalimantan,Online,C00214,UMKM,SYS-ONLINE,Aksesoris,Keyboard Mekanik K7,10,0.1,Completed,650000.0,5850000.0,3958000.0
ORD-101631,2025-03-06,Kalimantan,Offline,C02012,Retail,SR14,Peralatan Kantor,Kertas A4 80gsm (rim),3,0.0,Completed,55000.0,165000.0,112500.0
ORD-101632,2025-03-06,Jakarta,Offline,C00082,Retail,SR02,Aksesoris,Mouse Wireless M20,5,0.05,Completed,180000.0,855000.0,523500.0
ORD-101633,2025-03-06,Jawa Timur,Online,C00772,Retail,SYS-ONLINE,Laptop,Laptop Veno 13,1,0.0,Completed,6200000.0,6200000.0,5600500.0
ORD-101634,2025-03-06,Sumatera,Offline,C01204,Retail,SR11,Peralatan Kantor,Kursi Ergonomis E1,5,5.0,Completed,1900000.0,9025000.0,6408000.0
ORD-101635,2025-03-06,Kalimantan,Offline,C00464,Retail,SR15,Aksesoris,Headset USB H3,2,0.0,Cancelled,350000.0,700000.0,420000.0
ORD-101636,2025-03-06,Jawa Timur,Online,C00470,Retail,SYS-ONLINE,Laptop,Laptop Axio 14,2,0.05,Completed,8500000.0,16150000.0,15359000.0
ORD-101637,2025-03-06,Sulawesi,Offline,C02328,Retail,SR17,Aksesoris,Power Bank 20000mAh,5,0.0,Completed,320000.0,1600000.0,994500.0
ORD-101638,2025-03-06,Jakarta,Offline,C02201,Retail,SR03,Aksesoris,Power Bank 20000mAh,5,0.05,Completed,320000.0,1520000.0,1009500.0
ORD-101639,2025-03-06,Sumatera,Offline,C02325,UMKM,SR11,Networking,Router WiFi 6 R600,3,0.0,Completed,1200000.0,3600000.0,
ORD-101640,2025-03-06,Jawa Timur,Offline,K0099,Korporat,SR07,Laptop,Laptop Axio Pro 15,4,0.0,Completed,13000000.0,52000000.0,46096800.0
ORD-101976,2025-04-06,Jawa Barat,Online,C01500,Retail,SYS-ONLINE,Printer & Tinta,Tinta Botol Set CMYK,2,0.05,Completed,280000.0,532000.0,328800.0
ORD-101977,2025-04-06,Kalimantan,Online,C01837,Retail,SYS-ONLINE,Networking,Switch 8 Port S8,1,0.15,Completed,450000.0,382500.0,
ORD-101978,2025-04-06,Jawa Barat,Online,K0153,Korporat,SYS-ONLINE,Smartphone,Smartphone Lumo A5,9,0.1,Completed,2800000.0,22680000.0,21711600.0
ORD-101978,2025-04-06,Jawa Barat,Online,K0153,Korporat,SYS-ONLINE,Smartphone,Smartphone Lumo A5,9,0.1,Completed,2800000.0,22680000.0,21711600.0
ORD-101979,2025-04-06,Jawa Timur,Online,C00497,Retail,SYS-ONLINE,Peralatan Kantor,Kertas A4 80gsm (rim),5,0.0,Completed,55000.0,275000.0,192000.0
ORD-101980,2025-04-06,Jawa Barat,Offline,C01665,Retail,SR06,Printer & Tinta,Tinta Botol Set CMYK,2,0.05,Completed,280000.0,532000.0,330000.0
ORD-101980,2025-04-06,Jawa Barat,Offline,C01665,Retail,SR06,Printer & Tinta,Tinta Botol Set CMYK,2,0.05,Completed,280000.0,532000.0,330000.0
ORD-101981,2025-04-06,Jawa Barat,Online,C01014,UMKM,SYS-ONLINE,Peralatan Kantor,Kertas A4 80gsm (rim),4,0.15,Completed,55000.0,187000.0,150000.0
ORD-101982,2025-04-06,Jawa Timur,Offline,C00291,Retail,SR09,Printer & Tinta,Tinta Botol Set CMYK,1,0.0,Completed,280000.0,280000.0,167300.0
ORD-101983,2025-04-06,Sulawesi,Offline,K0008,Korporat,SR16,Smartphone,Smartphone Lumo X,8,0.1,Completed,5500000.0,39600000.0,38385600.0
ORD-102195,2025-05-06,Jawa Timur,Offline,C01079,UMKM,SR08,Aksesoris,Headset USB H3,7,0.05,Completed,350000.0,2327500.0,1470000.0
ORD-102196,2025-05-06,Jawa Barat,Offline,C01858,Retail,SR05,Laptop,Laptop Axio Pro 15,1,0.1,Completed,13000000.0,11700000.0,11680600.0
ORD-102197,2025-05-06,Sulawesi,Online,C01257,Retail,SYS-ONLINE,Peralatan Kantor,Kursi Ergonomis E1,1,0.1,Completed,1900000.0,1710000.0,1309100.0
ORD-102198,2025-05-06,Jakarta,Offline,C00764,Retail,SR02,Peralatan Kantor,Kursi Ergonomis E1,2,0.0,Completed,1900000.0,3800000.0,2621600.0
ORD-102199,2025-05-06,Jawa Barat,Offline,C02098,Retail,SR06,Laptop,Laptop Axio Pro 15,2,0.05,Completed,13000000.0,24700000.0,23064800.0
ORD-102200,2025-05-06,Sumatera,Offline,C01478,Retail,SR12,Networking,Router WiFi 6 R600,5,0.1,Completed,1200000.0,5400000.0,4255500.0
ORD-102201,2025-05-06,,Online,C02327,Retail,SYS-ONLINE,Networking,Router WiFi 6 R600,4,0.15,Completed,1200000.0,4080000.0,
ORD-102202,2025-05-06,Jakarta,Online,C00833,Retail,SYS-ONLINE,Smartphone,Smartphone Lumo A5,2,0.05,Completed,2800000.0,5320000.0,4931400.0
ORD-102203,2025-05-06,Jawa Barat,Offline,C01570,Retail,SR05,Laptop,Laptop Veno 13,2,0.0,Completed,6200000.0,12400000.0,10996400.0
ORD-102204,2025-05-06,Jakarta,Online,C01964,UMKM,SYS-ONLINE,Aksesoris,Headset USB H3,2,0.05,Cancelled,350000.0,665000.0,414600.0
ORD-102205,2025-05-06,Sulawesi,Offline,C00268,Retail,SR16,Smartphone,Smartphone Lumo X,2,0.05,Completed,5500000.0,10450000.0,9654800.0
ORD-102206,2025-05-06,Jabar,Offline,C00875,Retail,SR05,Printer & Tinta,Tinta Botol Set CMYK,1,0.0,Completed,280000.0,280000.0,167300.0
ORD-102207,2025-05-06,Jakarta,Offline,C02179,Retail,SR03,Aksesoris,Power Bank 20000mAh,4,0.0,Completed,320000.0,1280000.0,790000.0
ORD-102208,2025-05-06,Jawa Barat,Offline,C00471,Retail,SR05,Aksesoris,Headset USB H3,5,0.0,Cancelled,350000.0,1750000.0,1056500.0
ORD-102465,2025-06-06,Jatim,Offline,C00054,Retail,SR07,Printer & Tinta,Tinta Botol Set CMYK,1,0.0,Completed,280000.0,280000.0,166100.0
ORD-102466,2025-06-06,Jawa Barat,Offline,C02352,UMKM,SR04,Printer & Tinta,Printer InkJet P200,4,0.05,Completed,2100000.0,7980000.0,6890400.0
ORD-102467,2025-06-06,Sulawesi,Offline,C00653,Retail,SR18,Laptop,Laptop Axio Pro 15,2,0.0,Completed,13000000.0,26000000.0,23557600.0
ORD-102468,2025-06-06,Jakarta,Offline,C00346,Retail,SR03,Smartphone,Smartphone Lumo X,1,0.0,Completed,5500000.0,5500000.0,4749000.0
ORD-102469,2025-06-06,Sumatera,Offline,K0120,Korporat,SR12,Smartphone,Smartphone Lumo X,6,0.0,Completed,5500000.0,33000000.0,28670400.0
ORD-102470,2025-06-06,Sulawesi,Offline,C00458,Retail,SR17,Peralatan Kantor,Kertas A4 80gsm (rim),5,0.1,Completed,55000.0,247500.0,192000.0
ORD-102471,2025-06-06,Jakarta,Offline,C01489,UMKM,SR01,Printer & Tinta,Printer InkJet P200,3,0.0,Completed,2100000.0,6300000.0,5133600.0
ORD-102472,2025-06-06,Sumatera,Offline,C00853,Retail,SR12,Peralatan Kantor,Kursi Ergonomis E1,5,0.05,Completed,1900000.0,9025000.0,6497500.0
ORD-102473,2025-06-06,Jawa Timur,Offline,C01044,Retail,SR08,Aksesoris,Keyboard Mekanik K7,4,0.1,Completed,650000.0,2340000.0,1600400.0
ORD-102474,2025-06-06,Sulawesi,Offline,C00911,UMKM,SR16,Aksesoris,Mouse Wireless M20,4,0.0,Completed,180000.0,720000.0,416000.0
ORD-102707,2025-07-06,Jawa Barat,Offline,C02154,Retail,SR05,Peralatan Kantor,Kertas A4 80gsm (rim),5,0.1,Completed,55000.0,247500.0,188500.0
ORD-102708,2025-07-06,Kalimantan,Offline,C02181,Retail,SR14,Smartphone,Smartphone Lumo X,2,0.05,Completed,5500000.0,10450000.0,9720200.0
ORD-102709,2025-07-06,Sulawesi,Offline,C00750,UMKM,SR16,Aksesoris,Mouse Wireless M20,13,0.0,Completed,180000.0,2340000.0,1372800.0
ORD-102709,2025-07-06,Sulawesi,Offline,C00750,UMKM,SR16,Aksesoris,Mouse Wireless M20,13,0.0,Completed,180000.0,2340000.0,1372800.0
ORD-102710,2025-07-06,Sulawesi,Offline,C01113,UMKM,SR18,Smartphone,Smartphone Lumo X,5,0.05,Completed,5500000.0,26125000.0,24334000.0
ORD-102711,2025-07-06,Sulawesi,Online,C02378,Retail,SYS-ONLINE,Laptop,Laptop Axio Pro 15,2,0.1,Completed,13000000.0,23400000.0,23186200.0
ORD-102712,2025-07-06,Sulawesi,Online,C01637,UMKM,SYS-ONLINE,Printer & Tinta,Printer InkJet P200,4,0.0,Completed,2100000.0,8400000.0,6723200.0
ORD-102713,2025-07-06,Kalimantan,Offline,C00689,Retail,SR13,Networking,Router WiFi 6 R600,2,0.05,Completed,1200000.0,2280000.0,
ORD-106963,2025-07-06,Sulawesi,Offline,C00750,UMKM,SR16,Aksesoris,Mouse Wireless M20,13,0.0,Completed,180000.0,2340000.0,1370200.0
ORD-102999,2025-08-06,Sulawesi,Offline,C01613,Retail,SR16,Smartphone,Smartphone Lumo X,2,0.05,Completed,5500000.0,10450000.0,9501600.0
ORD-103000,2025-08-06,Jawa Barat,Online,C00376,UMKM,SYS-ONLINE,smartphone,Smartphone Lumo X,2,0.1,Completed,5500000.0,9900000.0,9562400.0
ORD-103001,2025-08-06,Kalimantan,Offline,C00784,Retail,SR15,Smartphone,Smartphone Lumo X,2,5.0,Completed,5500000.0,10450000.0,9599600.0
ORD-103002,2025-08-06,Jakarta,Online,C01413,Retail,SYS-ONLINE,Laptop,Laptop Axio 14,1,0.1,Completed,8500000.0,7650000.0,7532200.0
ORD-103003,2025-08-06,Jawa Barat,Online,C00477,Retail,SYS-ONLINE,Aksesoris,Keyboard Mekanik K7,3,0.0,Completed,650000.0,1950000.0,1206600.0
ORD-103004,2025-08-06,Jawa Timur,Offline,C01380,Retail,SR09,Peralatan Kantor,Kursi Ergonomis E1,1,0.05,Completed,1900000.0,1805000.0,1317300.0
ORD-103005,2025-08-06,Jawa Barat,Offline,C00129,Retail,SR04,Printer & Tinta,Printer InkJet P200,2,0.0,Completed,2100000.0,4200000.0,3353000.0
ORD-103006,2025-08-06,Kalimantan,Offline,K0048,Korporat,SR14,Printer & Tinta,Tinta Botol Set CMYK,4,0.05,Completed,280000.0,1064000.0,655600.0
ORD-103007,2025-08-06,Jawa Barat,Offline,C00364,Retail,SR06,Aksesoris,Headset USB H3,2,0.0,Completed,350000.0,700000.0,425800.0
ORD-103007,2025-08-06,Jawa Barat,Offline,C00364,Retail,SR06,Aksesoris,Headset USB H3,2,0.0,Completed,350000.0,700000.0,425800.0
ORD-103008,2025-08-06,Kalimantan,Offline,K0128,Korporat,SR13,Laptop,Laptop Axio Pro 15,3,0.05,Completed,13000000.0,37050000.0,34912500.0
ORD-103009,2025-08-06,Jawa Barat,Offline,C00880,UMKM,SR05,Peralatan Kantor,Kursi Ergonomis E1,14,0.1,Completed,1900000.0,23940000.0,18429600.0
ORD-103265,2025-09-06,Jakarta,Offline,C00804,Retail,SR03,Peralatan kantor,Kursi Ergonomis E1,2,0.0,Completed,1900000.0,3800000.0,2619200.0
ORD-103266,2025-09-06,Jawa Barat,Offline,C01040,UMKM,SR04,Laptop,Laptop Axio 14,5,0.05,Completed,8500000.0,40375000.0,37960000.0
ORD-103267,2025-09-06,Jawa Barat,Offline,C02046,Retail,SR04,Aksesoris,Keyboard Mekanik K7,2,0.05,Completed,650000.0,1235000.0,803600.0
ORD-103268,2025-09-06,Jakarta,Online,C00914,Retail,SYS-ONLINE,Aksesoris,Mouse Wireless M20,3,0.05,Completed,180000.0,513000.0,317700.0
ORD-103269,2025-09-06,Jakarta,Offline,C00161,Retail,SR01,Smartphone,Smartphone Lumo X,1,0.05,Completed,5500000.0,5225000.0,4804100.0
ORD-103270,2025-09-06,Jakarta,Offline,C01808,Retail,SR03,Laptop,Laptop Axio 14,1,0.0,Completed,8500000.0,8500000.0,7549200.0
ORD-103271,2025-09-06,Jawa Barat,Online,C01011,UMKM,SYS-ONLINE,Aksesoris,Power Bank 20000mAh,8,0.3,Completed,320000.0,1792000.0,1584800.0
ORD-103272,2025-09-06,Jawa Timur,Offline,C01466,Retail,SR09,Laptop,Laptop Axio 14,2,0.0,Cancelled,8500000.0,17000000.0,15149000.0
ORD-103507,2025-10-06,Sumatera,Online,C00803,UMKM,SYS-ONLINE,Peralatan Kantor,Kertas A4 80gsm (rim),1,0.15,Completed,55000.0,46750.0,38200.0
ORD-103508,2025-10-06,Sumatera,Offline,C01037,Retail,SR10,Smartphone,Smartphone Lumo X,1,0.0,Completed,5500000.0,5500000.0,4746900.0
ORD-103509,2025-10-06,Jawa Timur,Offline,C01299,Retail,SR07,Peralatan Kantor,Kursi Ergonomis E1,2,5.0,Completed,1900000.0,3610000.0,2573400.0
ORD-103510,2025-10-06,Jawa barat ,Online,C01890,UMKM,SYS-ONLINE,Peralatan Kantor,Kursi Ergonomis E1,11,0.0,Completed,1900000.0,20900000.0,14364900.0
ORD-103511,2025-10-06,Jawa Barat,Online,C00808,UMKM,SYS-ONLINE,Peralatan Kantor,Kertas A4 80gsm (rim),5,0.1,Completed,55000.0,247500.0,188000.0
ORD-103512,2025-10-06,Kalimantan,Offline,C01776,UMKM,SR14,smartphone,Smartphone Lumo X,1,0.05,Completed,5500000.0,5225000.0,4760100.0
ORD-103513,2025-10-06,Sumatra,Online,C00467,Retail,SYS-ONLINE,Peralatan Kantor,Kursi Ergonomis E1,3,0.0,Completed,1900000.0,5700000.0,3863400.0
ORD-103514,2025-10-06,Jawa Barat,Online,C01336,UMKM,SYS-ONLINE,Laptop,Laptop Veno 13,3,0.0,Completed,6200000.0,18600000.0,16507500.0
ORD-103515,2025-10-06,Jawa Timur,Online,C00640,Retail,SYS-ONLINE,Aksesoris,Headset USB H3,4,0.1,Completed,350000.0,1260000.0,841600.0
ORD-103516,2025-10-06,Jawa Barat,Offline,C02235,Retail,SR05,Smartphone,Smartphone Lumo X,1,0.0,Completed,5500000.0,5500000.0,4807400.0
ORD-103793,2025-11-06,Jakarta,Online,C01340,UMKM,SYS-ONLINE,Peralatan Kantor,Kertas A4 80gsm (rim),13,0.1,Completed,55000.0,643500.0,497900.0
ORD-103794,2025-11-06,Sumatera,Offline,C00776,UMKM,SR11,Laptop,Laptop Axio Pro 15,3,0.0,Completed,13000000.0,39000000.0,34739400.0
ORD-103795,2025-11-06,jakarta,Offline,C02146,UMKM,SR01,Laptop,Laptop Veno 13,1,0.0,Completed,6200000.0,6200000.0,5587700.0
ORD-103796,2025-11-06,Sumatra,Offline,C00060,Retail,SR12,Printer & Tinta,Printer InkJet P200,1,0.0,Completed,2100000.0,2100000.0,1675500.0
ORD-103797,2025-11-06,Jawa Barat,Offline,C00272,Retail,SR06,Aksesoris,Keyboard Mekanik K7,4,0.05,Completed,650000.0,2470000.0,1577600.0
ORD-103798,2025-11-06,Sumatera,Online,C02294,Retail,SYS-ONLINE,Aksesoris,Mouse Wireless M20,4,0.2,Completed,180000.0,576000.0,420400.0
ORD-103799,2025-11-06,,Online,C00824,Retail,SYS-ONLINE,Smartphone,Smartphone Lumo A5,2,0.3,Completed,2800000.0,3920000.0,4826800.0
ORD-103800,2025-11-06,Jawa Barat,Online,K0032,Korporat,SYS-ONLINE,Peralatan Kantor,Kursi Ergonomis E1,43,0.0,Completed,1900000.0,81700000.0,55229200.0
ORD-103801,2025-11-06,Kalimantan,Offline,C02256,Retail,SR14,Printer & Tinta,Printer InkJet P200,2,0.0,Completed,2100000.0,4200000.0,3437600.0
ORD-103802,2025-11-06,Sumatra,Offline,C01336,Retail,SR12,Aksesori,Keyboard Mekanik K7,2,0.1,Completed,650000.0,1170000.0,806400.0
ORD-103803,2025-11-06,Jakarta,Online,K0036,Korporat,SYS-ONLINE,Printer & Tinta,Tinta Botol Set CMYK,273,0.12,Completed,280000.0,67267200.0,45017700.0
ORD-103804,2025-11-06,Jawa Timur,Offline,C00953,Retail,SR09,Laptop,Laptop Veno 13,1,0.05,Completed,6200000.0,5890000.0,5508200.0
ORD-103805,2025-11-06,Jakarta,Offline,C00707,Retail,SR03,Peralatan Kantor,Kertas A4 80gsm (rim),2,0.05,Completed,55000.0,104500.0,76400.0
ORD-103806,2025-11-06,Jawa Barat,Offline,C01124,UMKM,SR04,Laptop,Laptop Axio Pro 15,3,0.0,Completed,13000000.0,39000000.0,35467500.0
ORD-103807,2025-11-06,Jawa Barat,Offline,C01442,Retail,SR05,Networking,Router WiFi 6 R600,2,0.0,Completed,1200000.0,2400000.0,
ORD-103808,2025-11-06,kalimantan,Online,C01942,UMKM,SYS-ONLINE,Printer & Tinta,Tinta Botol Set CMYK,5,0.05,Completed,280000.0,1330000.0,836000.0
ORD-103809,2025-11-06,Kalimantan,Online,C00271,Retail,SYS-ONLINE,Printer & Tinta,Printer InkJet P200,1,0.2,Completed,2100000.0,1680000.0,1708800.0
ORD-103810,2025-11-06,Jakarta,Online,C01245,UMKM,SYS-ONLINE,Aksesoris,Keyboard Mekanik K7,14,0.1,Completed,650000.0,8190000.0,5625200.0
ORD-103811,2025-11-06,Jawa Barat,Offline,C02184,Retail,SR04,Printer & Tinta,Printer InkJet P200,2,0.0,Cancelled,2100000.0,4200000.0,3442600.0
ORD-104124,2025-12-06,Jakarta,Offline,C01007,Retail,SR03,Networking,Router WiFi 6 R600,4,0.0,Completed,1200000.0,4800000.0,
ORD-104125,2025-12-06,Sulawesi,Offline,K0139,Korporat,SR17,Peralatan Kantor,Kertas A4 80gsm (rim),24,0.05,Completed,55000.0,1254000.0,902400.0
ORD-104126,2025-12-06,Sumatera,Offline,C00969,UMKM,SR11,Aksesoris,Mouse Wireless M20,8,0.0,Completed,180000.0,1440000.0,832800.0
ORD-104127,2025-12-06,Jawa Timur,Online,C01710,UMKM,SYS-ONLINE,Aksesoris,Power Bank 20000mAh,8,0.0,Completed,320000.0,2560000.0,1608000.0
ORD-104128,2025-12-06,Sulawesi,Online,C01275,UMKM,SYS-ONLINE,Aksesoris,Mouse Wireless M20,1,0.05,Completed,180000.0,171000.0,106500.0
ORD-104129,2025-12-06,Sulawesi,Online,C00060,Retail,SYS-ONLINE,Smartphone,Smartphone Lumo A5,1,0.25,Completed,2800000.0,2100000.0,2450400.0
ORD-104130,2025-12-06,Sumatera,Offline,C01493,UMKM,SR10,Peralatan Kantor,Kursi Ergonomis E1,1,0.0,Completed,1900000.0,1900000.0,1296200.0
ORD-104131,2025-12-06,Jawa Barat,Offline,C00612,Retail,SR05,Laptop,Laptop Axio Pro 15,2,0.1,Completed,13000000.0,23400000.0,23559800.0
ORD-104132,2025-12-06,Jakarta,Offline,C01973,Retail,SR01,Aksesoris,Headset USB H3,3,0.1,Completed,350000.0,945000.0,628800.0
ORD-104133,2025-12-06,Sumatera,Online,C00624,Retail,SYS-ONLINE,Laptop,Laptop Axio 14,2,0.1,Completed,8500000.0,15300000.0,15268800.0
ORD-104134,2025-12-06,Sumatera,Online,C00895,Retail,SYS-ONLINE,Smartphone,Smartphone Lumo A5,2,0.1,Completed,2800000.0,5040000.0,4808600.0
ORD-104135,2025-12-06,Jawa Timur,Online,C00509,Retail,SYS-ONLINE,Peralatan Kantor,Kertas A4 80gsm (rim),3,0.1,Completed,55000.0,148500.0,114000.0
ORD-102524,2025-06-13,Jakarta,Online,C02009,Retail,SYS-ONLINE,Laptop,Laptop Axio Pro 15,1,0.05,Completed,13000000.0,12350000.0,11783600.0
ORD-102525,2025-06-13,Jakarta,Offline,C00595,Retail,SR03,Smartphone,Smartphone Lumo X,1,0.05,Completed,5500000.0,5225000.0,4729700.0
ORD-102526,2025-06-13,Jawa Timur,Offline,C01730,UMKM,SR07,Networking,Router WiFi 6 R600,3,0.0,Completed,1200000.0,3600000.0,
ORD-102527,2025-06-13,Jakarta,Offline,C01590,Retail,SR03,Peralatan Kantor,Kertas A4 80gsm (rim),1,0.0,Completed,55000.0,55000.0,38300.0
ORD-102528,2025-06-14,Sumatera,Offline,C00040,Retail,SR12,Networking,Router WiFi 6 R600,1,0.05,Completed,1200000.0,1140000.0,
ORD-102529,2025-06-14,Jakarta,Online,K0131,Korporat,SYS-ONLINE,Laptop,Laptop Axio Pro 15,10,0.1,Completed,13000000.0,117000000.0,114901000.0
ORD-102530,2025-06-14,Jakarta,Online,C01168,Retail,SYS-ONLINE,Smartphone,Smartphone Lumo A5,2,0.0,Completed,2800000.0,5600000.0,4899000.0
ORD-102531,2025-06-14,Kalimantan,Online,C02185,UMKM,SYS-ONLINE,Printer & Tinta,Tinta Botol Set CMYK,2,0.0,Completed,280000.0,560000.0,326400.0
ORD-102532,2025-06-14,Jakarta,Offline,K0056,Korporat,SR02,Networking,Router WiFi 6 R600,38,0.0,Completed,1200000.0,45600000.0,
ORD-102533,2025-06-14,Jawa Timur,Offline,C02118,Retail,SR08,Aksesoris,Headset USB H3,5,0.1,Completed,350000.0,1575000.0,1048500.0
ORD-102534,2025-06-14,Sulawesi,Offline,C00116,UMKM,SR17,Aksesoris,Power Bank 20000mAh,9,0.05,Completed,320000.0,2736000.0,1812600.0
ORD-102535,2025-06-14,Jakarta,Offline,C00040,UMKM,SR03,Laptop,Laptop Axio 14,4,0.05,Completed,8500000.0,32300000.0,30283200.0
ORD-102536,2025-06-14,Sumatra,Offline,C00971,Retail,SR11,Printer & Tinta,Printer InkJet P200,2,5.0,Completed,2100000.0,3990000.0,3444200.0
ORD-102537,2025-06-14,Sulawesi,Online,C01093,UMKM,SYS-ONLINE,Printer & Tinta,Tinta Botol Set CMYK,3,0.05,Completed,280000.0,798000.0,489900.0
ORD-102538,2025-06-14,Jawa Barat,Online,C01894,UMKM,SYS-ONLINE,Smartphone,Smartphone Lumo X,1,0.0,Completed,5500000.0,5500000.0,4819700.0
ORD-102539,2025-06-14,Jawa Barat,Offline,C00060,Retail,SR05,Printer & Tinta,Tinta Botol Set CMYK,1,0.1,Completed,280000.0,252000.0,164100.0
RET-102458,2025-06-14,Jawa Timur,Offline,K0171,Korporat,SR09,Peralatan Kantor,Kertas A4 80gsm (rim),-219,0.1,Returned,55000.0,-10840500.0,-8190600.0
ORD-102540,2025-06-15,Jawa Timur,Online,C01412,UMKM,SYS-ONLINE,Aksesoris,Power Bank 20000mAh,6,0.05,Completed,320000.0,1824000.0,1211400.0
ORD-102541,2025-06-15,Jakarta,Online,C00615,UMKM,SYS-ONLINE,Aksesoris,Mouse Wireless M20,13,0.1,Completed,180000.0,2106000.0,1345500.0
ORD-102542,2025-06-15,Jawa Barat,Offline,C00187,Retail,SR04,Aksesoris,Headset USB H3,2,0.0,Completed,350000.0,700000.0,415600.0
ORD-102543,2025-06-15,Jakarta,Offline,C01034,Retail,SR02,Aksesoris,Keyboard Mekanik K7,2,0.0,Completed,650000.0,1300000.0,792600.0
ORD-102544,2025-06-15,Sumatera,Online,C02356,UMKM,SYS-ONLINE,Smartphone,Smartphone Lumo X,2,0.1,Completed,5500000.0,9900000.0,9515600.0
ORD-102545,2025-06-15,Kalimantan,Offline,C00956,Retail,SR13,Aksesoris,Mouse Wireless M20,4,0.0,Completed,180000.0,720000.0,418400.0
ORD-102545,2025-06-15,Kalimantan,Offline,C00956,Retail,SR13,Aksesoris,Mouse Wireless M20,4,0.0,Completed,180000.0,720000.0,418400.0
ORD-102546,2025-06-15,Sumatera,Offline,K0091,Korporat,SR10,Laptop,Laptop Veno 13,7,0.0,Completed,6200000.0,43400000.0,39185300.0
ORD-102547,2025-06-16,Jawa Timur,Offline,K0111,Korporat,SR09,Networking,Switch 8 Port S8,29,0.0,Completed,450000.0,13050000.0,8827600.0
ORD-102548,2025-06-16,Sumatera,Offline,C00870,UMKM,SR12,Aksesoris,Keyboard Mekanik K7,11,0.05,Completed,650000.0,6792500.0,4381300.0
ORD-102549,2025-06-16,Jakarta,Offline,C01854,UMKM,SR03,Smartphone,Smartphone Lumo A5,2,0.05,Completed,2800000.0,5320000.0,4789600.0
ORD-102550,2025-06-16,Jawa Timur,Offline,C00984,Retail,SR07,Printer & Tinta,Tinta Botol Set CMYK,2,5.0,Completed,280000.0,532000.0,326200.0
ORD-102551,2025-06-16,Kalimantan,Offline,C01967,UMKM,SR13,Networking,Switch 8 Port S8,8,0.0,Completed,450000.0,3600000.0,
ORD-102552,2025-06-16,Jawa Barat,Online,C01571,UMKM,SYS-ONLINE,Laptop,Laptop Axio Pro 15,3,0.1,Completed,13000000.0,35100000.0,34697400.0
ORD-102553,2025-06-16,Kalimantan,Offline,K0038,Korporat,SR13,Aksesoris,Headset USB H3,12,0.05,Completed,350000.0,3990000.0,2508000.0
ORD-102554,2025-06-17,Jawa Barat,Online,C01428,Retail,SYS-ONLINE,Printer & Tinta,Printer InkJet P200,1,0.0,Completed,2100000.0,2100000.0,1707200.0
ORD-102555,2025-06-17,Jakarta,Offline,C00402,UMKM,SR01,Aksesoris,Power Bank 20000mAh,7,0.0,Completed,320000.0,2240000.0,1404900.0
ORD-102556,2025-06-17,Jakarta,Online,C00277,Retail,SYS-ONLINE,Smartphone,Smartphone Lumo X,1,0.0,Completed,5500000.0,5500000.0,4745400.0
ORD-102557,2025-06-17,Jakarta,Offline,C00304,Retail,SR03,Aksesoris,Mouse Wireless M20,5,0.0,Completed,180000.0,900000.0,530000.0
ORD-102558,2025-06-17,Jawa Barat,Offline,C00218,Retail,SR05,Peralatan Kantor,Kursi Ergonomis E1,2,0.0,Completed,1900000.0,3800000.0,2604600.0
ORD-102559,2025-06-17,,Online,C01369,UMKM,SYS-ONLINE,Aksesoris,Headset USB H3,12,0.0,Cancelled,350000.0,4200000.0,2539200.0
ORD-102560,2025-06-17,Sulawesi,Online,C02119,Retail,SYS-ONLINE,Smartphone,Smartphone Lumo A5,2,0.05,Completed,2800000.0,5320000.0,4832000.0
ORD-106973,2025-06-17,Jakarta,Offline,C00304,Retail,SR03,Aksesoris,Mouse Wireless M20,5,0.0,Completed,180000.0,900000.0,528000.0
ORD-102561,2025-06-18,Jawa Timur,Offline,C00411,UMKM,SR07,Laptop,Laptop Axio Pro 15,1,0.0,Completed,13000000.0,13000000.0,11526600.0
ORD-102562,2025-06-18,Jakarta,Offline,C00755,UMKM,SR03,Networking,Switch 8 Port S8,11,0.1,Completed,450000.0,4455000.0,
ORD-102563,2025-06-18,Jawa Timur,Offline,C02399,Retail,SR07,Aksesoris,Keyboard Mekanik K7,1,5.0,Completed,650000.0,617500.0,401800.0
ORD-102564,2025-06-18,Jawa Barat,Online,C00308,Retail,SYS-ONLINE,laptop,Laptop Axio 14,2,0.0,Completed,8500000.0,17000000.0,15296400.0
ORD-102565,2025-06-18,Jakarta,Offline,C01345,Retail,SR03,Aksesoris,Keyboard Mekanik K7,5,0.1,Completed,650000.0,2925000.0,2016500.0
ORD-102566,2025-06-18,Jakarta,Offline,C00541,UMKM,SR03,Peralatan Kantor,Kertas A4 80gsm (rim),5,0.0,Completed,55000.0,275000.0,192000.0
ORD-102567,2025-06-18,Jawa Timur,Online,C00507,UMKM,SYS-ONLINE,Smartphone,Smartphone Lumo A5,1,0.05,Cancelled,2800000.0,2660000.0,2461700.0
ORD-102568,2025-06-18,Jawa Timur,Offline,C02197,Retail,SR09,Peralatan Kantor,Kertas A4 80gsm (rim),2,0.05,Completed,55000.0,104500.0,75200.0
ORD-102569,2025-06-18,,Online,C00535,UMKM,SYS-ONLINE,Aksesoris,Keyboard Mekanik K7,5,0.05,Completed,650000.0,3087500.0,1995000.0
ORD-102570,2025-06-18,Jabar,Online,C01408,Retail,SYS-ONLINE,Smartphone,Smartphone Lumo A5,2,0.05,Completed,2800000.0,5320000.0,4870600.0
ORD-102571,2025-06-18,,Online,C00528,Retail,SYS-ONLINE,Smartphone,Smartphone Lumo X,1,0.05,Completed,5500000.0,5225000.0,4842800.0
ORD-102572,2025-06-18,Jakarta,Offline,K0083,Korporat,SR01,Peralatan Kantor,Kursi Ergonomis E1,31,0.05,Completed,1900000.0,55955000.0,40355800.0
ORD-102573,2025-06-19,Kalimantan,Online,K0141,Korporat,SYS-ONLINE,Networking,Switch 8 Port S8,47,0.05,Completed,450000.0,20092500.0,13991900.0
ORD-102574,2025-06-19,Jawa Barat,Offline,C01011,Retail,SR05,Aksesoris,Power Bank 20000mAh,1,0.05,Completed,320000.0,304000.0,199800.0
ORD-102575,2025-06-19,Jakarta,Offline,C01416,UMKM,SR03,Smartphone,Smartphone Lumo A5,3,0.05,Completed,2800000.0,7980000.0,7277700.0
ORD-102576,2025-06-20,Jawa Timur,Offline,K0057,Korporat,SR07,Laptop,Laptop Veno 13,9,0.0,Completed,6200000.0,55800000.0,49788900.0
ORD-102577,2025-06-20,Jakarta,Offline,C02091,Retail,SR03,Networking,Router WiFi 6 R600,1,0.0,Completed,1200000.0,1200000.0,852900.0
ORD-102578,2025-06-20,Sulawesi,Offline,K0058,Korporat,SR16,Aksesoris,Headset USB H3,11,0.0,Completed,350000.0,3850000.0,2322100.0
ORD-102579,2025-06-20,Jakarta,Offline,C01442,Retail,SR01,Smartphone,Smartphone Lumo A5,2,0.05,Completed,2800000.0,5320000.0,4816200.0
ORD-102580,2025-06-20,Jakarta,Offline,C02122,UMKM,SR01,Peralatan Kantor,Kursi Ergonomis E1,7,0.0,Completed,1900000.0,13300000.0,9039800.0
ORD-102581,2025-06-20,kalimantan,Offline,C01160,Retail,SR14,Aksesoris,Mouse Wireless M20,4,0.1,Completed,180000.0,648000.0,420400.0
ORD-102582,2025-06-20,Jawa Barat,Offline,C01202,UMKM,SR06,Networking,Switch 8 Port S8,10,0.0,Completed,450000.0,4500000.0,
ORD-102583,2025-06-20,Jawa Timur,Offline,C01705,UMKM,SR08,Aksesoris,Headset USB H3,14,0.1,Completed,350000.0,4410000.0,2965200.0
ORD-102584,2025-06-20,Jawa Barat,Offline,C02254,Retail,SR06,Peralatan Kantor,Kertas A4 80gsm (rim),2,0.05,Completed,55000.0,104500.0,77000.0
ORD-102585,2025-06-20,Jakarta,Offline,C00662,Retail,SR01,Printer & Tinta,Printer InkJet P200,1,0.1,Completed,2100000.0,1890000.0,1685100.0
ORD-102586,2025-06-21,Sumatera,Offline,C02243,Retail,SR12,Printer & Tinta,Printer InkJet P200,2,0.1,Completed,2100000.0,3780000.0,3382000.0
ORD-102587,2025-06-21,Jakarta,Online,C00584,UMKM,SYS-ONLINE,Laptop,Laptop Axio 14,3,0.1,Completed,8500000.0,22950000.0,22486500.0
ORD-102588,2025-06-21,Sumatera,Online,C00024,Retail,SYS-ONLINE,Aksesoris,Power Bank 20000mAh,2,0.0,Completed,320000.0,640000.0,400800.0
ORD-102589,2025-06-21,Jakarta,Offline,C02262,Retail,SR02,Laptop,Laptop Axio Pro 15,1,0.1,Completed,13000000.0,11700000.0,11524000.0
ORD-102590,2025-06-21,kalimantan,Offline,C02311,UMKM,SR15,Peralatan Kantor,Kertas A4 80gsm (rim),11,0.0,Completed,55000.0,605000.0,415800.0
ORD-102591,2025-06-21,Jawa Barat,ONLINE,C00552,UMKM,SYS-ONLINE,Peralatan Kantor,Kursi Ergonomis E1,7,0.0,Completed,1900000.0,13300000.0,9018100.0
ORD-102592,2025-06-21,Jawa barat ,Offline,C00801,Retail,SR05,Networking,Switch 8 Port S8,1,0.05,Completed,450000.0,427500.0,304400.0
ORD-102593,2025-06-21,Jawa barat ,Offline,C00022,UMKM,SR05,Printer & Tinta,Printer InkJet P200,3,0.0,Completed,2100000.0,6300000.0,5067300.0
ORD-102594,2025-06-21,Jatim,Offline,C00191,Retail,SR07,Aksesoris,Power Bank 20000mAh,1,0.0,Completed,320000.0,320000.0,200700.0
RET-102558,2025-06-21,Jawa Barat,Offline,C00218,Retail,SR05,Peralatan Kantor,Kursi Ergonomis E1,-2,0.0,Returned,1900000.0,-3800000.0,-2604600.0
ORD-102595,2025-06-22,Kalimantan,Offline,C01810,Retail,SR13,Laptop,Laptop Veno 13,2,0.0,Completed,6200000.0,12400000.0,11170000.0
ORD-102596,2025-06-22,Kalimantan,Offline,C00384,Retail,SR15,Networking,Router WiFi 6 R600,4,5.0,Completed,1200000.0,4560000.0,
ORD-102597,2025-06-22,Kalimantan,Online,C01362,Retail,SYS-ONLINE,Aksesori,Mouse Wireless M20,2,0.05,Completed,180000.0,342000.0,208000.0
ORD-102598,2025-06-22,Jakarta,Online,K0088,Korporat,SYS-ONLINE,Laptop,Laptop Axio Pro 15,9,0.0,Completed,13000000.0,117000000.0,105532200.0
ORD-102599,2025-06-22,Jawa Barat,Online,K0090,Korporat,SYS-ONLINE,Aksesoris,Keyboard Mekanik K7,41,0.05,Completed,650000.0,25317500.0,16297500.0
ORD-102600,2025-06-22,Jakarta,Offline,C00998,Retail,SR01,Laptop,Laptop Axio Pro 15,2,0.1,Completed,13000000.0,23400000.0,23613200.0
ORD-102601,2025-06-22,Jawa Barat,Offline,K0161,Korporat,SR05,Aksesoris,Headset USB H3,24,0.0,Completed,350000.0,8400000.0,4977600.0
ORD-102602,2025-06-22,Jakarta,Offline,C02181,UMKM,SR03,Networking,Switch 8 Port S8,12,0.0,Completed,450000.0,5400000.0,
ORD-102603,2025-06-23,Sulawesi,Online,C00838,UMKM,SYS-ONLINE,Aksesoris,Mouse Wireless M20,4,0.0,Completed,180000.0,720000.0,422000.0
ORD-102604,2025-06-23,Sumatera,Offline,C00730,Retail,SR12,ATK,Kertas A4 80gsm (rim),2,0.0,Completed,55000.0,110000.0,76400.0
ORD-102605,2025-06-23,Jawa Timur,Offline,C00915,Retail,SR08,Smartphone,Smartphone Lumo A5,2,0.05,Completed,2800000.0,5320000.0,4804600.0
ORD-102606,2025-06-23,Kalimantan,Online,C00078,Retail,SYS-ONLINE,Smartphone,Smartphone Lumo A5,1,0.0,Completed,2800000.0,2800000.0,2443600.0
ORD-102607,2025-06-23,Sumatera,Online,C01674,UMKM,SYS-ONLINE,Networking,Switch 8 Port S8,8,0.05,Completed,450000.0,3420000.0,
ORD-102608,2025-06-23,Jakarta,Offline,C02134,UMKM,SR03,Smartphone,Smartphone Lumo X,3,0.0,Completed,5500000.0,16500000.0,14227500.0
ORD-102609,2025-06-23,Sumatera,Offline,C01326,UMKM,SR11,Peralatan Kantor,Kursi Ergonomis E1,3,10.0,Completed,1900000.0,5130000.0,3953700.0
ORD-102610,2025-06-23,Jakarta,Offline,C00400,Retail,SR02,Peralatan Kantor,Kursi Ergonomis E1,5,0.0,Completed,1900000.0,9500000.0,6577000.0
ORD-102611,2025-06-23,Jakarta,Offline,C01863,Retail,SR02,Peralatan Kantor,Kursi Ergonomis E1,4,0.0,Completed,1900000.0,7600000.0,5217600.0
ORD-102612,2025-06-24,Sumatera,Offline,C01547,Retail,SR12,Laptop,Laptop Veno 13,2,0.05,Completed,6200000.0,11780000.0,11121200.0
ORD-102613,2025-06-24,Kalimantan,Offline,C01830,Retail,SR13,Printer & Tinta,Tinta Botol Set CMYK,2,0.0,Completed,280000.0,560000.0,326600.0
ORD-102614,2025-06-24,Sumatera,Offline,K0144,Korporat,SR11,networking,Router WiFi 6 R600,38,5.0,Completed,1200000.0,43320000.0,32668600.0
ORD-102615,2025-06-24,Jatim,Offline,C02361,Retail,SR07,Peralatan Kantor,Kertas A4 80gsm (rim),1,5.0,Completed,55000.0,52250.0,
ORD-102616,2025-06-24,Jawa Barat,Offline,C01898,Retail,SR06,Aksesoris,Headset USB H3,3,0.0,Completed,350000.0,1050000.0,636000.0
ORD-102617,2025-06-24,Jawa Barat,Offline,C01315,Retail,SR05,Peralatan Kantor,Kertas A4 80gsm (rim),3,0.05,Completed,55000.0,156750.0,115200.0
ORD-102618,2025-06-24,Sumatera,Offline,C01284,Retail,SR12,Peralatan Kantor,Kursi Ergonomis E1,5,0.05,Completed,1900000.0,9025000.0,6462000.0
ORD-102619,2025-06-24,Jakarta,Offline,C00922,UMKM,SR01,Laptop,Laptop Veno 13,1,0.1,Completed,6200000.0,5580000.0,5555600.0
ORD-102620,2025-06-24,Jabar,Offline,C00291,Retail,SR06,Peralatan Kantor,Kertas A4 80gsm (rim),2,0.05,Completed,55000.0,104500.0,76000.0
ORD-102621,2025-06-24,Jawa Timur,online,K0047,Korporat,SYS-ONLINE,Printer & Tinta,Printer InkJet P200,7,0.1,Completed,2100000.0,13230000.0,12047700.0
ORD-102622,2025-06-24,jawa timur,Offline,C00594,UMKM,SR08,Smartphone,Smartphone Lumo X,3,0.05,Completed,5500000.0,15675000.0,14374500.0
ORD-102623,2025-06-24,kalimantan,Offline,C01839,Retail,SR14,Laptop,Laptop Axio 14,1,0.0,Completed,8500000.0,8500000.0,7682000.0
ORD-102624,2025-06-25,Jawa Timur,Offline,C01602,UMKM,SR08,Aksesori,Mouse Wireless M20,11,0.0,Completed,180000.0,1980000.0,1167100.0
ORD-102625,2025-06-25,Sulawesi,Offline,C01961,Retail,SR16,Peralatan Kantor,Kertas A4 80gsm (rim),4,0.05,Completed,55000.0,209000.0,154000.0
ORD-102626,2025-06-25,Jawa Timur,Offline,C01377,Retail,SR08,Printer & Tinta,Printer InkJet P200,2,0.0,Completed,2100000.0,4200000.0,3379200.0
ORD-102627,2025-06-25,SULAWESI,Online,C02364,UMKM,SYS-ONLINE,Peralatan Kantor,Kursi Ergonomis E1,13,0.05,Completed,1900000.0,23465000.0,
ORD-102628,2025-06-25,Sumatera,Offline,C01120,Retail,SR10,Networking,Switch 8 Port S8,4,0.1,Completed,450000.0,1620000.0,
ORD-102629,2025-06-25,kalimantan,Online,C02360,Retail,SYS-ONLINE,Aksesoris,Headset USB H3,4,0.15,Completed,350000.0,1190000.0,828800.0
ORD-102630,2025-06-25,,Online,C00044,UMKM,SYS-ONLINE,Aksesoris,Headset USB H3,13,0.1,Completed,350000.0,4095000.0,2713100.0
ORD-102631,2025-06-25,Kalimantan,Offline,K0126,Korporat,SR14,Aksesoris,Headset USB H3,24,0.0,Completed,350000.0,8400000.0,5025600.0
ORD-102632,2025-06-25,Jawa Timur,Offline,C00286,Retail,SR08,Smartphone,Smartphone Lumo X,1,0.0,Completed,5500000.0,5500000.0,4828400.0
ORD-102633,2025-06-26,Jatim,Offline,C00163,Retail,SR09,Printer & Tinta,Tinta Botol Set CMYK,2,0.0,Completed,280000.0,560000.0,330800.0
ORD-102634,2025-06-26,Sulawesi,Online,C01405,Retail,SYS-ONLINE,Laptop,Laptop Axio 14,1,0.1,Completed,8500000.0,7650000.0,7608600.0
ORD-102635,2025-06-26,Jawa Timur,Offline,K0127,Korporat,SR09,Aksesoris,Keyboard Mekanik K7,36,0.0,Completed,650000.0,23400000.0,14407200.0
ORD-102636,2025-06-26,Sulawesi,Offline,C00549,Retail,SR16,Networking,Switch 8 Port S8,1,0.05,Completed,450000.0,427500.0,297100.0
ORD-102637,2025-06-26,Sulawesi,Online,C01306,Retail,SYS-ONLINE,Smartphone,Smartphone Lumo X,2,0.05,Completed,5500000.0,10450000.0,9727000.0
ORD-102638,2025-06-26,Jawa Barat,Offline,C00193,UMKM,SR06,Aksesoris,Keyboard Mekanik K7,9,0.0,Completed,650000.0,5850000.0,3636900.0
ORD-102639,2025-06-26,Jakarta,Online,C01969,UMKM,SYS-ONLINE,Aksesoris,Mouse Wireless M20,12,0.1,Completed,180000.0,1944000.0,1258800.0
ORD-102640,2025-06-26,Kalimantan,Online,C01992,UMKM,SYS-ONLINE,Networking,Switch 8 Port S8,9,0.0,Completed,450000.0,4050000.0,2698200.0
ORD-102641,2025-06-27,Jawa Timur,Offline,C00958,Retail,SR08,Aksesoris,Mouse Wireless M20,2,0.0,Completed,180000.0,360000.0,207600.0
ORD-102642,2025-06-27,Jawa Barat,Online,C01746,UMKM,SYS-ONLINE,Laptop,Laptop Axio 14,1,0.1,Completed,8500000.0,7650000.0,7611600.0
ORD-102643,2025-06-27,Sulawesi,Offline,C00910,Retail,SR17,Aksesoris,Power Bank 20000mAh,5,0.05,Completed,320000.0,1520000.0,998000.0
ORD-102644,2025-06-27,Jawa Barat,Offline,K0098,Korporat,SR05,Laptop,Laptop Axio Pro 15,5,0.0,Completed,13000000.0,65000000.0,59068500.0
ORD-102645,2025-06-27,Jakarta,Offline,C01392,Retail,SR03,Laptop,Laptop Axio Pro 15,2,0.0,Completed,13000000.0,26000000.0,23062600.0
ORD-102646,2025-06-27,Jawa Barat,Offline,C00348,Retail,SR04,LAPTOP,Laptop Veno 13,2,0.0,Completed,6200000.0,12400000.0,10967600.0
ORD-102647,2025-06-27,Jawa Barat,Online,C00396,UMKM,SYS-ONLINE,Peralatan Kantor,Kursi Ergonomis E1,6,0.05,Completed,1900000.0,10830000.0,7845600.0
ORD-102648,2025-06-27,Jawa Timur,Online,C00838,Retail,SYS-ONLINE,Printer & Tinta,Tinta Botol Set CMYK,1,0.1,Completed,280000.0,252000.0,164400.0
ORD-102649,2025-06-27,Jawa Timur,Online,C00258,Retail,SYS-ONLINE,Laptop,Laptop Axio Pro 15,2,0.1,Completed,13000000.0,23400000.0,23348400.0
ORD-102650,2025-06-28,Kalimantan,Offline,C01188,Retail,SR15,Peralatan Kantor,Kursi Ergonomis E1,3,0.0,Completed,1900000.0,5700000.0,3865500.0
ORD-102651,2025-06-28,Jakarta,Offline,C00820,Retail,SR01,Smartphone,Smartphone Lumo X,2,0.0,Completed,5500000.0,11000000.0,9585400.0
ORD-102652,2025-06-28,Jawa Barat,Online,C00308,UMKM,SYS-ONLINE,Laptop,Laptop Veno 13,1,0.05,Completed,6200000.0,5890000.0,5619700.0
ORD-102653,2025-06-28,Jawa Barat,Online,C01671,Retail,SYS-ONLINE,Networking,Switch 8 Port S8,1,0.05,Completed,450000.0,427500.0,299800.0
ORD-102654,2025-06-29,Sumatera,Online,C00415,Retail,SYS-ONLINE,Aksesoris,Mouse Wireless M20,2,0.1,Completed,180000.0,324000.0,208400.0
ORD-102655,2025-06-29,Jakarta,Offline,C01059,Retail,SR03,Aksesoris,Headset USB H3,3,0.0,Completed,350000.0,1050000.0,632100.0
ORD-102656,2025-06-29,Sumatera,Offline,C01272,Retail,SR12,Networking,Router WiFi 6 R600,1,0.05,Completed,1200000.0,1140000.0,
ORD-102657,2025-06-29,Jakarta,Offline,K0027,Korporat,SR02,Peralatan Kantor,Kursi Ergonomis E1,40,0.05,Completed,1900000.0,72200000.0,52636000.0
ORD-102658,2025-06-29,Sumatera,Offline,C00674,UMKM,SR12,Peralatan Kantor,Kursi Ergonomis E1,6,0.1,Completed,1900000.0,10260000.0,7786200.0
ORD-102659,2025-06-30,Jatim,Offline,C00144,UMKM,SR08,Printer & Tinta,Printer InkJet P200,4,0.05,Completed,2100000.0,7980000.0,6775600.0
ORD-102660,2025-06-30,Jakarta,Offline,C02007,Retail,SR03,Peralatan Kantor,Kertas A4 80gsm (rim),5,0.0,Completed,55000.0,275000.0,190000.0
ORD-102661,2025-06-30,Sumatera,Online,C01023,Retail,SYS-ONLINE,smartphone,Smartphone Lumo A5,1,0.0,Completed,2800000.0,2800000.0,2447800.0
ORD-102662,2025-06-30,Kalimantan,Offline,C01024,Retail,SR13,Peralatan Kantor,Kertas A4 80gsm (rim),2,0.05,Completed,55000.0,104500.0,76400.0
ORD-102663,2025-06-30,Jawa Barat,Offline,C01314,Retail,SR04,networking,Switch 8 Port S8,5,0.05,Completed,450000.0,2137500.0,1496500.0
ORD-102664,2025-06-30,Jawa Timur,Online,K0105,Korporat,SYS-ONLINE,Peralatan Kantor,Kursi Ergonomis E1,17,0.15,Completed,1900000.0,27455000.0,21838200.0
ORD-102665,2025-06-30,jawa timur,Offline,C01814,Retail,SR07,Smartphone,Smartphone Lumo X,1,0.0,Completed,5500000.0,5500000.0,4802900.0
ORD-101140,2025-01-07,Sumatera,Offline,C02382,Retail,SR12,Laptop,Laptop Axio 14,2,0.0,Completed,8500000.0,17000000.0,15028000.0
ORD-101141,2025-01-07,Jawa Timur,Offline,C01406,Retail,SR08,Smartphone,Smartphone Lumo X,1,0.0,Completed,5500000.0,5500000.0,4798800.0
ORD-101142,2025-01-07,JKT ,Offline,C00948,UMKM,SR01,Aksesoris,Power Bank 20000mAh,13,0.0,Cancelled,320000.0,4160000.0,2570100.0
ORD-101143,2025-01-07,Sumatera,Offline,C00870,UMKM,SR10,Networking,Router WiFi 6 R600,12,0.1,Completed,1200000.0,12960000.0,10326000.0
ORD-101144,2025-01-07,Jawa Timur,Offline,C00378,Retail,SR09,Aksesoris,Keyboard Mekanik K7,1,0.05,Completed,650000.0,617500.0,397400.0
ORD-101145,2025-01-07,Jakarta,Online,C01713,UMKM,SYS-ONLINE,Aksesoris,Mouse Wireless M20,13,0.0,Completed,180000.0,2340000.0,1359800.0
ORD-101146,2025-01-07,Sumatra,Online,C00826,Retail,SYS-ONLINE,Smartphone,Smartphone Lumo A5,1,0.0,Completed,2800000.0,2800000.0,2402900.0
ORD-101147,2025-01-07,Jawa Timur,Online,K0168,Korporat,SYS-ONLINE,Smartphone,Smartphone Lumo A5,5,0.1,Completed,2800000.0,12600000.0,12005000.0
ORD-101369,2025-02-07,Jawa Barat,Offline,C00983,Retail,SR06,Laptop,Laptop Axio Pro 15,2,0.1,Completed,13000000.0,23400000.0,23620000.0
ORD-101370,2025-02-07,Jakarta,Online,C01448,UMKM,SYS-ONLINE,Networking,Switch 8 Port S8,8,0.1,Completed,450000.0,3240000.0,2401600.0
ORD-101371,2025-02-07,Jakarta,Online,K0126,Korporat,SYS-ONLINE,Aksesoris,Keyboard Mekanik K7,31,0.05,Completed,650000.0,19142500.0,12452700.0
ORD-101372,2025-02-07,SULAWESI,Offline,C00792,Retail,SR16,Printer & Tinta,Tinta Botol Set CMYK,2,0.05,Completed,280000.0,532000.0,329000.0
ORD-101373,2025-02-07,Jakarta,Online,C02013,UMKM,SYS-ONLINE,Printer & Tinta,Tinta Botol Set CMYK,1,0.1,Completed,280000.0,252000.0,164800.0
ORD-101374,2025-02-07,Sumatera,Offline,C01451,Retail,SR12,Smartphone,Smartphone Lumo A5,1,0.0,Completed,2800000.0,2800000.0,2465600.0
ORD-101375,2025-02-07,Kalimantan,Offline,C00372,Retail,SR15,Peralatan Kantor,Kursi Ergonomis E1,5,5.0,Completed,1900000.0,9025000.0,6547500.0
ORD-101376,2025-02-07,Jakarta,Offline,C02116,Retail,SR02,Smartphone,Smartphone Lumo A5,2,0.05,Completed,2800000.0,5320000.0,4922800.0
ORD-101377,2025-02-07,Jawa Barat,Offline,C00879,UMKM,SR06,Printer & Tinta,Printer InkJet P200,4,0.0,Completed,2100000.0,8400000.0,6700400.0
ORD-101641,2025-03-07,Kalimantan,Online,C00642,Retail,SYS-ONLINE,Peralatan Kantor,Kursi Ergonomis E1,5,0.1,Completed,1900000.0,8550000.0,6529000.0
ORD-101642,2025-03-07,Jawa Barat,Offline,C01555,Retail,SR05,Aksesoris,Keyboard Mekanik K7,3,0.0,Completed,650000.0,1950000.0,1190700.0
ORD-101643,2025-03-07,Jakarta,Offline,C01082,UMKM,SR03,Laptop,Laptop Axio 14,4,0.0,Completed,8500000.0,34000000.0,30288400.0
ORD-101644,2025-03-07,Sumatera,Offline,K0122,Korporat,SR12,Networking,Router WiFi 6 R600,40,0.0,Completed,1200000.0,48000000.0,33620000.0
ORD-101645,2025-03-07,Jakarta,Online,K0141,Korporat,SYS-ONLINE,Smartphone,Smartphone Lumo X,4,0.1,Completed,5500000.0,19800000.0,19215600.0
ORD-101646,2025-03-07,Jawa Barat,Online,C02118,UMKM,SYS-ONLINE,Aksesoris,Headset USB H3,12,0.15,Completed,350000.0,3570000.0,2505600.0
ORD-101647,2025-03-07,kalimantan,Online,C00918,Retail,SYS-ONLINE,Smartphone,Smartphone Lumo A5,2,0.0,Completed,2800000.0,5600000.0,4918800.0
ORD-101648,2025-03-07,Kalimantan,Online,C00410,Retail,SYS-ONLINE,Aksesoris,Headset USB H3,4,0.1,Completed,350000.0,1260000.0,849200.0
ORD-101649,2025-03-07,jawa timur,Offline,C01276,UMKM,SR08,Smartphone,Smartphone Lumo X,2,0.0,Completed,5500000.0,11000000.0,9589600.0
ORD-101650,2025-03-07,Jakarta,Offline,C01665,Retail,SR01,Laptop,Laptop Axio 14,2,0.0,Completed,8500000.0,17000000.0,14985800.0
ORD-101651,2025-03-07,Kalimantan,Offline,K0048,Korporat,SR14,Smartphone,Smartphone Lumo X,8,0.0,Completed,5500000.0,44000000.0,38407200.0
ORD-101652,2025-03-07,Jawa Timur,Offline,C00232,Retail,SR08,Aksesoris,Keyboard Mekanik K7,2,0.1,Completed,650000.0,1170000.0,791800.0
ORD-101653,2025-03-07,Jawa Barat,Offline,C00396,UMKM,SR06,Smartphone,Smartphone Lumo A5,5,0.0,Completed,2800000.0,14000000.0,12297500.0
ORD-101654,2025-03-07,Jawa Timur,Offline,C00973,UMKM,SR08,Aksesoris,Headset USB H3,5,0.0,Completed,350000.0,1750000.0,1061000.0
ORD-101655,2025-03-07,kalimantan,Offline,K0047,Korporat,SR14,Smartphone,Smartphone Lumo A5,5,0.05,Completed,2800000.0,13300000.0,12190000.0
ORD-101656,2025-03-07,Kalimantan,Online,C00697,Retail,SYS-ONLINE,Laptop,Laptop Axio 14,1,0.05,Completed,8500000.0,8075000.0,7599400.0
ORD-101657,2025-03-07,Sulawesi,Offline,C02268,Retail,SR17,Aksesoris,Mouse Wireless M20,2,0.0,Completed,180000.0,360000.0,207600.0
ORD-101658,2025-03-07,Kalimantan,Offline,C01538,Retail,SR13,laptop,Laptop Axio Pro 15,1,0.0,Completed,13000000.0,13000000.0,11712400.0
ORD-101659,2025-03-07,Jawa Barat,Online,C00217,UMKM,SYS-ONLINE,Aksesoris,Power Bank 20000mAh,8,0.05,Completed,320000.0,2432000.0,1607200.0
ORD-101660,2025-03-07,Kalimantan,Offline,K0005,Korporat,SR14,ATK,Kertas A4 80gsm (rim),44,0.0,Completed,55000.0,2420000.0,1689600.0
ORD-101661,2025-03-07,Kalimantan,Offline,C01618,Retail,SR15,Aksesoris,Mouse Wireless M20,1,0.0,Completed,180000.0,180000.0,104600.0
ORD-101984,2025-04-07,Jakarta,Online,C00465,Retail,SYS-ONLINE,Aksesoris,Keyboard Mekanik K7,1,0.05,Completed,650000.0,617500.0,402000.0
ORD-101985,2025-04-07,Jakarta,Offline,C02223,Retail,SR01,Aksesoris,Keyboard Mekanik K7,4,0.0,Completed,650000.0,2600000.0,1587600.0
ORD-101986,2025-04-07,Jakarta,Offline,C01875,UMKM,SR01,Laptop,Laptop Axio 14,3,0.0,Completed,8500000.0,25500000.0,23109300.0
ORD-101987,2025-04-07,Sumatera,Offline,C01092,Retail,SR11,Smartphone,Smartphone Lumo A5,1,0.0,Completed,2800000.0,2800000.0,2434000.0
ORD-101988,2025-04-07,Jakarta,Offline,C01073,Retail,SR02,Printer & Tinta,Printer InkJet P200,2,0.1,Completed,2100000.0,3780000.0,3446400.0
ORD-101989,2025-04-07,Jawa Barat,Offline,C00592,UMKM,SR04,Laptop,Laptop Axio 14,3,0.05,Completed,8500000.0,24225000.0,22650000.0
ORD-101990,2025-04-07,Kalimantan,Offline,C01965,UMKM,SR14,Aksesoris,Mouse Wireless M20,9,0.0,Completed,180000.0,1620000.0,939600.0
ORD-102209,2025-05-07,Jakarta,Offline,C01265,Retail,SR02,Peralatan Kantor,Kursi Ergonomis E1,1,0.0,Completed,1900000.0,1900000.0,1309900.0
ORD-102210,2025-05-07,Sumatera,Offline,C00893,Retail,SR11,Smartphone,Smartphone Lumo X,1,5.0,Completed,5500000.0,5225000.0,4791100.0
ORD-102211,2025-05-07,Kalimantan,Offline,C00169,Retail,SR13,Aksesoris,Power Bank 20000mAh,2,0.0,Completed,320000.0,640000.0,404400.0
ORD-102212,2025-05-07,Jawa Barat,Offline,C00170,Retail,SR06,Aksesoris,Mouse Wireless M20,2,0.05,Completed,180000.0,342000.0,212800.0
ORD-102213,2025-05-07,Jawa Timur,Offline,C01455,UMKM,SR07,Smartphone,Smartphone Lumo X,2,0.0,Completed,5500000.0,11000000.0,9662200.0
ORD-102214,2025-05-07,Jawa Timur,Online,C01428,UMKM,SYS-ONLINE,Printer & Tinta,Tinta Botol Set CMYK,1,0.1,Cancelled,280000.0,252000.0,163700.0
ORD-102215,2025-05-07,Jakarta,Offline,C00709,Retail,SR02,Aksesoris,Headset USB H3,3,0.0,Completed,350000.0,1050000.0,630300.0
ORD-102216,2025-05-07,Jawa Timur,Online,C01870,Retail,SYS-ONLINE,Aksesoris,Power Bank 20000mAh,4,0.15,Completed,320000.0,1088000.0,788000.0
ORD-102217,2025-05-07,Sulawesi,Offline,C02292,UMKM,SR16,Aksesoris,Power Bank 20000mAh,14,0.0,Completed,320000.0,4480000.0,2762200.0
ORD-106983,2025-05-07,Jatim,Online,C01428,UMKM,SYS-ONLINE,Printer & Tinta,Tinta Botol Set CMYK,1,0.1,Cancelled,280000.0,252000.0,166600.0
ORD-102475,2025-06-07,Jawa Barat,Offline,C00503,Retail,SR04,Aksesoris,Power Bank 20000mAh,3,0.0,Completed,320000.0,960000.0,594900.0
ORD-102476,2025-06-07,Jawa Timur,Online,C00888,Retail,SYS-ONLINE,Laptop,Laptop Axio 14,1,0.1,Completed,8500000.0,7650000.0,7521500.0
ORD-102477,2025-06-07,jakarta,Offline,C00264,UMKM,SR02,Laptop,Laptop Axio 14,1,0.0,Completed,8500000.0,8500000.0,7558700.0
ORD-102478,2025-06-07,Jakarta,Online,C02251,Retail,SYS-ONLINE,Laptop,Laptop Axio 14,2,0.1,Completed,8500000.0,15300000.0,15168200.0
ORD-102479,2025-06-07,Jakarta,Online,C01456,UMKM,SYS-ONLINE,Peralatan Kantor,Kursi Ergonomis E1,14,0.15,Completed,1900000.0,22610000.0,18005400.0
ORD-102480,2025-06-07,Jawa Timur,Offline,K0010,Korporat,SR07,Printer & Tinta,Printer InkJet P200,3,0.0,Completed,2100000.0,6300000.0,5170500.0
ORD-102481,2025-06-07,DKI Jakarta,Online,C00755,Retail,SYS-ONLINE,Printer & Tinta,Printer InkJet P200,2,0.0,Completed,2100000.0,4200000.0,3390400.0
ORD-102482,2025-06-07,Jawa Timur,Offline,K0082,Korporat,SR08,Laptop,Laptop Veno 13,3,0.0,Completed,6200000.0,18600000.0,16572600.0
ORD-102483,2025-06-07,Jawa Barat,Offline,C01854,UMKM,SR04,Laptop,Laptop Axio Pro 15,2,0.0,Completed,13000000.0,26000000.0,23220400.0
ORD-102484,2025-06-07,,Online,C02270,UMKM,SYS-ONLINE,Printer & Tinta,Tinta Botol Set CMYK,3,0.15,Completed,280000.0,714000.0,500400.0
ORD-102485,2025-06-07,Jawa Timur,Offline,C00159,Retail,SR08,Aksesoris,Mouse Wireless M20,2,0.1,Completed,180000.0,324000.0,212200.0
ORD-102486,2025-06-07,Jawa Timur,Online,C00860,UMKM,SYS-ONLINE,Networking,Switch 8 Port S8,8,0.1,Completed,450000.0,3240000.0,2385600.0
ORD-102487,2025-06-07,Sumatera,Online,C02252,UMKM,SYS-ONLINE,Peralatan Kantor,Kursi Ergonomis E1,10,0.1,Completed,1900000.0,17100000.0,12938000.0
RET-102357,2025-06-07,Jakarta,E-Commerce,C00568,Retail,SYS-ONLINE,Peralatan Kantor,Kertas A4 80gsm (rim),-2,0.1,Returned,55000.0,-99000.0,-76000.0
RET-102368,2025-06-07,Kalimantan,Online,C02339,UMKM,SYS-ONLINE,Networking,Router WiFi 6 R600,-13,0.0,Returned,1200000.0,-15600000.0,
ORD-102714,2025-07-07,Jawa Timur,Online,C00546,Retail,SYS-ONLINE,laptop,Laptop Axio Pro 15,2,0.05,Completed,13000000.0,24700000.0,23141200.0
ORD-102715,2025-07-07,Sumatera,Offline,C00918,Retail,SR11,Printer & Tinta,Tinta Botol Set CMYK,1,0.0,Completed,280000.0,280000.0,162600.0
ORD-102716,2025-07-07,Jakarta,Online,C00817,UMKM,SYS-ONLINE,Smartphone,Smartphone Lumo A5,3,0.1,Completed,2800000.0,7560000.0,7371000.0
ORD-102717,2025-07-07,Kalimantan,Offline,C02053,UMKM,SR15,Aksesoris,Headset USB H3,10,0.0,Completed,350000.0,3500000.0,2077000.0
ORD-102718,2025-07-07,Sumatera,Offline,K0083,Korporat,SR12,Printer & Tinta,Tinta Botol Set CMYK,10,0.0,Completed,280000.0,2800000.0,1663000.0
ORD-102719,2025-07-07,Sumatera,Offline,C00115,Retail,SR11,Aksesoris,Mouse Wireless M20,2,5.0,Completed,180000.0,342000.0,212000.0
ORD-102720,2025-07-07,Jawa Barat,Offline,C01141,Retail,SR04,Smartphone,Smartphone Lumo A5,2,0.05,Completed,2800000.0,5320000.0,4869200.0
ORD-102721,2025-07-07,Jawa Barat,ONLINE,C00361,Retail,SYS-ONLINE,Printer & Tinta,Tinta Botol Set CMYK,2,0.05,Completed,280000.0,532000.0,331600.0
ORD-102722,2025-07-07,Jawa Timur,Online,C01037,Retail,SYS-ONLINE,Networking,Switch 8 Port S8,5,0.15,Completed,450000.0,1912500.0,
ORD-102723,2025-07-07,Jakarta,Offline,C02119,Retail,SR01,Printer & Tinta,Tinta Botol Set CMYK,1,0.05,Completed,280000.0,266000.0,164900.0
ORD-102724,2025-07-07,Sulawesi,Offline,C01359,Retail,SR18,Peralatan Kantor,Kertas A4 80gsm (rim),5,0.05,Completed,55000.0,261250.0,191500.0
ORD-102725,2025-07-07,Sumatera,Offline,C01176,UMKM,SR10,Networking,Switch 8 Port S8,2,0.05,Completed,450000.0,855000.0,
ORD-103010,2025-08-07,Sulawesi,Offline,C01511,UMKM,SR17,Printer&Tinta,Tinta Botol Set CMYK,5,0.05,Completed,280000.0,1330000.0,825500.0
ORD-103011,2025-08-07,Jawa Barat,Online,C02339,Retail,SYS-ONLINE,Peralatan Kantor,Kursi Ergonomis E1,1,0.0,Completed,1900000.0,1900000.0,1307500.0
ORD-103012,2025-08-07,Sumatera,Online,C01543,Retail,SYS-ONLINE,Aksesori,Headset USB H3,1,0.1,Completed,350000.0,315000.0,210700.0
ORD-103013,2025-08-07,Sulawesi,Online,C00077,UMKM,SYS-ONLINE,Aksesoris,Headset USB H3,5,0.1,Completed,350000.0,1575000.0,1061000.0
ORD-103273,2025-09-07,Jawa Barat,online,C02352,Retail,SYS-ONLINE,Smartphone,Smartphone Lumo A5,1,0.05,Completed,2800000.0,2660000.0,2450200.0
ORD-103274,2025-09-07,Jawa Timur,Offline,C01770,UMKM,SR09,Networking,Switch 8 Port S8,4,0.0,Completed,450000.0,1800000.0,1194000.0
ORD-103275,2025-09-07,jawa timur,Online,C02034,UMKM,SYS-ONLINE,Printer & Tinta,Printer InkJet P200,2,0.1,Completed,2100000.0,3780000.0,3396600.0
ORD-103276,2025-09-07,Jakarta,Offline,K0039,Korporat,SR02,Printer & Tinta,Tinta Botol Set CMYK,8,0.0,Completed,280000.0,2240000.0,1335200.0
ORD-103277,2025-09-07,Sulawesi,Online,C01427,Retail,SYS-ONLINE,Networking,Switch 8 Port S8,2,0.1,Completed,450000.0,810000.0,594600.0
ORD-103278,2025-09-07,Jabar,Offline,C01123,UMKM,SR06,Laptop,Laptop Axio Pro 15,2,0.05,Completed,13000000.0,24700000.0,23146200.0
ORD-103279,2025-09-07,Sumatera,Offline,C01932,Retail,SR11,Smartphone,Smartphone Lumo A5,1,10.0,Completed,2800000.0,2520000.0,2402000.0
ORD-103280,2025-09-07,Jawa Barat,Offline,C02011,Retail,SR04,Smartphone,Smartphone Lumo X,1,0.0,Completed,5500000.0,5500000.0,4854800.0
RET-103245,2025-09-07,Jawa Timur,Offline,C01123,UMKM,SR09,Printer & Tinta,Tinta Botol Set CMYK,-2,0.05,Returned,280000.0,-532000.0,
ORD-103517,2025-10-07,Kalimantan,Offline,C02263,UMKM,SR15,Printer & Tinta,Tinta Botol Set CMYK,4,0.0,Completed,280000.0,1120000.0,661600.0
ORD-103518,2025-10-07,Jakarta,Offline,C02379,Retail,SR01,networking,Switch 8 Port S8,4,0.0,Completed,450000.0,1800000.0,
ORD-103519,2025-10-07,Jakarta,Online,K0024,Korporat,SYS-ONLINE,Networking,Router WiFi 6 R600,48,0.05,Completed,1200000.0,54720000.0,
ORD-103520,2025-10-07,Sumatera,Offline,C02272,UMKM,SR10,Smartphone,Smartphone Lumo X,4,0.0,Completed,5500000.0,22000000.0,19274000.0
ORD-103521,2025-10-07,Jawa Timur,Offline,C00240,UMKM,SR07,Aksesoris,Power Bank 20000mAh,6,5.0,Completed,320000.0,1824000.0,1204200.0
ORD-103522,2025-10-07,Jawa Timur,Offline,C01884,UMKM,SR07,Laptop,Laptop Axio Pro 15,2,0.0,Completed,13000000.0,26000000.0,23171000.0
ORD-103523,2025-10-07,Jakarta,Offline,C02196,Retail,SR03,Printer & Tinta,Tinta Botol Set CMYK,1,0.05,Completed,280000.0,266000.0,165700.0
ORD-103524,2025-10-07,Jakarta,Offline,C01392,UMKM,SR02,Laptop,Laptop Veno 13,4,0.05,Completed,6200000.0,23560000.0,21895200.0
ORD-103525,2025-10-07,Sulawesi,Offline,K0044,Korporat,SR17,Printer&Tinta,Printer InkJet P200,3,0.05,Completed,2100000.0,5985000.0,5053800.0
ORD-103526,2025-10-07,kalimantan,Offline,C00043,Retail,SR13,Networking,Router WiFi 6 R600,1,0.0,Completed,1200000.0,1200000.0,856500.0
ORD-103527,2025-10-07,Jakarta,Online,C00679,Retail,SYS-ONLINE,Aksesoris,Keyboard Mekanik K7,4,0.25,Completed,650000.0,1950000.0,1581200.0
ORD-103528,2025-10-07,Jakarta,Online,C02063,Retail,SYS-ONLINE,Aksesoris,Headset USB H3,1,0.25,Completed,350000.0,262500.0,207500.0
ORD-103529,2025-10-07,Jawa Timur,Offline,C00726,Retail,SR07,Aksesoris,Keyboard Mekanik K7,1,20.0,Completed,650000.0,520000.0,404900.0
ORD-103530,2025-10-07,Jabar,Online,C00097,UMKM,SYS-ONLINE,Smartphone,Smartphone Lumo X,5,0.15,Completed,5500000.0,23375000.0,24255500.0
ORD-103531,2025-10-07,Jawa Barat,Offline,C01537,Retail,SR06,Aksesoris,Power Bank 20000mAh,2,0.05,Completed,320000.0,608000.0,395400.0
ORD-103812,2025-11-07,Jakarta,online,C01095,Retail,SYS-ONLINE,Peralatan Kantor,Kertas A4 80gsm (rim),4,0.0,Completed,55000.0,220000.0,152800.0
ORD-103813,2025-11-07,Sulawesi,Offline,C00041,Retail,SR18,networking,Switch 8 Port S8,5,0.0,Completed,450000.0,2250000.0,1488000.0
ORD-103814,2025-11-07,Jakarta,Offline,C02327,Retail,SR03,Printer & Tinta,Tinta Botol Set CMYK,2,0.0,Completed,280000.0,560000.0,325800.0
ORD-103815,2025-11-07,Sulawesi,Offline,C00945,Retail,SR16,Smartphone,Smartphone Lumo A5,1,0.05,Completed,2800000.0,2660000.0,2438200.0
ORD-103816,2025-11-07,Sumatera,Offline,C02032,Retail,SR12,Aksesoris,Mouse Wireless M20,4,0.0,Completed,180000.0,720000.0,424800.0
ORD-103817,2025-11-07,Jawa Timur,Online,C00092,Retail,SYS-ONLINE,Peralatan Kantor,Kursi Ergonomis E1,1,0.1,Completed,1900000.0,1710000.0,1292000.0
ORD-103818,2025-11-07,Jawa Timur,Online,C01114,UMKM,SYS-ONLINE,laptop,Laptop Axio 14,4,0.2,Completed,8500000.0,27200000.0,30069600.0
ORD-104136,2025-12-07,Jawa Barat,Offline,C01890,UMKM,SR06,Printer & Tinta,Tinta Botol Set CMYK,3,0.05,Cancelled,280000.0,798000.0,500700.0
ORD-104137,2025-12-07,Jawa Timur,Offline,K0048,Korporat,SR08,HP,Smartphone Lumo X,6,0.0,Completed,5500000.0,33000000.0,29021400.0
ORD-104138,2025-12-07,Kalimantan,Online,C00603,Retail,SYS-ONLINE,Laptop,Laptop Axio 14,2,0.0,Completed,8500000.0,17000000.0,15165200.0
ORD-104139,2025-12-07,Sumatera,Offline,K0117,Korporat,SR11,Aksesoris,Keyboard Mekanik K7,36,0.0,Completed,650000.0,23400000.0,14443200.0
ORD-104140,2025-12-07,Jakarta,Offline,C00081,UMKM,SR03,Aksesoris,Power Bank 20000mAh,12,0.0,Completed,320000.0,3840000.0,2430000.0
ORD-104141,2025-12-07,Jakarta,Online,C01124,UMKM,SYS-ONLINE,Printer&Tinta,Tinta Botol Set CMYK,1,0.0,Completed,280000.0,280000.0,165000.0
ORD-104142,2025-12-07,Jawa Timur,Offline,C00860,UMKM,SR07,Networking,Switch 8 Port S8,7,5.0,Completed,450000.0,2992500.0,
ORD-104143,2025-12-07,Jawa Timur,Offline,C02145,UMKM,SR09,Peralatan Kantor,Kertas A4 80gsm (rim),12,0.0,Completed,55000.0,660000.0,453600.0
ORD-102778,2025-07-13,Sulawesi,Offline,C00440,Retail,SR18,Peralatan Kantor,Kertas A4 80gsm (rim),3,0.0,Completed,55000.0,165000.0,114300.0
ORD-102779,2025-07-13,Jawa Barat,Offline,C00889,UMKM,SR06,Aksesoris,Mouse Wireless M20,1,0.0,Completed,180000.0,180000.0,104900.0
ORD-102780,2025-07-13,Jawa Timur,Online,C00294,Retail,SYS-ONLINE,Aksesoris,Mouse Wireless M20,3,0.1,Cancelled,180000.0,486000.0,311700.0
ORD-102781,2025-07-13,Sumatera,Online,C01313,Retail,SYS-ONLINE,Aksesoris,Headset USB H3,5,0.1,Completed,350000.0,1575000.0,1042000.0
ORD-102782,2025-07-14,Sulawesi,Online,C00974,UMKM,SYS-ONLINE,Smartphone,Smartphone Lumo X,1,0.0,Completed,5500000.0,5500000.0,4801300.0
ORD-102783,2025-07-14,Jakarta,Offline,C00103,UMKM,SR01,Printer & Tinta,Tinta Botol Set CMYK,4,0.1,Completed,280000.0,1008000.0,668000.0
ORD-102784,2025-07-14,Jakarta,Offline,C00029,UMKM,SR03,Networking,Router WiFi 6 R600,7,0.0,Completed,1200000.0,8400000.0,5927600.0
ORD-102785,2025-07-14,Sulawesi,Offline,C01963,UMKM,SR17,Aksesori,Mouse Wireless M20,2,0.0,Completed,180000.0,360000.0,208600.0
ORD-102786,2025-07-14,Jakarta,Offline,C02271,Retail,SR03,Peralatan Kantor,Kertas A4 80gsm (rim),4,0.0,Completed,55000.0,220000.0,152000.0
ORD-102787,2025-07-14,Jakarta,Offline,C00466,Retail,SR02,Laptop,Laptop Axio Pro 15,2,0.0,Completed,13000000.0,26000000.0,23338200.0
ORD-102788,2025-07-15,Sumatera,Online,C00039,Retail,SYS-ONLINE,Networking,Switch 8 Port S8,3,0.05,Completed,450000.0,1282500.0,889800.0
ORD-102789,2025-07-15,Jawa Barat,Online,C00500,UMKM,SYS-ONLINE,Networking,Switch 8 Port S8,6,0.0,Completed,450000.0,2700000.0,
ORD-102790,2025-07-15,Sumatera,Offline,C01465,UMKM,SR12,Smartphone,Smartphone Lumo X,3,0.0,Completed,5500000.0,16500000.0,14313300.0
ORD-102791,2025-07-15,Jawa Timur,Online,K0175,Korporat,SYS-ONLINE,Smartphone,Smartphone Lumo X,4,0.1,Completed,5500000.0,19800000.0,18960000.0
ORD-102792,2025-07-15,Jakarta,Online,C00099,Retail,SYS-ONLINE,Smartphone,Smartphone Lumo A5,2,0.1,Completed,2800000.0,5040000.0,4795400.0
ORD-102793,2025-07-15,Jakarta,Offline,C01050,Retail,SR01,Printer & Tinta,Tinta Botol Set CMYK,2,0.0,Completed,280000.0,560000.0,327000.0
ORD-102794,2025-07-15,Kalimantan,Online,C00980,Retail,SYS-ONLINE,Networking,Switch 8 Port S8,4,0.0,Completed,450000.0,1800000.0,
ORD-102795,2025-07-15,Jakarta,Offline,C01043,Retail,SR02,Aksesoris,Headset USB H3,5,0.05,Completed,350000.0,1662500.0,1059000.0
ORD-102796,2025-07-15,Kalimantan,Offline,C01220,Retail,SR13,Smartphone,Smartphone Lumo X,2,0.05,Completed,5500000.0,10450000.0,9460400.0
ORD-102797,2025-07-15,Kalimantan,Offline,C00516,Retail,SR13,Aksesoris,Power Bank 20000mAh,3,0.0,Completed,320000.0,960000.0,603000.0
ORD-102798,2025-07-16,Sumatera,Offline,C01665,Retail,SR12,Networking,Router WiFi 6 R600,5,0.0,Completed,1200000.0,6000000.0,
ORD-102799,2025-07-16,Jawa Barat,Offline,C00940,Retail,SR04,Smartphone,Smartphone Lumo A5,2,0.0,Completed,2800000.0,5600000.0,4816200.0
ORD-102800,2025-07-16,Jawa Barat,Offline,C00759,Retail,SR04,Smartphone,Smartphone Lumo X,2,0.0,Completed,5500000.0,11000000.0,9484000.0
ORD-102801,2025-07-16,Kalimantan,Offline,C00462,UMKM,SR13,Peralatan Kantor,Kursi Ergonomis E1,4,0.05,Completed,1900000.0,7220000.0,5268800.0
ORD-102802,2025-07-16,Jawa Timur,Offline,C01661,UMKM,SR09,Peralatan Kantor,Kursi Ergonomis E1,1,0.0,Completed,1900000.0,1900000.0,1311800.0
ORD-102803,2025-07-16,Jawa Timur,Online,K0096,Korporat,SYS-ONLINE,Smartphone,Smartphone Lumo X,3,0.15,Completed,5500000.0,14025000.0,14244900.0
ORD-102804,2025-07-16,Jawa Barat,Online,C00428,Retail,SYS-ONLINE,Printer & Tinta,Printer InkJet P200,2,0.0,Completed,2100000.0,4200000.0,3389200.0
ORD-102805,2025-07-16,Jakarta,Offline,C00690,UMKM,SR02,Aksesoris,Headset USB H3,11,0.0,Completed,350000.0,3850000.0,2305600.0
ORD-102806,2025-07-16,Jawa barat ,Offline,C01374,UMKM,SR04,Printer & Tinta,Printer InkJet P200,3,0.0,Completed,2100000.0,6300000.0,5064600.0
ORD-102807,2025-07-16,Sumatera,Online,C01364,Retail,SYS-ONLINE,Peralatan Kantor,Kursi Ergonomis E1,4,0.05,Completed,1900000.0,7220000.0,5136400.0
ORD-102808,2025-07-16,Jawa Timur,Offline,C00524,Retail,SR07,Peralatan Kantor,Kursi Ergonomis E1,1,0.0,Completed,1900000.0,1900000.0,1297500.0
ORD-102809,2025-07-16,jakarta,Online,C01539,UMKM,SYS-ONLINE,Aksesoris,Keyboard Mekanik K7,11,0.1,Completed,650000.0,6435000.0,4425300.0
ORD-102810,2025-07-17,Kalimantan,Offline,K0116,Korporat,SR13,Laptop,Laptop Axio Pro 15,7,0.0,Completed,13000000.0,91000000.0,81295900.0
ORD-102811,2025-07-17,Jawa Barat,Offline,K0048,Korporat,SR04,Aksesoris,Mouse Wireless M20,10,0.0,Completed,180000.0,1800000.0,1054000.0
ORD-102812,2025-07-17,Jawa Barat,Offline,C00208,Retail,SR05,Laptop,Laptop Axio 14,2,0.0,Completed,8500000.0,17000000.0,15410800.0
ORD-102813,2025-07-17,Jawa Timur,Online,K0090,Korporat,SYS-ONLINE,networking,Switch 8 Port S8,4,0.0,Completed,450000.0,1800000.0,1191200.0
ORD-102814,2025-07-17,Sumatera,Offline,C00786,UMKM,SR12,Networking,Router WiFi 6 R600,4,0.0,Completed,1200000.0,4800000.0,
ORD-102815,2025-07-17,Jawa Barat,Offline,C01899,Retail,SR04,Smartphone,Smartphone Lumo X,2,0.0,Completed,5500000.0,11000000.0,9727600.0
ORD-102816,2025-07-17,Jawa Barat,Offline,C00382,Retail,SR04,Printer & Tinta,Tinta Botol Set CMYK,1,0.0,Completed,280000.0,280000.0,164800.0
ORD-102817,2025-07-17,Jakarta,Offline,C00862,Retail,SR02,Aksesoris,Keyboard Mekanik K7,1,0.0,Completed,650000.0,650000.0,401100.0
ORD-102817,2025-07-17,Jakarta,Offline,C00862,Retail,SR02,Aksesoris,Keyboard Mekanik K7,1,0.0,Completed,650000.0,650000.0,401100.0
ORD-102818,2025-07-17,Jawa Timur,online,C01694,Retail,SYS-ONLINE,Printer & Tinta,Printer InkJet P200,2,0.15,Completed,2100000.0,3570000.0,3368400.0
ORD-102819,2025-07-17,Jakarta,Offline,C01853,Retail,SR03,Peralatan Kantor,Kertas A4 80gsm (rim),3,0.0,Completed,55000.0,165000.0,112800.0
ORD-102820,2025-07-18,Sumatera,Online,C00403,Retail,SYS-ONLINE,Laptop,Laptop Veno 13,2,0.1,Completed,6200000.0,11160000.0,11217400.0
ORD-102821,2025-07-18,Jawa Barat,Offline,C02359,Retail,SR06,Aksesoris,Keyboard Mekanik K7,4,0.0,Completed,650000.0,2600000.0,1607200.0
ORD-102822,2025-07-18,Kalimantan,Online,C00796,UMKM,SYS-ONLINE,Aksesoris,Keyboard Mekanik K7,5,0.05,Completed,650000.0,3087500.0,2021500.0
ORD-102823,2025-07-18,Sumatera,Offline,C00200,Retail,SR10,Laptop,Laptop Axio Pro 15,2,0.05,Completed,13000000.0,24700000.0,23212600.0
ORD-102824,2025-07-18,Jawa Timur,Online,C01785,UMKM,SYS-ONLINE,Peralatan Kantor,Kertas A4 80gsm (rim),9,0.1,Completed,55000.0,445500.0,341100.0
ORD-102825,2025-07-18,Jakarta,Offline,C02347,UMKM,SR01,Networking,Router WiFi 6 R600,13,0.1,Completed,1200000.0,14040000.0,
ORD-102826,2025-07-18,Sumatera,Offline,K0108,Korporat,SR12,Peralatan Kantor,Kursi Ergonomis E1,40,0.1,Completed,1900000.0,68400000.0,51872000.0
ORD-102827,2025-07-18,,Online,C01496,UMKM,SYS-ONLINE,Peralatan Kantor,Kursi Ergonomis E1,13,0.1,Completed,1900000.0,22230000.0,16993600.0
ORD-102828,2025-07-18,Jawa Timur,Offline,C00571,Retail,SR08,Smartphone,Smartphone Lumo X,1,0.0,Completed,5500000.0,5500000.0,4865500.0
ORD-102829,2025-07-19,Jawa Barat,Offline,C00753,Retail,SR05,Peralatan Kantor,Kertas A4 80gsm (rim),3,0.0,Completed,55000.0,165000.0,114300.0
ORD-102829,2025-07-19,Jawa Barat,Offline,C00753,Retail,SR05,Peralatan Kantor,Kertas A4 80gsm (rim),3,0.0,Completed,55000.0,165000.0,114300.0
ORD-102830,2025-07-19,Jakarta,Offline,C01938,UMKM,SR02,Aksesoris,Mouse Wireless M20,11,0.05,Completed,180000.0,1881000.0,1155000.0
ORD-102831,2025-07-19,Jawa Barat,Online,C02203,Retail,SYS-ONLINE,Aksesoris,Headset USB H3,4,0.1,Completed,350000.0,1260000.0,846800.0
ORD-102832,2025-07-19,Jakarta,Offline,C02075,Retail,SR02,Smartphone,Smartphone Lumo X,2,0.1,Completed,5500000.0,9900000.0,9539200.0
ORD-102833,2025-07-19,Jawa Timur,Offline,C00093,UMKM,SR07,Smartphone,Smartphone Lumo X,2,0.0,Completed,5500000.0,11000000.0,9551200.0
ORD-102834,2025-07-19,Sumatera,Offline,C01408,UMKM,SR12,Smartphone,Smartphone Lumo X,2,0.0,Completed,5500000.0,11000000.0,9695200.0
ORD-102835,2025-07-20,jakarta,Offline,C02083,Retail,SR01,Smartphone,Smartphone Lumo X,1,0.0,Completed,5500000.0,5500000.0,4839800.0
ORD-102836,2025-07-20,Jakarta,Offline,C00799,Retail,SR03,Networking,Router WiFi 6 R600,4,0.0,Completed,1200000.0,4800000.0,
ORD-102837,2025-07-20,Jakarta,Online,K0169,Korporat,SYS-ONLINE,Networking,Router WiFi 6 R600,174,0.12,Completed,1200000.0,183744000.0,149935800.0
ORD-102838,2025-07-20,Jawa Timur,Online,C01401,UMKM,SYS-ONLINE,Networking,Router WiFi 6 R600,5,0.0,Completed,1200000.0,6000000.0,4279500.0
ORD-102839,2025-07-20,Jawa Timur,Offline,C02079,UMKM,SR09,Networking,Router WiFi 6 R600,12,0.0,Cancelled,1200000.0,14400000.0,10177200.0
ORD-102840,2025-07-20,Kalimantan,Offline,C00055,UMKM,SR15,Aksesoris,Headset USB H3,14,10.0,Completed,350000.0,4410000.0,2928800.0
ORD-102841,2025-07-20,Jakarta,Offline,C00613,Retail,SR03,Printer & Tinta,Tinta Botol Set CMYK,1,0.0,Completed,280000.0,280000.0,167300.0
ORD-102842,2025-07-20,Jakarta,Offline,C01605,UMKM,SR01,Peralatan kantor,Kertas A4 80gsm (rim),1,0.1,Completed,55000.0,49500.0,37400.0
ORD-102843,2025-07-20,Jawa Barat,Online,C00792,UMKM,SYS-ONLINE,Aksesoris,Keyboard Mekanik K7,8,0.05,Completed,650000.0,4940000.0,3196000.0
ORD-102844,2025-07-20,Jawa Timur,Offline,C01178,Retail,SR07,LAPTOP,Laptop Veno 13,1,5.0,Completed,6200000.0,5890000.0,
ORD-102845,2025-07-20,Sulawesi,Offline,C01324,UMKM,SR17,Printer & Tinta,Tinta Botol Set CMYK,3,0.0,Completed,280000.0,840000.0,488700.0
ORD-102846,2025-07-21,Sulawesi,Online,C01673,Retail,SYS-ONLINE,Smartphone,Smartphone Lumo A5,1,0.1,Completed,2800000.0,2520000.0,2399100.0
ORD-102846,2025-07-21,Sulawesi,Online,C01673,Retail,SYS-ONLINE,Smartphone,Smartphone Lumo A5,1,0.1,Completed,2800000.0,2520000.0,2399100.0
ORD-102847,2025-07-21,Sumatera,Offline,C00353,Retail,SR12,Networking,Router WiFi 6 R600,5,0.0,Completed,1200000.0,6000000.0,
ORD-102848,2025-07-21,Jabar,Online,C02172,UMKM,SYS-ONLINE,Printer & Tinta,Printer InkJet P200,1,0.0,Completed,2100000.0,2100000.0,1707000.0
ORD-102849,2025-07-21,Jawa Barat,Online,C01636,Retail,SYS-ONLINE,Laptop,Laptop Axio 14,2,0.0,Completed,8500000.0,17000000.0,15083400.0
ORD-102850,2025-07-21,Sumatera,Online,C00692,Retail,SYS-ONLINE,ATK,Kertas A4 80gsm (rim),5,0.1,Completed,55000.0,247500.0,190000.0
ORD-102851,2025-07-21,Sumatera,Offline,C01802,Retail,SR12,Printer&Tinta,Tinta Botol Set CMYK,2,0.0,Completed,280000.0,560000.0,332800.0
ORD-102852,2025-07-21,Jakarta,Offline,C00560,UMKM,SR01,Peralatan Kantor,Kertas A4 80gsm (rim),7,0.05,Completed,55000.0,365750.0,268100.0
ORD-102853,2025-07-21,DKI Jakarta,Offline,C01209,Retail,SR01,Smartphone,Smartphone Lumo A5,2,0.0,Completed,2800000.0,5600000.0,4828600.0
ORD-102854,2025-07-21,Jawa Timur,Online,C00851,UMKM,SYS-ONLINE,Smartphone,Smartphone Lumo X,1,0.05,Completed,5500000.0,5225000.0,4743300.0
ORD-102855,2025-07-22,Jawa Timur,Offline,C02298,Retail,SR09,Laptop,Laptop Axio 14,2,0.0,Completed,8500000.0,17000000.0,15258600.0
ORD-102856,2025-07-22,Sulawesi,Online,C00373,Retail,SYS-ONLINE,Smartphone,Smartphone Lumo A5,2,0.05,Completed,2800000.0,5320000.0,4832600.0
ORD-102857,2025-07-22,Sumatera,Offline,C02354,Retail,SR11,Aksesoris,Headset USB H3,2,10.0,Completed,350000.0,630000.0,414200.0
ORD-102858,2025-07-22,Sumatera,Offline,C00328,Retail,SR10,Laptop,Laptop Axio Pro 15,2,0.1,Completed,13000000.0,23400000.0,22997000.0
ORD-102859,2025-07-22,Jawa Barat,Online,C01746,Retail,SYS-ONLINE,Laptop,Laptop Veno 13,2,0.05,Completed,6200000.0,11780000.0,11221400.0
ORD-102860,2025-07-22,Jawa Barat,Online,C01152,UMKM,SYS-ONLINE,Printer&Tinta,Printer InkJet P200,1,0.15,Completed,2100000.0,1785000.0,1679400.0
ORD-102861,2025-07-22,Jatim,Offline,C01956,Retail,SR08,Peralatan Kantor,Kertas A4 80gsm (rim),3,0.05,Completed,55000.0,156750.0,113400.0
ORD-102862,2025-07-22,Jawa Timur,Online,C00635,UMKM,SYS-ONLINE,Laptop,Laptop Axio Pro 15,1,0.1,Completed,13000000.0,11700000.0,11629500.0
ORD-102863,2025-07-22,Kalimantan,Offline,C01460,Retail,SR13,Printer & Tinta,Printer InkJet P200,1,0.0,Completed,2100000.0,2100000.0,1695800.0
ORD-102864,2025-07-22,Jakarta,Offline,C00808,UMKM,SR03,Networking,Router WiFi 6 R600,12,0.0,Completed,1200000.0,14400000.0,10233600.0
ORD-102865,2025-07-22,Kalimantan,Offline,C01799,Retail,SR14,Laptop,Laptop Axio 14,2,0.0,Completed,8500000.0,17000000.0,15246800.0
ORD-102866,2025-07-22,Jawa Timur,Offline,C00700,UMKM,SR08,Smartphone,Smartphone Lumo X,1,0.05,Completed,5500000.0,5225000.0,4812700.0
ORD-102867,2025-07-22,Jawa Barat,Offline,C00387,UMKM,SR04,Printer & Tinta,Printer InkJet P200,4,0.1,Completed,2100000.0,7560000.0,6773200.0
ORD-102868,2025-07-23,Jawa Timur,Offline,C00662,UMKM,SR07,Aksesoris,Power Bank 20000mAh,3,0.0,Completed,320000.0,960000.0,599700.0
ORD-102869,2025-07-23,,online,C01822,UMKM,SYS-ONLINE,Smartphone,Smartphone Lumo A5,1,0.05,Completed,2800000.0,2660000.0,2423700.0
ORD-102870,2025-07-23,Kalimantan,Offline,K0170,Korporat,SR14,Laptop,Laptop Axio Pro 15,8,0.0,Completed,13000000.0,104000000.0,94420000.0
ORD-102871,2025-07-23,Jawa Barat,Offline,C00071,Retail,SR05,laptop,Laptop Axio 14,2,0.05,Completed,8500000.0,16150000.0,15077200.0
ORD-102872,2025-07-23,Kalimantan,Offline,C01456,Retail,SR15,Printer & Tinta,Printer InkJet P200,1,10.0,Completed,2100000.0,1890000.0,1674600.0
ORD-102873,2025-07-23,Kalimantan,Offline,C00426,Retail,SR13,Aksesoris,Mouse Wireless M20,3,0.0,Completed,180000.0,540000.0,318900.0
ORD-102874,2025-07-23,Kalimantan,Offline,C01736,Retail,SR13,Peralatan Kantor,Kursi Ergonomis E1,3,0.1,Completed,1900000.0,5130000.0,3858900.0
ORD-102875,2025-07-23,Jawa Barat,Online,C01979,Retail,SYS-ONLINE,Networking,Router WiFi 6 R600,1,0.1,Completed,1200000.0,1080000.0,
ORD-102876,2025-07-23,Jakarta,Online,C00122,UMKM,SYS-ONLINE,Aksesoris,Power Bank 20000mAh,13,0.05,Completed,320000.0,3952000.0,2585700.0
ORD-102877,2025-07-23,Jawa Barat,Offline,C02145,Retail,SR05,Printer & Tinta,Printer InkJet P200,1,0.0,Completed,2100000.0,2100000.0,1707400.0
ORD-102878,2025-07-23,Sumatera,Offline,C00308,UMKM,SR11,Smartphone,Smartphone Lumo X,5,10.0,Completed,5500000.0,24750000.0,23765000.0
ORD-102879,2025-07-23,Jawa Barat,Offline,C01712,Retail,SR06,Aksesoris,Mouse Wireless M20,4,0.0,Completed,180000.0,720000.0,415600.0
ORD-102880,2025-07-24,Jawa Barat,Offline,C00285,Retail,SR05,Peralatan Kantor,Kursi Ergonomis E1,3,0.1,Completed,1900000.0,5130000.0,3943800.0
ORD-102881,2025-07-24,Jakarta,Online,C00211,UMKM,SYS-ONLINE,Aksesoris,Headset USB H3,10,0.05,Completed,350000.0,3325000.0,2125000.0
ORD-102882,2025-07-24,Jakarta,Online,C00420,UMKM,SYS-ONLINE,Laptop,Laptop Axio Pro 15,2,0.0,Completed,13000000.0,26000000.0,23199600.0
ORD-102883,2025-07-24,Sulawesi,Online,K0177,Korporat,SYS-ONLINE,Peralatan Kantor,Kursi Ergonomis E1,47,0.1,Completed,1900000.0,80370000.0,60484300.0
ORD-102884,2025-07-24,Jawa barat ,Online,C00254,Retail,SYS-ONLINE,Laptop,Laptop Axio 14,2,0.0,Completed,8500000.0,17000000.0,15061000.0
ORD-102885,2025-07-24,Jawa Timur,Offline,C01052,Retail,SR07,Aksesoris,Mouse Wireless M20,2,5.0,Completed,180000.0,342000.0,212200.0
ORD-102886,2025-07-24,Jakarta,Online,C01214,Retail,SYS-ONLINE,Printer & Tinta,Tinta Botol Set CMYK,2,0.0,Completed,280000.0,560000.0,329000.0
RET-102836,2025-07-24,Jakarta,Offline,C00799,Retail,SR03,Networking,Router WiFi 6 R600,-4,0.0,Returned,1200000.0,-4800000.0,
ORD-102887,2025-07-25,Jawa Timur,Offline,C01126,Retail,SR09,Printer & Tinta,Tinta Botol Set CMYK,1,0.0,Completed,280000.0,280000.0,167000.0
ORD-102888,2025-07-25,Jakarta,Online,C01093,Retail,SYS-ONLINE,Aksesoris,Power Bank 20000mAh,3,0.05,Completed,320000.0,912000.0,600300.0
ORD-102889,2025-07-25,Jakarta,Offline,C01637,UMKM,SR01,Aksesoris,Power Bank 20000mAh,2,0.1,Completed,320000.0,576000.0,395400.0
ORD-102890,2025-07-25,Jawa Timur,Online,C00309,UMKM,SYS-ONLINE,Smartphone,Smartphone Lumo A5,3,0.0,Completed,2800000.0,8400000.0,7288800.0
ORD-102891,2025-07-25,Jakarta,Online,C00545,Retail,SYS-ONLINE,Laptop,Laptop Axio Pro 15,2,0.05,Completed,13000000.0,24700000.0,23025400.0
ORD-102892,2025-07-25,Jawa Timur,Online,C01050,Retail,SYS-ONLINE,Aksesoris,Power Bank 20000mAh,4,0.0,Completed,320000.0,1280000.0,789200.0
ORD-102893,2025-07-25,Jawa Barat,Offline,K0037,Korporat,SR06,Smartphone,Smartphone Lumo A5,10,0.0,Completed,2800000.0,28000000.0,24050000.0
ORD-102894,2025-07-25,Jakarta,Online,C01382,Retail,SYS-ONLINE,Laptop,Laptop Axio Pro 15,1,0.0,Completed,13000000.0,13000000.0,11700800.0
ORD-102894,2025-07-25,Jakarta,Online,C01382,Retail,SYS-ONLINE,Laptop,Laptop Axio Pro 15,1,0.0,Completed,13000000.0,13000000.0,11700800.0
ORD-102895,2025-07-25,Kalimantan,Offline,C00969,Retail,SR15,Peralatan Kantor,Kertas A4 80gsm (rim),3,0.0,Completed,55000.0,165000.0,114300.0
ORD-102896,2025-07-25,Jakarta,Offline,C02328,Retail,SR03,Networking,Switch 8 Port S8,5,0.0,Completed,450000.0,2250000.0,
ORD-102897,2025-07-25,Jakarta,Online,K0117,Korporat,SYS-ONLINE,Aksesoris,Power Bank 20000mAh,40,0.15,Completed,320000.0,10880000.0,8116000.0
ORD-102898,2025-07-25,Jakarta,Offline,C01055,Retail,SR02,Aksesoris,Mouse Wireless M20,1,0.05,Completed,180000.0,171000.0,105600.0
ORD-102899,2025-07-26,Jakarta,Online,K0133,Korporat,SYS-ONLINE,Networking,Router WiFi 6 R600,33,0.1,Completed,1200000.0,35640000.0,28000500.0
ORD-102900,2025-07-26,Jawa Barat,Offline,C00303,Retail,SR06,Aksesoris,Power Bank 20000mAh,1,0.05,Completed,320000.0,304000.0,200600.0
ORD-102901,2025-07-26,Jakarta,Online,C00813,UMKM,SYS-ONLINE,Laptop,Laptop Axio Pro 15,2,0.1,Completed,13000000.0,23400000.0,22970800.0
ORD-102902,2025-07-26,Sumatra,Offline,C02378,UMKM,SR10,Peralatan Kantor,Kertas A4 80gsm (rim),5,0.05,Completed,55000.0,261250.0,190500.0
ORD-102903,2025-07-26,Jawa Barat,Offline,C01099,Retail,SR04,Aksesoris,Headset USB H3,3,0.0,Completed,350000.0,1050000.0,635400.0
ORD-102904,2025-07-26,Jawa Barat,Offline,K0151,Korporat,SR05,Smartphone,Smartphone Lumo X,10,0.05,Completed,5500000.0,52250000.0,48609000.0
ORD-102905,2025-07-26,Jawa Barat,Offline,C00736,Retail,SR06,Aksesoris,Mouse Wireless M20,3,0.0,Completed,180000.0,540000.0,313800.0
ORD-102906,2025-07-26,Jawa Barat,Offline,C00579,UMKM,SR04,Smartphone,Smartphone Lumo A5,3,0.1,Cancelled,2800000.0,7560000.0,7349400.0
ORD-102907,2025-07-26,Kalimantan,Offline,C01693,Retail,SR14,Laptop,Laptop Axio Pro 15,2,0.0,Completed,13000000.0,26000000.0,23579400.0
ORD-102908,2025-07-26,Jawa Timur,Offline,C00856,UMKM,SR09,Smartphone,Smartphone Lumo A5,5,0.1,Completed,2800000.0,12600000.0,12144000.0
ORD-102909,2025-07-26,Sumatera,Online,K0080,Korporat,SYS-ONLINE,Peralatan Kantor,Kursi Ergonomis E1,20,0.15,Completed,1900000.0,32300000.0,25894000.0
ORD-102910,2025-07-26,kalimantan,Offline,C00951,Retail,SR14,smartphone,Smartphone Lumo X,2,0.0,Completed,5500000.0,11000000.0,9695000.0
ORD-102911,2025-07-26,Jakarta,Offline,C01153,Retail,SR01,Peralatan Kantor,Kertas A4 80gsm (rim),4,0.05,Completed,55000.0,209000.0,152400.0
RET-102864,2025-07-26,Jakarta,Offline,C00808,UMKM,SR03,Networking,Router WiFi 6 R600,-12,0.0,Returned,1200000.0,-14400000.0,
ORD-102912,2025-07-27,Jakarta,Online,C01604,UMKM,SYS-ONLINE,Peralatan Kantor,Kertas A4 80gsm (rim),4,0.1,Completed,55000.0,198000.0,152800.0
ORD-102912,2025-07-27,Jakarta,Online,C01604,UMKM,SYS-ONLINE,Peralatan Kantor,Kertas A4 80gsm (rim),4,0.1,Completed,55000.0,198000.0,152800.0
ORD-102913,2025-07-27,Jawa Barat,Offline,K0129,Korporat,SR06,networking,Switch 8 Port S8,35,0.0,Completed,450000.0,15750000.0,10381000.0
ORD-102913,2025-07-27,Jawa Barat,Offline,K0129,Korporat,SR06,networking,Switch 8 Port S8,35,0.0,Completed,450000.0,15750000.0,10381000.0
ORD-102914,2025-07-27,,Online,K0171,Korporat,SYS-ONLINE,Aksesoris,Mouse Wireless M20,44,0.05,Completed,180000.0,7524000.0,4562800.0
ORD-102915,2025-07-27,Jakarta,Offline,C01358,UMKM,SR02,Peralatan Kantor,Kertas A4 80gsm (rim),4,0.0,Completed,55000.0,220000.0,151600.0
ORD-102916,2025-07-27,Sulawesi,Offline,C02250,Retail,SR18,Peralatan Kantor,Kursi Ergonomis E1,5,0.05,Completed,1900000.0,9025000.0,6413000.0
ORD-102917,2025-07-27,Jawa Barat,Offline,C00200,UMKM,SR04,Laptop,Laptop Axio Pro 15,1,0.0,Completed,13000000.0,13000000.0,11525000.0
ORD-102918,2025-07-27,Kalimantan,Offline,C01760,Retail,SR14,Laptop,Laptop Axio 14,2,0.0,Completed,8500000.0,17000000.0,15141600.0
ORD-102919,2025-07-27,Jawa Barat,Online,K0114,Korporat,SYS-ONLINE,Networking,Router WiFi 6 R600,49,0.1,Completed,1200000.0,52920000.0,
ORD-102920,2025-07-27,Jakarta,Offline,C00380,Retail,SR01,Aksesoris,Mouse Wireless M20,5,0.0,Completed,180000.0,900000.0,526000.0
ORD-102921,2025-07-27,Jawa Barat,Offline,C00509,Retail,SR04,Smartphone,Smartphone Lumo A5,2,0.0,Completed,2800000.0,5600000.0,4842000.0
ORD-102922,2025-07-28,Jakarta,Offline,C00930,Retail,SR02,Printer & Tinta,Tinta Botol Set CMYK,2,0.0,Completed,280000.0,560000.0,327000.0
ORD-102923,2025-07-28,Jakarta,Offline,C01287,UMKM,SR03,Aksesoris,Headset USB H3,13,0.05,Completed,350000.0,4322500.0,2693600.0
ORD-102924,2025-07-28,Jawa Barat,Offline,K0062,Korporat,SR06,Printer & Tinta,Tinta Botol Set CMYK,10,0.05,Completed,280000.0,2660000.0,1662000.0
ORD-102925,2025-07-28,Sumatera,Online,C00015,Retail,SYS-ONLINE,Peralatan Kantor,Kursi Ergonomis E1,3,0.05,Completed,1900000.0,5415000.0,3864600.0
ORD-102926,2025-07-28,Sumatera,E-Commerce,C02095,Retail,SYS-ONLINE,Smartphone,Smartphone Lumo A5,1,0.0,Completed,2800000.0,2800000.0,2455000.0
ORD-102927,2025-07-28,Jakarta,Offline,C01449,Retail,SR02,Peralatan Kantor,Kursi Ergonomis E1,2,0.0,Completed,1900000.0,3800000.0,2596600.0
ORD-102928,2025-07-29,Sumatera,Offline,C00223,UMKM,SR10,networking,Switch 8 Port S8,8,0.0,Completed,450000.0,3600000.0,2429600.0
ORD-102929,2025-07-29,Jakarta,Offline,C00219,UMKM,SR03,Smartphone,Smartphone Lumo X,4,0.05,Completed,5500000.0,20900000.0,19400800.0
ORD-102930,2025-07-29,Sumatera,Offline,C00641,UMKM,SR11,Aksesoris,Keyboard Mekanik K7,10,5.0,Completed,650000.0,6175000.0,4020000.0
ORD-102931,2025-07-29,Jakarta,Online,C00225,UMKM,SYS-ONLINE,Smartphone,Smartphone Lumo A5,2,0.1,Completed,2800000.0,5040000.0,4920800.0
ORD-102932,2025-07-29,Jakarta,Online,C01081,UMKM,SYS-ONLINE,Peralatan Kantor,Kursi Ergonomis E1,1,0.1,Completed,1900000.0,1710000.0,1304500.0
ORD-102933,2025-07-29,Kalimantan,Offline,C02132,Retail,SR13,Peralatan Kantor,Kursi Ergonomis E1,3,0.1,Cancelled,1900000.0,5130000.0,3895800.0
ORD-102934,2025-07-29,Jawa Timur,Offline,C02389,Retail,SR07,Printer & Tinta,Printer InkJet P200,1,0.0,Completed,2100000.0,2100000.0,1709100.0
ORD-102935,2025-07-29,kalimantan,Offline,C01588,Retail,SR13,Laptop,Laptop Axio Pro 15,2,0.0,Completed,13000000.0,26000000.0,22992600.0
ORD-102936,2025-07-29,Jakarta,Offline,C01554,Retail,SR03,Printer & Tinta,Tinta Botol Set CMYK,1,0.0,Completed,280000.0,280000.0,163100.0
ORD-102937,2025-07-29,Jakarta,Offline,C00912,Retail,SR03,Networking,Router WiFi 6 R600,3,0.1,Completed,1200000.0,3240000.0,2550900.0
ORD-102938,2025-07-29,Jakarta,Offline,K0041,Korporat,SR03,Aksesoris,Keyboard Mekanik K7,2,0.0,Completed,650000.0,1300000.0,805000.0
ORD-102939,2025-07-29,Jawa Timur,Offline,C01044,Retail,SR07,Peralatan Kantor,Kertas A4 80gsm (rim),2,0.0,Completed,55000.0,110000.0,77000.0
ORD-102940,2025-07-29,Kalimantan,Offline,C01379,Retail,SR13,Laptop,Laptop Veno 13,1,0.0,Completed,6200000.0,6200000.0,5614300.0
ORD-102941,2025-07-30,Jawa Barat,Online,C02299,UMKM,SYS-ONLINE,Peralatan Kantor,Kursi Ergonomis E1,6,0.0,Completed,1900000.0,11400000.0,7846200.0
ORD-102942,2025-07-30,Jakarta,Online,C01018,UMKM,SYS-ONLINE,Aksesoris,Mouse Wireless M20,14,0.1,Completed,180000.0,2268000.0,1460200.0
ORD-102943,2025-07-30,Jakarta,Online,C00057,UMKM,SYS-ONLINE,Peralatan Kantor,Kertas A4 80gsm (rim),6,0.1,Completed,55000.0,297000.0,228600.0
ORD-102944,2025-07-30,Jawa Timur,Online,C00742,Retail,SYS-ONLINE,Aksesoris,Headset USB H3,1,0.05,Completed,350000.0,332500.0,211600.0
ORD-102945,2025-07-30,Jawa Timur,Offline,K0029,Korporat,SR07,Peralatan Kantor,Kursi Ergonomis E1,17,0.0,Completed,1900000.0,32300000.0,22093200.0
ORD-102946,2025-07-30,Sumatera,Offline,K0133,Korporat,SR12,Printer & Tinta,Tinta Botol Set CMYK,3,0.05,Completed,280000.0,798000.0,501600.0
RET-102809,2025-07-30,Jakarta,Online,C01539,UMKM,SYS-ONLINE,Aksesoris,Keyboard Mekanik K7,-11,0.1,Returned,650000.0,-6435000.0,-4425300.0
RET-102832,2025-07-30,Jakarta,Offline,C02075,Retail,SR02,Smartphone,Smartphone Lumo X,-2,0.1,Returned,5500000.0,-9900000.0,-9539200.0
ORD-102947,2025-07-31,Jakarta,Offline,C02354,Retail,SR02,Networking,Router WiFi 6 R600,5,0.0,Completed,1200000.0,6000000.0,
ORD-102948,2025-07-31,Jatim,Offline,C02047,Retail,SR07,Smartphone,Smartphone Lumo A5,2,5.0,Completed,2800000.0,5320000.0,4894000.0
ORD-102949,2025-07-31,Jakarta,Online,K0091,Korporat,SYS-ONLINE,Smartphone,Smartphone Lumo A5,10,0.0,Completed,2800000.0,28000000.0,24624000.0
ORD-102950,2025-07-31,Jawa Timur,online,K0014,Korporat,SYS-ONLINE,Aksesoris,Headset USB H3,289,0.1,Completed,350000.0,91035000.0,61557000.0
ORD-102951,2025-07-31,Jawa Timur,Offline,C01385,Retail,SR09,Printer & Tinta,Tinta Botol Set CMYK,2,0.0,Completed,280000.0,560000.0,329800.0
ORD-102952,2025-07-31,Sumatera,Online,C00250,Retail,SYS-ONLINE,Networking,Switch 8 Port S8,1,0.1,Completed,450000.0,405000.0,300600.0
ORD-102953,2025-07-31,Sumatera,online,C00489,Retail,SYS-ONLINE,Laptop,Laptop Axio 14,2,0.15,Completed,8500000.0,14450000.0,15287800.0
ORD-102954,2025-07-31,Kalimantan,Offline,C00340,UMKM,SR15,Aksesoris,Power Bank 20000mAh,1,5.0,Completed,320000.0,304000.0,201300.0
ORD-102955,2025-07-31,jawa timur,ONLINE,C00090,Retail,SYS-ONLINE,Smartphone,Smartphone Lumo X,2,0.05,Completed,5500000.0,10450000.0,9664400.0
ORD-102956,2025-07-31,Jawa barat ,Offline,C00122,Retail,SR06,Aksesoris,Keyboard Mekanik K7,4,0.1,Completed,650000.0,2340000.0,1616400.0
ORD-101148,2025-01-08,Sulawesi,Offline,C00633,Retail,SR17,Smartphone,Smartphone Lumo X,2,0.0,Completed,5500000.0,11000000.0,9697400.0
ORD-101149,2025-01-08,Jawa Barat,Offline,C00884,Retail,SR04,Laptop,Laptop Veno 13,1,0.05,Completed,6200000.0,5890000.0,5580300.0
ORD-101150,2025-01-08,Sumatera,Offline,C01791,Retail,SR11,Smartphone,Smartphone Lumo A5,2,0.0,Completed,2800000.0,5600000.0,4926800.0
ORD-101151,2025-01-08,Sumatera,Offline,C00022,Retail,SR10,Laptop,Laptop Veno 13,2,0.1,Completed,6200000.0,11160000.0,11181600.0
ORD-101152,2025-01-08,Sumatera,Online,C02233,Retail,SYS-ONLINE,Networking,Router WiFi 6 R600,5,0.05,Completed,1200000.0,5700000.0,4254000.0
ORD-101153,2025-01-08,,Online,C01383,UMKM,SYS-ONLINE,Peralatan Kantor,Kertas A4 80gsm (rim),3,0.0,Completed,55000.0,165000.0,112800.0
ORD-101154,2025-01-08,Jawa Timur,Offline,C01927,UMKM,SR07,Smartphone,Smartphone Lumo A5,2,0.0,Completed,2800000.0,5600000.0,4801000.0
ORD-101155,2025-01-08,Jakarta,Offline,K0120,Korporat,SR03,Printer & Tinta,Tinta Botol Set CMYK,2,0.0,Completed,280000.0,560000.0,328800.0
ORD-101156,2025-01-08,Jawa Barat,Online,C01714,Retail,SYS-ONLINE,Printer & Tinta,Printer InkJet P200,2,0.1,Completed,2100000.0,3780000.0,3445400.0
ORD-101157,2025-01-08,Sumatera,Offline,C02381,Retail,SR10,Smartphone,Smartphone Lumo A5,2,0.0,Completed,2800000.0,5600000.0,4838200.0
ORD-101378,2025-02-08,Jawa Barat,Offline,C00989,Retail,SR04,Smartphone,Smartphone Lumo A5,2,0.0,Completed,2800000.0,5600000.0,4930600.0
ORD-101379,2025-02-08,Kalimantan,Offline,C01205,UMKM,SR15,Laptop,Laptop Axio Pro 15,4,5.0,Completed,13000000.0,49400000.0,45995600.0
ORD-101380,2025-02-08,Kalimantan,Offline,C02018,UMKM,SR13,Smartphone,Smartphone Lumo X,1,0.0,Completed,5500000.0,5500000.0,4755400.0
ORD-101381,2025-02-08,Jakarta,Offline,C00871,Retail,SR03,Smartphone,Smartphone Lumo X,1,0.05,Completed,5500000.0,5225000.0,4742300.0
ORD-101382,2025-02-08,Kalimantan,Offline,C01460,UMKM,SR15,Aksesoris,Keyboard Mekanik K7,10,5.0,Completed,650000.0,6175000.0,4053000.0
ORD-101383,2025-02-08,Jakarta,Online,C00245,Retail,SYS-ONLINE,Laptop,Laptop Axio 14,1,0.05,Completed,8500000.0,8075000.0,7675000.0
ORD-101384,2025-02-08,Jakarta,Offline,C01574,Retail,SR01,Peralatan Kantor,Kertas A4 80gsm (rim),2,0.0,Cancelled,55000.0,110000.0,74800.0
ORD-101385,2025-02-08,Sumatera,Offline,C01915,UMKM,SR10,Peralatan Kantor,Kursi Ergonomis E1,14,0.0,Completed,1900000.0,26600000.0,18429600.0
ORD-101386,2025-02-08,Jakarta,Offline,C00478,Retail,SR01,Aksesoris,Mouse Wireless M20,5,0.1,Completed,180000.0,810000.0,527500.0
ORD-101387,2025-02-08,Jawa Timur,Online,C00645,UMKM,SYS-ONLINE,Smartphone,Smartphone Lumo A5,3,0.05,Completed,2800000.0,7980000.0,7256400.0
ORD-101662,2025-03-08,SULAWESI,Offline,K0115,Korporat,SR17,Networking,Switch 8 Port S8,16,0.1,Completed,450000.0,6480000.0,
ORD-101663,2025-03-08,Jawa Barat,Online,C01664,Retail,SYS-ONLINE,Smartphone,Smartphone Lumo X,1,0.05,Cancelled,5500000.0,5225000.0,4761000.0
ORD-101664,2025-03-08,Jakarta,Online,C00714,Retail,SYS-ONLINE,Aksesoris,Keyboard Mekanik K7,1,0.05,Completed,650000.0,617500.0,397000.0
ORD-101664,2025-03-08,Jakarta,Online,C00714,Retail,SYS-ONLINE,Aksesoris,Keyboard Mekanik K7,1,0.05,Completed,650000.0,617500.0,397000.0
ORD-101665,2025-03-08,Sulawesi,Offline,C02076,Retail,SR17,Peralatan Kantor,Kertas A4 80gsm (rim),1,0.1,Completed,55000.0,49500.0,38400.0
ORD-101666,2025-03-08,Jawa Timur,Offline,C01873,UMKM,SR08,Aksesoris,Keyboard Mekanik K7,11,0.05,Completed,650000.0,6792500.0,4442900.0
ORD-101667,2025-03-08,Jawa Barat,Online,C00877,Retail,SYS-ONLINE,Smartphone,Smartphone Lumo A5,2,0.05,Completed,2800000.0,5320000.0,4816000.0
ORD-101668,2025-03-08,Kalimantan,Online,C00319,UMKM,SYS-ONLINE,Smartphone,Smartphone Lumo A5,5,0.0,Completed,2800000.0,14000000.0,12175500.0
ORD-101669,2025-03-08,Jawa Barat,Online,C02137,Retail,SYS-ONLINE,Aksesori,Mouse Wireless M20,3,0.0,Completed,180000.0,540000.0,
ORD-101670,2025-03-08,,Online,C02268,Retail,SYS-ONLINE,Smartphone,Smartphone Lumo A5,2,0.05,Completed,2800000.0,5320000.0,4831800.0
ORD-101670,2025-03-08,,Online,C02268,Retail,SYS-ONLINE,Smartphone,Smartphone Lumo A5,2,0.05,Completed,2800000.0,5320000.0,4831800.0
ORD-101671,2025-03-08,Sumatera,Online,C00164,Retail,SYS-ONLINE,Laptop,Laptop Axio 14,1,0.15,Completed,8500000.0,7225000.0,7592600.0
ORD-101672,2025-03-08,Jakarta,Offline,C02373,UMKM,SR02,Networking,Switch 8 Port S8,2,0.05,Completed,450000.0,855000.0,593600.0
ORD-101672,2025-03-08,Jakarta,Offline,C02373,UMKM,SR02,Networking,Switch 8 Port S8,2,0.05,Completed,450000.0,855000.0,593600.0
ORD-101673,2025-03-08,Jakarta,Online,C01912,Retail,SYS-ONLINE,Peralatan Kantor,Kertas A4 80gsm (rim),3,0.0,Completed,55000.0,165000.0,112800.0
ORD-101674,2025-03-08,Sumatera,Offline,C01716,UMKM,SR10,Printer & Tinta,Printer InkJet P200,5,0.0,Completed,2100000.0,10500000.0,8451000.0
ORD-101675,2025-03-08,Jakarta,Online,C02263,Retail,SYS-ONLINE,Printer & Tinta,Printer InkJet P200,2,0.0,Completed,2100000.0,4200000.0,3391000.0
ORD-101991,2025-04-08,Sulawesi,Offline,C01741,Retail,SR17,smartphone,Smartphone Lumo X,1,0.05,Cancelled,5500000.0,5225000.0,4778900.0
ORD-101992,2025-04-08,Jawa Barat,Offline,K0011,Korporat,SR04,Smartphone,Smartphone Lumo X,10,0.0,Completed,5500000.0,55000000.0,47475000.0
ORD-101993,2025-04-08,JKT ,Offline,C02165,Retail,SR02,Aksesoris,Mouse Wireless M20,3,0.1,Completed,180000.0,486000.0,315600.0
ORD-101994,2025-04-08,Jawa Barat,Offline,C00840,Retail,SR05,Aksesoris,Keyboard Mekanik K7,4,0.05,Completed,650000.0,2470000.0,1602800.0
ORD-101995,2025-04-08,Kalimantan,Online,C00837,UMKM,SYS-ONLINE,Peralatan Kantor,Kertas A4 80gsm (rim),10,0.1,Completed,55000.0,495000.0,378000.0
ORD-101996,2025-04-08,Jakarta,Online,C02332,Retail,SYS-ONLINE,Printer & Tinta,Printer InkJet P200,1,0.05,Completed,2100000.0,1995000.0,1723100.0
ORD-101997,2025-04-08,kalimantan,Offline,K0011,Korporat,SR15,Printer & Tinta,Tinta Botol Set CMYK,6,0.0,Completed,280000.0,1680000.0,994800.0
ORD-101998,2025-04-08,Sumatera,Offline,C00697,UMKM,SR10,Peralatan Kantor,Kursi Ergonomis E1,1,0.0,Completed,1900000.0,1900000.0,1291100.0
ORD-101999,2025-04-08,Jakarta,Offline,C01557,Retail,SR01,Laptop,Laptop Axio 14,2,0.0,Completed,8500000.0,17000000.0,15268400.0
ORD-102000,2025-04-08,Sulawesi,Online,C02170,Retail,SYS-ONLINE,Networking,Router WiFi 6 R600,4,0.05,Completed,1200000.0,4560000.0,
ORD-102218,2025-05-08,,Online,C01564,UMKM,SYS-ONLINE,Networking,Router WiFi 6 R600,10,0.05,Completed,1200000.0,11400000.0,
ORD-102219,2025-05-08,Jawa Barat,Offline,K0159,Korporat,SR06,Smartphone,Smartphone Lumo X,3,0.0,Completed,5500000.0,16500000.0,14383200.0
ORD-102220,2025-05-08,Kalimantan,Offline,C02100,UMKM,SR14,Smartphone,Smartphone Lumo X,5,0.1,Completed,5500000.0,24750000.0,23860500.0
ORD-102221,2025-05-08,Kalimantan,Offline,C01220,UMKM,SR15,Aksesoris,Power Bank 20000mAh,14,0.0,Completed,320000.0,4480000.0,2786000.0
ORD-102222,2025-05-08,Jakarta,Online,C02395,Retail,SYS-ONLINE,Smartphone,Smartphone Lumo A5,2,0.1,Completed,2800000.0,5040000.0,4841400.0
ORD-102223,2025-05-08,Sumatera,Offline,C01708,UMKM,SR11,Printer & Tinta,Tinta Botol Set CMYK,2,0.0,Completed,280000.0,560000.0,331000.0
ORD-102224,2025-05-08,Jakarta,Offline,C01362,Retail,SR01,Aksesoris,Keyboard Mekanik K7,2,0.0,Completed,650000.0,1300000.0,807400.0
ORD-102225,2025-05-08,Jakarta,Offline,C01401,Retail,SR03,Aksesoris,Headset USB H3,4,0.0,Completed,350000.0,1400000.0,842000.0
ORD-102226,2025-05-08,Jawa Timur,Offline,C01603,Retail,SR08,Aksesoris,Power Bank 20000mAh,5,0.0,Completed,320000.0,1600000.0,1013500.0
ORD-102227,2025-05-08,Jawa Barat,Offline,K0040,Korporat,SR06,Peralatan Kantor,Kursi Ergonomis E1,15,0.05,Completed,1900000.0,27075000.0,19561500.0
ORD-102488,2025-06-08,Kalimantan,Offline,C01699,Retail,SR13,Networking,Router WiFi 6 R600,3,0.05,Completed,1200000.0,3420000.0,
ORD-102489,2025-06-08,Sulawesi,Offline,C01568,Retail,SR17,Peralatan Kantor,Kertas A4 80gsm (rim),4,0.1,Completed,55000.0,198000.0,151200.0
ORD-102490,2025-06-08,Jakarta,Offline,C01415,UMKM,SR01,Smartphone,Smartphone Lumo X,3,0.1,Completed,5500000.0,14850000.0,14586600.0
ORD-102491,2025-06-08,Sumatera,Offline,C00433,UMKM,SR12,Laptop,Laptop Axio Pro 15,4,0.05,Completed,13000000.0,49400000.0,47062800.0
ORD-102492,2025-06-08,Jawa Barat,Offline,C00231,UMKM,SR05,Peralatan Kantor,Kertas A4 80gsm (rim),4,0.0,Completed,55000.0,220000.0,152000.0
ORD-102726,2025-07-08,Jawa Timur,Offline,C00102,UMKM,SR09,Laptop,Laptop Axio 14,5,0.05,Completed,8500000.0,40375000.0,38168500.0
ORD-102727,2025-07-08,DKI Jakarta,Offline,C01046,UMKM,SR01,Laptop,Laptop Axio 14,1,0.0,Completed,8500000.0,8500000.0,7692000.0
ORD-102728,2025-07-08,Jawa Timur,Offline,C01610,Retail,SR09,Aksesoris,Power Bank 20000mAh,3,0.05,Completed,320000.0,912000.0,600300.0
ORD-102729,2025-07-08,Jakarta,Online,C00469,UMKM,SYS-ONLINE,Laptop,Laptop Axio Pro 15,3,0.05,Completed,13000000.0,37050000.0,35101800.0
ORD-102729,2025-07-08,Jakarta,Online,C00469,UMKM,SYS-ONLINE,Laptop,Laptop Axio Pro 15,3,0.05,Completed,13000000.0,37050000.0,35101800.0
ORD-102730,2025-07-08,Jakarta,Offline,C01071,UMKM,SR01,Aksesoris,Keyboard Mekanik K7,11,0.0,Completed,650000.0,7150000.0,4338400.0
ORD-102731,2025-07-08,Jakarta,Offline,C01184,Retail,SR01,Printer & Tinta,Printer InkJet P200,1,0.05,Completed,2100000.0,1995000.0,1692800.0
ORD-102732,2025-07-08,Jakarta,Offline,C00816,Retail,SR02,Printer & Tinta,Printer InkJet P200,2,0.0,Completed,2100000.0,4200000.0,3352200.0
ORD-102733,2025-07-08,Jawa Timur,Offline,C01121,Retail,SR07,Smartphone,Smartphone Lumo A5,1,0.0,Completed,2800000.0,2800000.0,2397300.0
ORD-102734,2025-07-08,Jakarta,Online,C01860,Retail,SYS-ONLINE,Smartphone,Smartphone Lumo X,2,0.15,Completed,5500000.0,9350000.0,9551200.0
ORD-102735,2025-07-08,Sulawesi,Offline,C01331,Retail,SR16,Peralatan Kantor,Kertas A4 80gsm (rim),2,0.05,Completed,55000.0,104500.0,76800.0
ORD-102736,2025-07-08,Jawa Barat,Online,C01782,UMKM,SYS-ONLINE,Laptop,Laptop Veno 13,1,0.05,Completed,6200000.0,5890000.0,5617300.0
ORD-102737,2025-07-08,Jakarta,Offline,C02340,UMKM,SR03,Smartphone,Smartphone Lumo X,4,0.1,Completed,5500000.0,19800000.0,19442000.0
ORD-102738,2025-07-08,Jakarta,Offline,C00605,Retail,SR01,Smartphone,Smartphone Lumo X,1,0.05,Completed,5500000.0,5225000.0,4758500.0
ORD-102739,2025-07-08,Jawa Barat,Offline,C00035,UMKM,SR06,Aksesoris,Power Bank 20000mAh,4,0.0,Completed,320000.0,1280000.0,792400.0
ORD-102740,2025-07-08,Sulawesi,Offline,C00683,Retail,SR16,Laptop,Laptop Axio 14,2,0.05,Completed,8500000.0,16150000.0,15140600.0
RET-102701,2025-07-08,jawa timur,Offline,C00811,UMKM,SR08,Laptop,Laptop Axio 14,-4,0.0,Returned,8500000.0,-34000000.0,-30776000.0
ORD-103014,2025-08-08,SULAWESI,Online,C01821,UMKM,SYS-ONLINE,Laptop,Laptop Axio 14,4,0.0,Completed,8500000.0,34000000.0,30014800.0
ORD-103015,2025-08-08,Jakarta,Online,C01194,Retail,SYS-ONLINE,Aksesoris,Headset USB H3,4,0.1,Completed,350000.0,1260000.0,830800.0
ORD-103016,2025-08-08,Jawa Barat,Offline,C02024,UMKM,SR05,Aksesoris,Keyboard Mekanik K7,8,0.0,Completed,650000.0,5200000.0,3235200.0
ORD-103017,2025-08-08,Jawa Timur,Offline,C01833,UMKM,SR07,Printer & Tinta,Tinta Botol Set CMYK,4,5.0,Completed,280000.0,1064000.0,652800.0
ORD-103018,2025-08-08,Sumatera,Online,K0129,Korporat,SYS-ONLINE,Networking,Switch 8 Port S8,45,0.1,Completed,450000.0,18225000.0,
ORD-103019,2025-08-08,Jawa Barat,Offline,C02164,Retail,SR06,Aksesoris,Power Bank 20000mAh,1,0.1,Completed,320000.0,288000.0,199600.0
ORD-103020,2025-08-08,Jawa Timur,Online,K0061,Korporat,SYS-ONLINE,Smartphone,Smartphone Lumo A5,3,0.0,Completed,2800000.0,8400000.0,7188600.0
ORD-103021,2025-08-08,Jawa Timur,Offline,C00639,Retail,SR07,Peralatan Kantor,Kertas A4 80gsm (rim),3,0.0,Completed,55000.0,165000.0,112500.0
ORD-103281,2025-09-08,Jawa Barat,Offline,K0062,Korporat,SR04,Printer & Tinta,Printer InkJet P200,6,0.1,Completed,2100000.0,11340000.0,10093200.0
ORD-103282,2025-09-08,Sulawesi,Offline,C00983,Retail,SR16,Printer & Tinta,Tinta Botol Set CMYK,2,0.0,Completed,280000.0,560000.0,334200.0
ORD-103283,2025-09-08,Jawa Barat,Offline,C02072,Retail,SR06,Smartphone,Smartphone Lumo A5,1,0.0,Completed,2800000.0,2800000.0,2394900.0
ORD-103284,2025-09-08,Jatim,Offline,C01136,UMKM,SR09,Peralatan Kantor,Kertas A4 80gsm (rim),14,0.0,Completed,55000.0,770000.0,534800.0
ORD-103285,2025-09-08,Sumatra,Offline,C00047,UMKM,SR11,Aksesoris,Power Bank 20000mAh,2,10.0,Completed,320000.0,576000.0,399000.0
ORD-103286,2025-09-08,Jakarta,Online,C02030,Retail,SYS-ONLINE,Peralatan Kantor,Kursi Ergonomis E1,4,0.25,Completed,1900000.0,5700000.0,5232800.0
ORD-103287,2025-09-08,Jawa Barat,Online,K0012,Korporat,SYS-ONLINE,Laptop,Laptop Axio Pro 15,8,0.3,Completed,13000000.0,72800000.0,93767200.0
ORD-103288,2025-09-08,Jawa Barat,Online,C02164,UMKM,SYS-ONLINE,Aksesoris,Keyboard Mekanik K7,12,0.1,Completed,650000.0,7020000.0,4845600.0
ORD-103289,2025-09-08,Jawa barat ,Offline,C01265,UMKM,SR04,Peralatan Kantor,Kertas A4 80gsm (rim),1,0.05,Completed,55000.0,52250.0,38300.0
ORD-103289,2025-09-08,Jawa barat ,Offline,C01265,UMKM,SR04,Peralatan Kantor,Kertas A4 80gsm (rim),1,0.05,Completed,55000.0,52250.0,38300.0
ORD-103290,2025-09-08,Jawa Timur,Offline,C01994,Retail,SR08,Printer & Tinta,Printer InkJet P200,2,0.3,Completed,2100000.0,2940000.0,3379200.0
ORD-103291,2025-09-08,Sumatera,Online,C00767,UMKM,SYS-ONLINE,Networking,Switch 8 Port S8,9,0.05,Completed,450000.0,3847500.0,
RET-103198,2025-09-08,Kalimantan,Offline,C01068,Retail,SR14,Smartphone,Smartphone Lumo A5,-2,0.05,Returned,2800000.0,-5320000.0,-4889000.0
ORD-103532,2025-10-08,Jawa Timur,Online,K0018,Korporat,SYS-ONLINE,Laptop,Laptop Veno 13,5,0.1,Completed,6200000.0,27900000.0,27524000.0
ORD-103533,2025-10-08,Jawa barat ,Offline,C00018,UMKM,SR04,Aksesoris,Keyboard Mekanik K7,9,0.05,Completed,650000.0,5557500.0,3555900.0
ORD-103534,2025-10-08,Jawa Barat,Online,C00050,Retail,SYS-ONLINE,Aksesoris,Mouse Wireless M20,2,0.0,Completed,180000.0,360000.0,208800.0
ORD-103535,2025-10-08,Jawa Barat,Online,C01716,Retail,SYS-ONLINE,Aksesoris,Keyboard Mekanik K7,5,0.25,Completed,650000.0,2437500.0,2004000.0
ORD-103536,2025-10-08,Jawa Barat,Offline,C00296,Retail,SR05,Printer & Tinta,Printer InkJet P200,1,0.1,Completed,2100000.0,1890000.0,1684600.0
ORD-103537,2025-10-08,Jakarta,Offline,C00861,UMKM,SR01,Peralatan Kantor,Kursi Ergonomis E1,13,0.0,Completed,1900000.0,24700000.0,17130100.0
ORD-103538,2025-10-08,Sulawesi,Online,C01521,Retail,SYS-ONLINE,Aksesoris,Keyboard Mekanik K7,5,0.0,Completed,650000.0,3250000.0,
ORD-103539,2025-10-08,Jakarta,Offline,C00821,Retail,SR02,Laptop,Laptop Axio Pro 15,2,0.05,Completed,13000000.0,24700000.0,23441800.0
ORD-103540,2025-10-08,Jawa Timur,Offline,C01589,Retail,SR08,Smartphone,Smartphone Lumo A5,1,0.05,Completed,2800000.0,2660000.0,2434700.0
ORD-103541,2025-10-08,Jawa Timur,Offline,C00513,Retail,SR07,Aksesoris,Mouse Wireless M20,3,20.0,Completed,180000.0,432000.0,319500.0
ORD-103542,2025-10-08,Kalimantan,Online,C00744,Retail,SYS-ONLINE,Smartphone,Smartphone Lumo X,2,0.25,Completed,5500000.0,8250000.0,9529200.0
ORD-103543,2025-10-08,Jakarta,Offline,K0042,Korporat,SR03,Aksesoris,Keyboard Mekanik K7,39,0.1,Completed,650000.0,22815000.0,15720900.0
ORD-103544,2025-10-08,Jakarta,Offline,C00976,UMKM,SR02,Aksesoris,Mouse Wireless M20,12,0.0,Completed,180000.0,2160000.0,1262400.0
ORD-103819,2025-11-08,Jawa Barat,Online,K0009,Korporat,SYS-ONLINE,Aksesoris,Power Bank 20000mAh,12,0.3,Completed,320000.0,2688000.0,2397600.0
ORD-103820,2025-11-08,Jakarta,Offline,C01309,Retail,SR03,Printer & Tinta,Tinta Botol Set CMYK,2,0.05,Completed,280000.0,532000.0,326600.0
ORD-103821,2025-11-08,Jawa Barat,Online,C00040,UMKM,SYS-ONLINE,Smartphone,Smartphone Lumo X,2,0.1,Completed,5500000.0,9900000.0,9580600.0
ORD-103822,2025-11-08,Jakarta,Offline,C01506,UMKM,SR03,Laptop,Laptop Veno 13,2,0.0,Completed,6200000.0,12400000.0,11203800.0
ORD-103823,2025-11-08,,Online,C00516,Retail,SYS-ONLINE,Aksesoris,Power Bank 20000mAh,5,0.05,Completed,320000.0,1520000.0,992000.0
ORD-103824,2025-11-08,Jawa Barat,Online,C02148,UMKM,SYS-ONLINE,Networking,Switch 8 Port S8,1,0.2,Completed,450000.0,360000.0,303200.0
ORD-103825,2025-11-08,Jawa Barat,Online,K0175,Korporat,SYS-ONLINE,Laptop,Laptop Axio 14,3,0.25,Completed,8500000.0,19125000.0,23017800.0
ORD-103826,2025-11-08,Jakarta,Online,K0152,Korporat,SYS-ONLINE,Aksesoris,Power Bank 20000mAh,35,0.0,Completed,320000.0,11200000.0,7038500.0
ORD-103827,2025-11-08,Jakarta,Offline,C01393,UMKM,SR02,Networking,Switch 8 Port S8,14,0.0,Completed,450000.0,6300000.0,
ORD-103828,2025-11-08,Sumatera,Offline,K0025,Korporat,SR12,Networking,Switch 8 Port S8,4,0.0,Completed,450000.0,1800000.0,1197200.0
ORD-103829,2025-11-08,Jawa Timur,Offline,C00649,Retail,SR09,Peralatan Kantor,Kertas A4 80gsm (rim),1,0.25,Completed,55000.0,41250.0,38400.0
ORD-104144,2025-12-08,Jawa Timur,online,C01235,Retail,SYS-ONLINE,Networking,Switch 8 Port S8,4,0.05,Completed,450000.0,1710000.0,
ORD-104145,2025-12-08,Jawa Timur,Online,C00022,UMKM,SYS-ONLINE,Peralatan Kantor,Kursi Ergonomis E1,12,0.3,Completed,1900000.0,15960000.0,15652800.0
ORD-104146,2025-12-08,Jakarta,Online,C00796,UMKM,SYS-ONLINE,Laptop,Laptop Axio 14,1,0.2,Completed,8500000.0,6800000.0,7693600.0
ORD-104147,2025-12-08,Jakarta,Offline,C01700,Retail,SR03,Peralatan Kantor,Kertas A4 80gsm (rim),3,0.1,Completed,55000.0,148500.0,113700.0
ORD-104148,2025-12-08,Sumatra,Offline,C01464,UMKM,SR11,Aksesoris,Mouse Wireless M20,2,0.0,Completed,180000.0,360000.0,209600.0
ORD-104149,2025-12-08,Jawa Barat,Offline,C00029,UMKM,SR06,Laptop,Laptop Veno 13,5,0.0,Completed,6200000.0,31000000.0,27729000.0
ORD-104150,2025-12-08,Jakarta,Offline,C00363,Retail,SR02,Aksesoris,Power Bank 20000mAh,3,0.1,Completed,320000.0,864000.0,603600.0
ORD-104151,2025-12-08,Kalimantan,Offline,K0028,Korporat,SR13,Laptop,Laptop Axio Pro 15,6,0.0,Completed,13000000.0,78000000.0,70918800.0
ORD-104152,2025-12-08,DKI Jakarta,Online,C01472,UMKM,SYS-ONLINE,Smartphone,Smartphone Lumo X,3,0.05,Completed,5500000.0,15675000.0,14533500.0
ORD-104153,2025-12-08,Kalimantan,Online,K0006,Korporat,SYS-ONLINE,Aksesoris,Mouse Wireless M20,6,0.0,Completed,180000.0,1080000.0,623400.0
ORD-104154,2025-12-08,Jawa Timur,Offline,C01915,Retail,SR09,Networking,Router WiFi 6 R600,2,0.1,Completed,1200000.0,2160000.0,
ORD-104155,2025-12-08,Jawa Timur,Offline,K0043,Korporat,SR08,Peralatan Kantor,Kertas A4 80gsm (rim),25,0.0,Completed,55000.0,1375000.0,950000.0
ORD-104156,2025-12-08,Sumatera,E-Commerce,C01599,UMKM,SYS-ONLINE,Networking,Switch 8 Port S8,6,0.05,Completed,450000.0,2565000.0,1777800.0
ORD-104157,2025-12-08,Sumatera,Online,C01677,UMKM,SYS-ONLINE,Aksesoris,Headset USB H3,12,0.05,Completed,350000.0,3990000.0,2556000.0
ORD-104158,2025-12-08,Jakarta,Offline,C02178,Retail,SR02,Smartphone,Smartphone Lumo A5,2,0.05,Completed,2800000.0,5320000.0,4869000.0
ORD-103071,2025-08-13,Sumatra,Offline,C01912,Retail,SR12,Printer & Tinta,Printer InkJet P200,2,0.0,Completed,2100000.0,4200000.0,3417800.0
ORD-103072,2025-08-13,Kalimantan,Online,C01911,Retail,SYS-ONLINE,Smartphone,Smartphone Lumo A5,1,0.05,Completed,2800000.0,2660000.0,2405000.0
ORD-103073,2025-08-13,Jawa barat ,Offline,K0156,Korporat,SR06,Smartphone,Smartphone Lumo X,8,0.0,Completed,5500000.0,44000000.0,38709600.0
ORD-103074,2025-08-13,Jawa Timur,Offline,K0106,Korporat,SR07,Laptop,Laptop Axio Pro 15,9,0.0,Completed,13000000.0,117000000.0,105261300.0
ORD-103075,2025-08-14,Jakarta,Offline,C00793,Retail,SR02,Smartphone,Smartphone Lumo X,2,0.05,Completed,5500000.0,10450000.0,9581600.0
ORD-103076,2025-08-14,Sumatera,Offline,C00786,Retail,SR11,Printer & Tinta,Printer InkJet P200,1,0.0,Completed,2100000.0,2100000.0,1717800.0
ORD-103077,2025-08-14,Jawa Barat,Offline,K0096,Korporat,SR04,Printer & Tinta,Tinta Botol Set CMYK,8,0.0,Completed,280000.0,2240000.0,1326400.0
ORD-103078,2025-08-14,DKI Jakarta,Offline,C02170,UMKM,SR02,Aksesoris,Mouse Wireless M20,8,0.0,Completed,180000.0,1440000.0,850400.0
ORD-103079,2025-08-14,,Online,C01141,UMKM,SYS-ONLINE,Peralatan Kantor,Kertas A4 80gsm (rim),6,0.05,Completed,55000.0,313500.0,226800.0
ORD-103080,2025-08-14,Jakarta,Offline,C00208,Retail,SR01,Aksesoris,Power Bank 20000mAh,2,0.0,Completed,320000.0,640000.0,394000.0
ORD-103081,2025-08-14,Jakarta,Online,C00436,UMKM,SYS-ONLINE,Laptop,Laptop Veno 13,4,0.0,Completed,6200000.0,24800000.0,22490800.0
ORD-103082,2025-08-14,Jawa Timur,Offline,C00325,UMKM,SR07,Aksesoris,Headset USB H3,1,0.0,Completed,350000.0,350000.0,211700.0
ORD-103083,2025-08-14,Jakarta,Online,C01268,Retail,SYS-ONLINE,Laptop,Laptop Axio Pro 15,1,0.05,Completed,13000000.0,12350000.0,11615300.0
ORD-103084,2025-08-15,jakarta,Offline,C01272,UMKM,SR02,Aksesoris,Mouse Wireless M20,5,0.05,Completed,180000.0,855000.0,528000.0
ORD-103085,2025-08-15,Jawa Barat,Offline,K0095,Korporat,SR06,Networking,Switch 8 Port S8,8,0.0,Completed,450000.0,3600000.0,2408800.0
ORD-103086,2025-08-15,Jawa Timur,Offline,C01241,Retail,SR09,Aksesoris,Headset USB H3,5,0.0,Completed,350000.0,1750000.0,1061000.0
ORD-103087,2025-08-15,Sumatra,Offline,C01409,UMKM,SR12,Aksesoris,Keyboard Mekanik K7,14,0.0,Completed,650000.0,9100000.0,5553800.0
ORD-103088,2025-08-15,Jakarta,Offline,C00904,Retail,SR03,Aksesoris,Power Bank 20000mAh,2,0.0,Completed,320000.0,640000.0,394200.0
ORD-103089,2025-08-15,Sumatera,Online,C02240,UMKM,SYS-ONLINE,Laptop,Laptop Axio Pro 15,4,0.05,Completed,13000000.0,49400000.0,46372400.0
ORD-103090,2025-08-16,Jakarta,Online,C01018,UMKM,SYS-ONLINE,Laptop,Laptop Veno 13,3,0.05,Completed,6200000.0,17670000.0,16538400.0
ORD-103091,2025-08-16,Jakarta,Offline,C00306,Retail,SR01,Networking,Router WiFi 6 R600,5,0.0,Completed,1200000.0,6000000.0,
ORD-103092,2025-08-16,Sumatra,Offline,C01013,UMKM,SR11,Smartphone,Smartphone Lumo A5,5,0.0,Completed,2800000.0,14000000.0,11975500.0
ORD-103093,2025-08-16,Jawa Barat,Offline,C00735,UMKM,SR05,Aksesoris,Mouse Wireless M20,7,0.05,Completed,180000.0,1197000.0,728700.0
ORD-103094,2025-08-16,Sumatera,Online,C00616,Retail,SYS-ONLINE,Networking,Router WiFi 6 R600,3,0.1,Completed,1200000.0,3240000.0,2573700.0
ORD-103095,2025-08-16,Jakarta,Offline,K0140,Korporat,SR02,Peralatan Kantor,Kursi Ergonomis E1,7,0.0,Completed,1900000.0,13300000.0,9020200.0
ORD-103096,2025-08-16,Jawa Barat,Online,C01206,UMKM,SYS-ONLINE,Peralatan Kantor,Kursi Ergonomis E1,3,0.0,Completed,1900000.0,5700000.0,3870900.0
ORD-103097,2025-08-16,Jawa Barat,Offline,K0040,Korporat,SR05,Networking,Router WiFi 6 R600,31,0.0,Completed,1200000.0,37200000.0,
ORD-103098,2025-08-16,Jabar,Offline,C00746,Retail,SR05,Printer & Tinta,Printer InkJet P200,2,0.05,Completed,2100000.0,3990000.0,3380600.0
ORD-103099,2025-08-16,Jawa Barat,Online,C00010,Retail,SYS-ONLINE,Aksesoris,Headset USB H3,1,0.05,Completed,350000.0,332500.0,208900.0
ORD-103100,2025-08-16,Jakarta,online,C00379,UMKM,SYS-ONLINE,Laptop,Laptop Axio 14,5,0.05,Completed,8500000.0,40375000.0,37984000.0
ORD-103101,2025-08-17,Jakarta,Online,C00552,Retail,SYS-ONLINE,LAPTOP,Laptop Veno 13,2,0.0,Completed,6200000.0,12400000.0,11194600.0
ORD-103102,2025-08-17,Sumatera,Offline,C00547,Retail,SR11,Peralatan Kantor,Kursi Ergonomis E1,3,0.0,Completed,1900000.0,5700000.0,3939900.0
ORD-103103,2025-08-17,Jawa Timur,Online,C00538,Retail,SYS-ONLINE,Aksesoris,Keyboard Mekanik K7,1,0.1,Completed,650000.0,585000.0,402600.0
ORD-103104,2025-08-17,Jawa Barat,Offline,C02372,UMKM,SR05,Aksesoris,Headset USB H3,2,0.0,Completed,350000.0,700000.0,424400.0
ORD-103105,2025-08-17,Sulawesi,Offline,C01990,Retail,SR18,Aksesoris,Keyboard Mekanik K7,1,0.0,Completed,650000.0,650000.0,399500.0
ORD-103106,2025-08-17,Jakarta,Online,C01276,UMKM,SYS-ONLINE,Smartphone,Smartphone Lumo X,1,0.15,Completed,5500000.0,4675000.0,4845700.0
ORD-103107,2025-08-17,Sumatera,Offline,C00757,Retail,SR12,Aksesoris,Mouse Wireless M20,3,0.0,Completed,180000.0,540000.0,311100.0
ORD-103108,2025-08-18,Jakarta,Offline,K0164,Korporat,SR02,Networking,Router WiFi 6 R600,27,0.0,Completed,1200000.0,32400000.0,22663800.0
ORD-103109,2025-08-18,Jawa Timur,Offline,K0144,Korporat,SR07,Printer & Tinta,Tinta Botol Set CMYK,3,0.0,Completed,280000.0,840000.0,499500.0
ORD-103110,2025-08-18,Jakarta,Offline,C01378,Retail,SR03,Peralatan Kantor,Kursi Ergonomis E1,4,0.05,Completed,1900000.0,7220000.0,5265200.0
ORD-103111,2025-08-18,Sulawesi,Offline,C00599,UMKM,SR17,Smartphone,Smartphone Lumo X,4,0.0,Completed,5500000.0,22000000.0,19295600.0
ORD-103112,2025-08-18,Sumatera,Offline,C00327,UMKM,SR12,Smartphone,Smartphone Lumo A5,4,0.0,Completed,2800000.0,11200000.0,9774000.0
ORD-103113,2025-08-18,Jawa Timur,Offline,C01960,Retail,SR09,Smartphone,Smartphone Lumo X,1,0.0,Completed,5500000.0,5500000.0,4729200.0
ORD-103114,2025-08-18,Jakarta,Offline,C00313,UMKM,SR03,Aksesoris,Power Bank 20000mAh,3,0.0,Completed,320000.0,960000.0,598200.0
ORD-103115,2025-08-18,Kalimantan,Online,C01008,Retail,SYS-ONLINE,Networking,Router WiFi 6 R600,3,0.05,Completed,1200000.0,3420000.0,2514300.0
ORD-103116,2025-08-18,Jawa Timur,Online,C01984,Retail,SYS-ONLINE,Laptop,Laptop Axio Pro 15,2,0.05,Completed,13000000.0,24700000.0,23525400.0
ORD-103117,2025-08-18,Jawa Timur,Online,C00455,UMKM,SYS-ONLINE,Peralatan Kantor,Kertas A4 80gsm (rim),7,0.1,Completed,55000.0,346500.0,265300.0
ORD-103118,2025-08-18,Kalimantan,Offline,C01329,Retail,SR14,Aksesoris,Keyboard Mekanik K7,4,0.1,Completed,650000.0,2340000.0,1622000.0
ORD-103119,2025-08-18,Jakarta,Online,C00871,UMKM,SYS-ONLINE,Aksesoris,Headset USB H3,12,0.1,Completed,350000.0,3780000.0,2536800.0
ORD-103120,2025-08-19,Jabar,Online,C00855,Retail,SYS-ONLINE,Aksesoris,Power Bank 20000mAh,1,0.15,Completed,320000.0,272000.0,200100.0
ORD-103121,2025-08-19,Jawa Barat,Offline,C02005,Retail,SR06,Peralatan Kantor,Kertas A4 80gsm (rim),4,0.05,Completed,55000.0,209000.0,150400.0
ORD-103122,2025-08-19,Jawa Timur,Offline,K0008,Korporat,SR07,Peralatan Kantor,Kursi Ergonomis E1,6,10.0,Completed,1900000.0,10260000.0,7852200.0
ORD-103123,2025-08-19,Jawa Barat,Offline,K0159,Korporat,SR04,Networking,Switch 8 Port S8,14,0.05,Completed,450000.0,5985000.0,
ORD-103124,2025-08-19,Jakarta,Online,C01479,Retail,SYS-ONLINE,Printer & Tinta,Printer InkJet P200,2,0.1,Completed,2100000.0,3780000.0,3445600.0
ORD-103125,2025-08-19,Jawa Timur,Offline,K0090,Korporat,SR07,Smartphone,Smartphone Lumo A5,3,5.0,Completed,2800000.0,7980000.0,7284000.0
ORD-103126,2025-08-20,Jakarta,Offline,K0097,Korporat,SR03,Smartphone,Smartphone Lumo A5,5,0.0,Completed,2800000.0,14000000.0,12154000.0
ORD-103127,2025-08-20,Kalimantan,Offline,C00586,Retail,SR15,Printer & Tinta,Printer InkJet P200,1,0.0,Completed,2100000.0,2100000.0,1683600.0
ORD-103128,2025-08-20,Jakarta,Online,C00451,UMKM,SYS-ONLINE,Smartphone,Smartphone Lumo A5,1,0.05,Completed,2800000.0,2660000.0,2399700.0
ORD-103129,2025-08-21,Jawa Timur,Offline,C00152,Retail,SR08,Printer & Tinta,Tinta Botol Set CMYK,1,0.0,Completed,280000.0,280000.0,163900.0
ORD-103130,2025-08-21,Jawa Timur,Offline,C00928,Retail,SR07,Printer & Tinta,Tinta Botol Set CMYK,100,0.0,Completed,280000.0,28000000.0,16540000.0
ORD-103131,2025-08-21,jakarta,Offline,C02174,UMKM,SR02,Networking,Switch 8 Port S8,1,0.05,Completed,450000.0,427500.0,
ORD-103132,2025-08-21,Jawa Timur,Offline,C00213,Retail,SR08,Aksesoris,Mouse Wireless M20,5,0.0,Completed,180000.0,900000.0,527500.0
ORD-103133,2025-08-21,Kalimantan,Online,C01646,Retail,SYS-ONLINE,Aksesoris,Keyboard Mekanik K7,5,0.1,Completed,650000.0,2925000.0,1974500.0
ORD-103134,2025-08-21,JKT ,Offline,K0149,Korporat,SR02,Printer & Tinta,Printer InkJet P200,7,0.05,Completed,2100000.0,13965000.0,12055400.0
ORD-103135,2025-08-21,Kalimantan,Offline,C01045,Retail,SR15,Smartphone,Smartphone Lumo A5,1,0.0,Completed,2800000.0,2800000.0,2419400.0
ORD-103136,2025-08-21,jawa timur,Offline,C01381,Retail,SR07,Smartphone,Smartphone Lumo X,1,0.0,Completed,5500000.0,5500000.0,4848800.0
ORD-103137,2025-08-21,Jawa Timur,Offline,C02251,UMKM,SR07,Smartphone,Smartphone Lumo A5,3,0.0,Completed,2800000.0,8400000.0,7246800.0
ORD-103138,2025-08-22,Jawa Timur,Offline,C01410,UMKM,SR09,Peralatan Kantor,Kursi Ergonomis E1,1,0.1,Completed,1900000.0,1710000.0,1300400.0
ORD-103139,2025-08-22,Jawa Barat,Offline,C01574,Retail,SR04,Aksesoris,Power Bank 20000mAh,4,0.0,Completed,320000.0,1280000.0,804000.0
ORD-103140,2025-08-22,Sumatera,Offline,C00939,Retail,SR10,Aksesoris,Mouse Wireless M20,3,0.1,Completed,180000.0,486000.0,313800.0
ORD-103141,2025-08-22,Jawa Timur,Offline,C00763,Retail,SR07,Laptop,Laptop Axio Pro 15,1,0.0,Completed,13000000.0,13000000.0,11498900.0
ORD-103142,2025-08-22,Jawa Barat,Offline,K0101,Korporat,SR06,Smartphone,Smartphone Lumo X,4,0.05,Completed,5500000.0,20900000.0,19240800.0
ORD-103143,2025-08-22,Jawa Timur,Offline,C01223,Retail,SR08,Peralatan Kantor,Kursi Ergonomis E1,1,0.0,Completed,1900000.0,1900000.0,1288500.0
ORD-103143,2025-08-22,Jawa Timur,Offline,C01223,Retail,SR08,Peralatan Kantor,Kursi Ergonomis E1,1,0.0,Completed,1900000.0,1900000.0,1288500.0
ORD-103144,2025-08-22,Jakarta,Offline,C00633,UMKM,SR03,Laptop,Laptop Axio 14,1,0.0,Completed,8500000.0,8500000.0,7575300.0
ORD-103145,2025-08-22,Jakarta,Offline,K0126,Korporat,SR03,Aksesoris,Power Bank 20000mAh,19,0.05,Completed,320000.0,5776000.0,
ORD-103146,2025-08-22,Sumatra,Offline,C01242,Retail,SR10,Laptop,Laptop Axio Pro 15,1,0.05,Completed,13000000.0,12350000.0,11721200.0
ORD-103147,2025-08-22,DKI Jakarta,Online,C01842,UMKM,SYS-ONLINE,Laptop,Laptop Axio 14,5,0.05,Completed,8500000.0,40375000.0,38466500.0
ORD-103148,2025-08-22,Jakarta,Offline,C00667,Retail,SR02,Laptop,Laptop Axio Pro 15,1,0.05,Completed,13000000.0,12350000.0,11804900.0
ORD-103149,2025-08-22,Kalimantan,Online,C01333,UMKM,SYS-ONLINE,Aksesoris,Power Bank 20000mAh,9,0.05,Completed,320000.0,2736000.0,1817100.0
ORD-103150,2025-08-22,Jawa Barat,Online,C00505,Retail,SYS-ONLINE,Aksesoris,Mouse Wireless M20,4,0.05,Completed,180000.0,684000.0,419200.0
ORD-103151,2025-08-22,Sulawesi,Online,C02078,Retail,SYS-ONLINE,Laptop,Laptop Axio 14,1,0.1,Completed,8500000.0,7650000.0,7541400.0
ORD-103152,2025-08-23,Jawa Barat,Offline,C00573,Retail,SR04,networking,Router WiFi 6 R600,4,0.1,Completed,1200000.0,4320000.0,
ORD-103153,2025-08-23,Jakarta,Offline,C01833,UMKM,SR01,Laptop,Laptop Axio 14,2,0.1,Completed,8500000.0,15300000.0,15007800.0
ORD-103154,2025-08-23,,Online,C01814,Retail,SYS-ONLINE,Laptop,Laptop Axio 14,2,0.05,Completed,8500000.0,16150000.0,15221800.0
ORD-103155,2025-08-23,Jakarta,Offline,K0047,Korporat,SR03,Peralatan Kantor,Kertas A4 80gsm (rim),3,0.05,Completed,55000.0,156750.0,114300.0
ORD-103156,2025-08-23,Sumatera,Online,C01413,Retail,SYS-ONLINE,Printer & Tinta,Tinta Botol Set CMYK,2,0.1,Completed,280000.0,504000.0,334000.0
ORD-103157,2025-08-23,Sulawesi,Offline,C00637,Retail,SR17,Aksesoris,Keyboard Mekanik K7,1,0.0,Completed,650000.0,650000.0,394800.0
ORD-103158,2025-08-23,Jawa Timur,Offline,C00562,Retail,SR08,Aksesoris,Keyboard Mekanik K7,4,0.0,Completed,650000.0,2600000.0,1586000.0
ORD-103159,2025-08-23,Jakarta,Online,K0125,Korporat,SYS-ONLINE,Aksesoris,Keyboard Mekanik K7,48,0.05,Completed,650000.0,29640000.0,19152000.0
ORD-103160,2025-08-23,Jawa Timur,Offline,C01870,UMKM,SR09,Peralatan Kantor,Kursi Ergonomis E1,11,0.0,Completed,1900000.0,20900000.0,14406700.0
ORD-103161,2025-08-24,Sulawesi,Offline,K0170,Korporat,SR17,Peralatan Kantor,Kursi Ergonomis E1,34,0.0,Completed,1900000.0,64600000.0,43560800.0
ORD-103162,2025-08-24,Jawa Timur,Offline,C01969,Retail,SR09,Peralatan Kantor,Kursi Ergonomis E1,1,0.05,Completed,1900000.0,1805000.0,1318100.0
ORD-103163,2025-08-24,Jawa Barat,Online,C02174,Retail,SYS-ONLINE,ATK,Kertas A4 80gsm (rim),2,0.15,Completed,55000.0,93500.0,75400.0
ORD-103164,2025-08-24,Jawa Barat,Online,C01688,Retail,SYS-ONLINE,Printer & Tinta,Tinta Botol Set CMYK,2,0.05,Completed,280000.0,532000.0,332600.0
ORD-103165,2025-08-24,Jakarta,Online,C00616,UMKM,SYS-ONLINE,Smartphone,Smartphone Lumo A5,1,0.1,Completed,2800000.0,2520000.0,2413900.0
ORD-103166,2025-08-24,Sulawesi,Offline,C02237,Retail,SR18,Peralatan Kantor,Kertas A4 80gsm (rim),1,0.0,Completed,55000.0,55000.0,38200.0
ORD-103167,2025-08-24,Jakarta,Online,C01474,UMKM,SYS-ONLINE,Laptop,Laptop Veno 13,2,0.05,Completed,6200000.0,11780000.0,11240400.0
ORD-103168,2025-08-24,Sulawesi,Online,C00796,Retail,SYS-ONLINE,Networking,Switch 8 Port S8,3,0.0,Completed,450000.0,1350000.0,
ORD-103169,2025-08-25,Sulawesi,Offline,C00805,Retail,SR17,Aksesoris,Keyboard Mekanik K7,5,0.0,Completed,650000.0,3250000.0,2022500.0
ORD-103170,2025-08-25,Jawa Barat,Online,C01210,UMKM,SYS-ONLINE,Aksesoris,Power Bank 20000mAh,3,0.0,Completed,320000.0,960000.0,596700.0
ORD-103171,2025-08-25,Sumatera,Online,C00975,UMKM,SYS-ONLINE,Smartphone,Smartphone Lumo A5,4,0.05,Completed,2800000.0,10640000.0,9750400.0
ORD-103172,2025-08-25,Sumatera,E-Commerce,C02291,Retail,SYS-ONLINE,Laptop,Laptop Axio Pro 15,2,0.05,Completed,13000000.0,24700000.0,23621800.0
ORD-103173,2025-08-25,Sumatera,Online,C02110,UMKM,SYS-ONLINE,Peralatan Kantor,Kursi Ergonomis E1,11,0.1,Completed,1900000.0,18810000.0,14249400.0
ORD-103174,2025-08-25,Sulawesi,Offline,C00982,Retail,SR16,Networking,Router WiFi 6 R600,4,0.05,Completed,1200000.0,4560000.0,
ORD-103175,2025-08-25,Jakarta,Offline,C00361,UMKM,SR02,Laptop,Laptop Veno 13,4,0.1,Cancelled,6200000.0,22320000.0,22072400.0
ORD-103176,2025-08-25,Jawa Timur,Online,C01997,Retail,SYS-ONLINE,Networking,Switch 8 Port S8,5,0.1,Completed,450000.0,2025000.0,1509000.0
ORD-103177,2025-08-25,,Online,C00949,Retail,SYS-ONLINE,Printer & Tinta,Printer InkJet P200,2,0.1,Completed,2100000.0,3780000.0,3366800.0
ORD-103178,2025-08-26,Jakarta,Online,C00891,Retail,SYS-ONLINE,Aksesoris,Keyboard Mekanik K7,1,0.15,Completed,650000.0,552500.0,398900.0
ORD-103179,2025-08-26,Kalimantan,Online,C00710,Retail,SYS-ONLINE,Smartphone,Smartphone Lumo A5,2,0.1,Completed,2800000.0,5040000.0,4819800.0
ORD-103180,2025-08-26,Kalimantan,Offline,C00769,UMKM,SR13,Smartphone,Smartphone Lumo X,1,0.0,Completed,5500000.0,5500000.0,4847700.0
ORD-103181,2025-08-26,Jawa Timur,Online,C00459,Retail,SYS-ONLINE,Aksesoris,Power Bank 20000mAh,2,0.0,Completed,320000.0,640000.0,399400.0
ORD-103182,2025-08-26,Jawa Barat,Offline,C01866,Retail,SR04,Smartphone,Smartphone Lumo X,2,0.0,Completed,5500000.0,11000000.0,9637400.0
ORD-103183,2025-08-26,Sumatera,Online,K0007,Korporat,SYS-ONLINE,Laptop,Laptop Axio 14,5,0.05,Completed,8500000.0,40375000.0,38366000.0
ORD-103184,2025-08-26,Jawa Barat,Online,C01320,Retail,SYS-ONLINE,Networking,Router WiFi 6 R600,1,0.05,Completed,1200000.0,1140000.0,
ORD-103185,2025-08-26,Jawa Barat,Offline,C02120,UMKM,SR05,Printer & Tinta,Printer InkJet P200,5,0.05,Completed,2100000.0,9975000.0,8435000.0
ORD-103186,2025-08-26,Sumatera,Offline,C00721,UMKM,SR11,Aksesoris,Keyboard Mekanik K7,4,0.0,Completed,650000.0,2600000.0,1622400.0
ORD-103187,2025-08-26,Jawa Barat,Offline,C01336,Retail,SR05,Laptop,Laptop Axio Pro 15,1,0.1,Completed,13000000.0,11700000.0,11526800.0
ORD-103188,2025-08-27,Kalimantan,Offline,K0095,Korporat,SR15,Aksesoris,Headset USB H3,35,5.0,Cancelled,350000.0,11637500.0,7371000.0
ORD-103189,2025-08-27,Jawa Timur,Online,C01333,Retail,SYS-ONLINE,Aksesori,Headset USB H3,3,0.05,Completed,350000.0,997500.0,635700.0
ORD-103190,2025-08-27,Jawa Barat,Offline,C01584,Retail,SR05,Peralatan kantor,Kertas A4 80gsm (rim),5,0.05,Completed,55000.0,261250.0,188500.0
ORD-103191,2025-08-27,Sumatera,Offline,C00864,Retail,SR11,Laptop,Laptop Veno 13,1,0.0,Completed,6200000.0,6200000.0,5481700.0
ORD-103192,2025-08-27,Sumatera,Online,C00967,Retail,SYS-ONLINE,Networking,Router WiFi 6 R600,4,0.15,Completed,1200000.0,4080000.0,3417200.0
ORD-103193,2025-08-27,Jawa Timur,Offline,C02047,Retail,SR08,Aksesoris,Power Bank 20000mAh,1,0.0,Completed,320000.0,320000.0,200600.0
ORD-103194,2025-08-28,Jakarta,Offline,C01989,UMKM,SR02,Networking,Switch 8 Port S8,1,0.05,Completed,450000.0,427500.0,
ORD-103195,2025-08-28,Jawa Timur,Offline,K0129,Korporat,SR09,Peralatan Kantor,Kertas A4 80gsm (rim),42,0.05,Completed,55000.0,2194500.0,1583400.0
ORD-103196,2025-08-28,Kalimantan,Offline,C00115,Retail,SR15,Aksesoris,Power Bank 20000mAh,5,0.0,Completed,320000.0,1600000.0,1001000.0
ORD-103197,2025-08-28,Jawa Barat,Online,K0102,Korporat,SYS-ONLINE,Printer & Tinta,Printer InkJet P200,261,0.08,Completed,2100000.0,504252000.0,438219000.0
ORD-103198,2025-08-28,Kalimantan,Offline,C01068,Retail,SR14,Smartphone,Smartphone Lumo A5,2,0.05,Completed,2800000.0,5320000.0,4889000.0
ORD-103199,2025-08-28,Jawa Barat,Offline,C01792,UMKM,SR04,Networking,Switch 8 Port S8,5,0.0,Completed,450000.0,2250000.0,1510000.0
ORD-103200,2025-08-28,jawa timur,Offline,C01793,Retail,SR07,Aksesoris,Power Bank 20000mAh,4,0.0,Completed,320000.0,1280000.0,809200.0
ORD-103201,2025-08-28,Sumatera,Offline,C02092,Retail,SR12,Printer & Tinta,Printer InkJet P200,1,0.0,Completed,2100000.0,2100000.0,1714300.0
ORD-103202,2025-08-28,Sumatera,Online,C02272,UMKM,SYS-ONLINE,Smartphone,Smartphone Lumo A5,3,0.1,Completed,2800000.0,7560000.0,7229400.0
ORD-103203,2025-08-28,Jawa Timur,Online,C02378,UMKM,SYS-ONLINE,Printer & Tinta,Tinta Botol Set CMYK,3,0.15,Completed,280000.0,714000.0,495000.0
ORD-103204,2025-08-28,Jakarta,Online,C00323,Retail,SYS-ONLINE,Networking,Router WiFi 6 R600,5,0.05,Completed,1200000.0,5700000.0,4298500.0
ORD-103205,2025-08-29,Kalimantan,Online,C01530,UMKM,SYS-ONLINE,Laptop,Laptop Veno 13,1,0.1,Completed,6200000.0,5580000.0,5590500.0
ORD-103206,2025-08-29,Jawa Barat,Online,C02335,Retail,SYS-ONLINE,Laptop,Laptop Axio Pro 15,2,0.05,Completed,13000000.0,24700000.0,23532600.0
ORD-103207,2025-08-29,Jawa barat ,Online,C01812,Retail,SYS-ONLINE,Laptop,Laptop Veno 13,2,0.0,Completed,6200000.0,12400000.0,10989200.0
ORD-103208,2025-08-29,Kalimantan,Offline,C00560,Retail,SR13,Printer & Tinta,Printer InkJet P200,1,0.1,Completed,2100000.0,1890000.0,1689900.0
RET-103114,2025-08-29,Jakarta,Offline,C00313,UMKM,SR03,Aksesoris,Power Bank 20000mAh,-3,0.0,Returned,320000.0,-960000.0,-598200.0
ORD-103209,2025-08-30,Jawa Barat,Online,C01138,Retail,SYS-ONLINE,Aksesoris,Mouse Wireless M20,4,0.15,Completed,180000.0,612000.0,418800.0
ORD-103210,2025-08-30,Jakarta,E-Commerce,C00253,Retail,SYS-ONLINE,Peralatan Kantor,Kursi Ergonomis E1,1,0.1,Completed,1900000.0,1710000.0,1287600.0
ORD-103211,2025-08-30,,Online,C00323,Retail,SYS-ONLINE,Printer&Tinta,Printer InkJet P200,2,0.0,Completed,2100000.0,4200000.0,3425400.0
ORD-103212,2025-08-30,Jawa Barat,Offline,C00800,UMKM,SR06,Aksesoris,Power Bank 20000mAh,2,0.05,Completed,320000.0,608000.0,402200.0
ORD-103213,2025-08-30,Jakarta,Online,C01703,Retail,SYS-ONLINE,Aksesoris,Power Bank 20000mAh,4,0.1,Completed,320000.0,1152000.0,810000.0
ORD-103214,2025-08-30,Jawa Timur,Offline,C00431,UMKM,SR09,Aksesoris,Power Bank 20000mAh,1,0.0,Completed,320000.0,320000.0,198300.0
ORD-103215,2025-08-31,Sumatera,Offline,C00558,UMKM,SR10,Laptop,Laptop Veno 13,3,0.0,Completed,6200000.0,18600000.0,
ORD-103216,2025-08-31,Jawa Barat,Offline,C00794,Retail,SR06,Peralatan Kantor,Kertas A4 80gsm (rim),1,0.0,Completed,55000.0,55000.0,38200.0
ORD-103217,2025-08-31,Jawa Barat,Offline,C00606,Retail,SR05,Aksesoris,Headset USB H3,5,0.0,Completed,350000.0,1750000.0,1043000.0
ORD-103218,2025-08-31,Kalimantan,Offline,C02326,Retail,SR15,Networking,Router WiFi 6 R600,3,10.0,Completed,1200000.0,3240000.0,2587500.0
ORD-103219,2025-08-31,,online,C00262,UMKM,SYS-ONLINE,Aksesoris,Keyboard Mekanik K7,11,0.05,Completed,650000.0,6792500.0,4357100.0
ORD-103220,2025-08-31,Jakarta,Offline,C00741,UMKM,SR01,Aksesoris,Headset USB H3,13,0.0,Completed,350000.0,4550000.0,2761200.0
ORD-103221,2025-08-31,Jawa Barat,Offline,C01174,UMKM,SR04,Printer & Tinta,Tinta Botol Set CMYK,1,0.0,Completed,280000.0,280000.0,166300.0
ORD-103222,2025-08-31,Sumatera,Offline,C00929,UMKM,SR11,Printer & Tinta,Tinta Botol Set CMYK,3,0.0,Completed,280000.0,840000.0,494100.0
ORD-103223,2025-08-31,Jawa Barat,Offline,C00370,Retail,SR05,Laptop,Laptop Axio 14,2,0.1,Completed,8500000.0,15300000.0,15194400.0
ORD-103224,2025-08-31,Jakarta,Offline,C02064,Retail,SR03,Smartphone,Smartphone Lumo A5,1,0.0,Completed,2800000.0,2800000.0,2459200.0
ORD-101158,2025-01-09,Jawa Timur,Offline,C02034,Retail,SR09,Aksesoris,Power Bank 20000mAh,2,0.1,Completed,320000.0,576000.0,397400.0
ORD-101159,2025-01-09,Kalimantan,Online,C00025,Retail,SYS-ONLINE,Peralatan Kantor,Kertas A4 80gsm (rim),2,0.0,Completed,55000.0,110000.0,76800.0
ORD-101160,2025-01-09,Sulawesi,Offline,C01774,UMKM,SR16,Aksesoris,Headset USB H3,12,0.05,Completed,350000.0,3990000.0,2548800.0
ORD-101161,2025-01-09,Jawa Timur,Offline,C01412,UMKM,SR09,Printer & Tinta,Tinta Botol Set CMYK,1,0.05,Completed,280000.0,266000.0,164200.0
ORD-101162,2025-01-09,Jakarta,Online,C02023,UMKM,SYS-ONLINE,Smartphone,Smartphone Lumo A5,3,0.0,Completed,2800000.0,8400000.0,7197300.0
ORD-101163,2025-01-09,,Online,C01706,Retail,SYS-ONLINE,Printer & Tinta,Printer InkJet P200,1,0.15,Completed,2100000.0,1785000.0,1680000.0
ORD-101164,2025-01-09,SULAWESI,Offline,C00791,UMKM,SR16,Smartphone,Smartphone Lumo X,4,0.0,Completed,5500000.0,22000000.0,19306800.0
ORD-101165,2025-01-09,Jakarta,Offline,C02059,UMKM,SR03,Aksesoris,Mouse Wireless M20,9,0.0,Completed,180000.0,1620000.0,932400.0
ORD-101166,2025-01-09,Jakarta,Offline,C00199,Retail,SR01,Peralatan Kantor,Kursi Ergonomis E1,3,0.05,Completed,1900000.0,5415000.0,3891900.0
ORD-101167,2025-01-09,Jawa Barat,Online,C00473,UMKM,SYS-ONLINE,Aksesoris,Keyboard Mekanik K7,3,0.1,Cancelled,650000.0,1755000.0,1192200.0
ORD-101168,2025-01-09,Jakarta,Offline,C00055,Retail,SR02,Aksesoris,Headset USB H3,1,0.05,Completed,350000.0,332500.0,208900.0
ORD-101388,2025-02-09,Sulawesi,Offline,C00580,Retail,SR17,Smartphone,Smartphone Lumo A5,1,0.0,Completed,2800000.0,2800000.0,2463400.0
ORD-101389,2025-02-09,Sumatera,Offline,C00478,Retail,SR12,Aksesoris,Power Bank 20000mAh,3,0.05,Completed,320000.0,912000.0,603300.0
ORD-101390,2025-02-09,,ONLINE,C01914,UMKM,SYS-ONLINE,Smartphone,Smartphone Lumo A5,1,0.0,Completed,2800000.0,2800000.0,2409600.0
ORD-101391,2025-02-09,Jakarta,Online,C00762,Retail,SYS-ONLINE,Laptop,Laptop Axio Pro 15,2,0.05,Completed,13000000.0,24700000.0,23218600.0
ORD-101392,2025-02-09,Jakarta,Offline,C00051,Retail,SR03,Peralatan Kantor,Kursi Ergonomis E1,1,0.05,Completed,1900000.0,1805000.0,1282600.0
ORD-101393,2025-02-09,Jawa Barat,Offline,C01063,Retail,SR04,Aksesoris,Keyboard Mekanik K7,1,0.0,Completed,650000.0,650000.0,405800.0
ORD-101394,2025-02-09,Jawa Barat,Online,C00417,UMKM,SYS-ONLINE,Smartphone,Smartphone Lumo X,3,0.0,Completed,5500000.0,16500000.0,14493300.0
ORD-101395,2025-02-09,Kalimantan,Offline,K0096,Korporat,SR14,Laptop,Laptop Veno 13,3,0.05,Completed,6200000.0,17670000.0,16671900.0
ORD-101396,2025-02-09,Jawa Barat,Online,C00959,UMKM,SYS-ONLINE,ATK,Kertas A4 80gsm (rim),3,0.15,Completed,55000.0,140250.0,115200.0
ORD-101397,2025-02-09,Sulawesi,Online,C01147,Retail,SYS-ONLINE,Smartphone,Smartphone Lumo X,2,0.0,Completed,5500000.0,11000000.0,9462400.0
ORD-101398,2025-02-09,Jakarta,Online,C01472,Retail,SYS-ONLINE,Aksesoris,Power Bank 20000mAh,5,0.05,Completed,320000.0,1520000.0,989500.0
ORD-101399,2025-02-09,Sumatera,Offline,K0071,Korporat,SR12,Aksesoris,Mouse Wireless M20,7,0.05,Completed,180000.0,1197000.0,742000.0
ORD-101676,2025-03-09,Sumatera,Offline,C02363,Retail,SR12,Peralatan Kantor,Kertas A4 80gsm (rim),5,0.0,Completed,55000.0,275000.0,191000.0
ORD-101677,2025-03-09,Jakarta,Offline,C02002,Retail,SR02,Printer & Tinta,Tinta Botol Set CMYK,1,0.0,Completed,280000.0,280000.0,164300.0
ORD-101678,2025-03-09,Sumatera,Online,C00562,Retail,SYS-ONLINE,Printer&Tinta,Tinta Botol Set CMYK,1,0.0,Completed,280000.0,280000.0,167400.0
ORD-101679,2025-03-09,Jawa Barat,Offline,C01436,Retail,SR06,Aksesoris,Power Bank 20000mAh,1,0.05,Completed,320000.0,304000.0,202000.0
ORD-101680,2025-03-09,Jawa Timur,Online,C00863,Retail,SYS-ONLINE,Printer&Tinta,Printer InkJet P200,2,0.05,Completed,2100000.0,3990000.0,3418800.0
ORD-101681,2025-03-09,Jawa Barat,Offline,C00852,Retail,SR04,Aksesoris,Power Bank 20000mAh,3,0.05,Completed,320000.0,912000.0,595500.0
ORD-101682,2025-03-09,Sumatera,Offline,C00543,Retail,SR12,ATK,Kursi Ergonomis E1,1,0.1,Completed,1900000.0,1710000.0,1297100.0
ORD-101683,2025-03-09,DKI Jakarta,Offline,C01062,Retail,SR03,Aksesoris,Power Bank 20000mAh,1,0.1,Completed,320000.0,288000.0,197600.0
ORD-101684,2025-03-09,Jakarta,Offline,K0046,Korporat,SR03,Laptop,Laptop Veno 13,8,0.0,Completed,6200000.0,49600000.0,43815200.0
ORD-101685,2025-03-09,Jawa Barat,Offline,C01508,Retail,SR05,Peralatan Kantor,Kertas A4 80gsm (rim),5,0.05,Completed,55000.0,261250.0,192500.0
ORD-101686,2025-03-09,Jawa Barat,Online,C00896,UMKM,SYS-ONLINE,Networking,Switch 8 Port S8,2,0.1,Completed,450000.0,810000.0,
ORD-101687,2025-03-09,Jawa Timur,Online,C01816,Retail,SYS-ONLINE,Networking,Router WiFi 6 R600,4,0.0,Completed,1200000.0,4800000.0,
ORD-101688,2025-03-09,Sumatera,Online,C00313,UMKM,SYS-ONLINE,Aksesoris,Keyboard Mekanik K7,7,0.1,Completed,650000.0,4095000.0,2771300.0
ORD-101689,2025-03-09,Jawa Timur,Offline,C01854,UMKM,SR08,Laptop,Laptop Veno 13,3,0.0,Completed,6200000.0,18600000.0,16792500.0
ORD-101690,2025-03-09,Jakarta,Offline,C00917,UMKM,SR01,Aksesoris,Power Bank 20000mAh,14,0.0,Cancelled,320000.0,4480000.0,2783200.0
ORD-101691,2025-03-09,Jakarta,Offline,C00613,UMKM,SR01,Peralatan Kantor,Kertas A4 80gsm (rim),11,0.0,Completed,55000.0,605000.0,412500.0
ORD-101692,2025-03-09,Sumatera,Offline,C00427,Retail,SR12,Peralatan Kantor,Kursi Ergonomis E1,5,0.05,Completed,1900000.0,9025000.0,6550000.0
ORD-101693,2025-03-09,Jawa Barat,Offline,C00987,UMKM,SR05,Smartphone,Smartphone Lumo A5,5,0.05,Completed,2800000.0,13300000.0,12111500.0
ORD-101694,2025-03-09,Kalimantan,Online,C00425,Retail,SYS-ONLINE,Aksesoris,Mouse Wireless M20,3,0.1,Completed,180000.0,486000.0,315900.0
ORD-101694,2025-03-09,Kalimantan,Online,C00425,Retail,SYS-ONLINE,Aksesoris,Mouse Wireless M20,3,0.1,Completed,180000.0,486000.0,315900.0
ORD-101695,2025-03-09,Jawa Barat,Offline,K0052,Korporat,SR06,Laptop,Laptop Veno 13,2,0.0,Completed,6200000.0,12400000.0,11245400.0
ORD-102001,2025-04-09,Kalimantan,Offline,C01650,Retail,SR14,Peralatan Kantor,Kursi Ergonomis E1,4,0.05,Completed,1900000.0,7220000.0,5130800.0
ORD-102002,2025-04-09,Sumatera,Online,C01749,Retail,SYS-ONLINE,Laptop,Laptop Axio 14,1,0.0,Completed,8500000.0,8500000.0,7705600.0
ORD-102003,2025-04-09,Jawa Timur,Online,C01528,Retail,SYS-ONLINE,Peralatan Kantor,Kursi Ergonomis E1,4,0.1,Completed,1900000.0,6840000.0,5232800.0
ORD-102004,2025-04-09,Sulawesi,Online,C01947,Retail,SYS-ONLINE,Aksesoris,Headset USB H3,3,0.0,Completed,350000.0,1050000.0,622800.0
ORD-102005,2025-04-09,Jawa Barat,Offline,K0058,Korporat,SR05,Laptop,Laptop Axio 14,3,0.0,Completed,8500000.0,25500000.0,22853700.0
ORD-102006,2025-04-09,Jawa Timur,Offline,C00834,Retail,SR09,LAPTOP,Laptop Axio 14,2,0.0,Completed,8500000.0,17000000.0,15197000.0
ORD-102007,2025-04-09,Jawa Barat,Offline,C00634,Retail,SR05,Smartphone,Smartphone Lumo A5,1,0.05,Cancelled,2800000.0,2660000.0,2452600.0
ORD-102228,2025-05-09,Jawa Barat,Offline,C01293,UMKM,SR06,Laptop,Laptop Axio 14,2,0.0,Completed,8500000.0,17000000.0,15177600.0
ORD-102229,2025-05-09,Jawa Timur,Online,C01090,UMKM,SYS-ONLINE,Aksesoris,Keyboard Mekanik K7,4,0.05,Completed,650000.0,2470000.0,1620000.0
ORD-102230,2025-05-09,Jawa Barat,Online,C01357,Retail,SYS-ONLINE,Smartphone,Smartphone Lumo A5,1,0.1,Completed,2800000.0,2520000.0,2427300.0
ORD-102231,2025-05-09,Jakarta,Offline,C00201,Retail,SR03,Networking,Router WiFi 6 R600,5,0.0,Completed,1200000.0,6000000.0,
ORD-102232,2025-05-09,Sumatera,Online,C02303,UMKM,SYS-ONLINE,Aksesoris,Power Bank 20000mAh,10,0.15,Completed,320000.0,2720000.0,2014000.0
ORD-102493,2025-06-09,Sumatera,Offline,C00889,Retail,SR11,Laptop,Laptop Veno 13,1,0.0,Completed,6200000.0,6200000.0,5539200.0
ORD-102494,2025-06-09,Jawa Barat,Offline,C00486,Retail,SR06,Peralatan Kantor,Kursi Ergonomis E1,4,0.0,Completed,1900000.0,7600000.0,5267600.0
ORD-102495,2025-06-09,Jawa Barat,Online,C01393,Retail,SYS-ONLINE,Aksesoris,Keyboard Mekanik K7,4,0.15,Completed,650000.0,2210000.0,1576800.0
ORD-102496,2025-06-09,Kalimantan,Online,C01601,UMKM,SYS-ONLINE,Smartphone,Smartphone Lumo A5,4,0.0,Completed,2800000.0,11200000.0,9810800.0
ORD-102497,2025-06-09,Jawa Timur,Offline,C01596,Retail,SR09,Printer & Tinta,Tinta Botol Set CMYK,1,0.05,Completed,280000.0,266000.0,163100.0
ORD-102498,2025-06-09,Jakarta,Offline,C02165,Retail,SR01,Smartphone,Smartphone Lumo X,1,0.0,Completed,5500000.0,5500000.0,4803400.0
ORD-102499,2025-06-09,Sulawesi,Online,C00556,UMKM,SYS-ONLINE,Peralatan Kantor,Kertas A4 80gsm (rim),5,0.0,Completed,55000.0,275000.0,189500.0
ORD-102500,2025-06-09,Jawa barat ,Offline,C00104,UMKM,SR05,Smartphone,Smartphone Lumo A5,3,0.05,Completed,2800000.0,7980000.0,
ORD-102741,2025-07-09,Jawa Timur,Offline,K0082,Korporat,SR08,Aksesoris,Power Bank 20000mAh,49,0.05,Completed,320000.0,14896000.0,9770600.0
ORD-102742,2025-07-09,Sumatera,Offline,C00930,Retail,SR11,Aksesoris,Mouse Wireless M20,5,0.0,Completed,180000.0,900000.0,517000.0
ORD-102743,2025-07-09,Jawa Barat,Offline,K0012,Korporat,SR04,Printer & Tinta,Tinta Botol Set CMYK,6,0.0,Completed,280000.0,1680000.0,987000.0
ORD-102744,2025-07-09,Jakarta,Offline,C01416,Retail,SR02,Printer & Tinta,Printer InkJet P200,1,0.0,Completed,2100000.0,2100000.0,1709300.0
ORD-102745,2025-07-09,Jakarta,Offline,C00992,Retail,SR01,Smartphone,Smartphone Lumo X,1,0.0,Completed,5500000.0,5500000.0,4870800.0
ORD-102746,2025-07-09,Jakarta,Offline,C01966,Retail,SR02,Laptop,Laptop Axio 14,2,0.05,Completed,8500000.0,16150000.0,15402600.0
ORD-102747,2025-07-09,Kalimantan,Offline,C00523,UMKM,SR13,Smartphone,Smartphone Lumo A5,1,0.0,Completed,2800000.0,2800000.0,2445900.0
ORD-102748,2025-07-09,Jawa Timur,Online,C00521,Retail,SYS-ONLINE,Aksesoris,Keyboard Mekanik K7,4,0.0,Completed,650000.0,2600000.0,1584000.0
ORD-102749,2025-07-09,Jawa Timur,Online,K0067,Korporat,SYS-ONLINE,Networking,Switch 8 Port S8,13,0.0,Completed,450000.0,5850000.0,
ORD-102750,2025-07-09,Jawa Barat,Offline,C01467,Retail,SR04,Aksesoris,Headset USB H3,1,0.05,Completed,350000.0,332500.0,208500.0
ORD-102751,2025-07-09,Jakarta,Offline,C00346,UMKM,SR02,Aksesoris,Keyboard Mekanik K7,10,0.05,Completed,650000.0,6175000.0,4031000.0
RET-102635,2025-07-09,Jawa Timur,Offline,K0127,Korporat,SR09,Aksesoris,Keyboard Mekanik K7,-36,0.0,Returned,650000.0,-23400000.0,-14407200.0
ORD-103022,2025-08-09,Kalimantan,Offline,C01702,Retail,SR14,Peralatan Kantor,Kursi Ergonomis E1,1,0.0,Completed,1900000.0,1900000.0,1289500.0
ORD-103023,2025-08-09,Jakarta,Offline,C01992,UMKM,SR01,Printer & Tinta,Tinta Botol Set CMYK,1,0.05,Completed,280000.0,266000.0,162800.0
ORD-103024,2025-08-09,Jawa Barat,Offline,C00570,Retail,SR06,Laptop,Laptop Axio 14,1,0.0,Completed,8500000.0,8500000.0,7634100.0
ORD-103025,2025-08-09,Jakarta,Online,K0117,Korporat,SYS-ONLINE,Peralatan Kantor,Kursi Ergonomis E1,31,0.0,Completed,1900000.0,58900000.0,39794700.0
ORD-103026,2025-08-09,Jawa Barat,Offline,C00492,UMKM,SR05,Smartphone,Smartphone Lumo A5,5,0.0,Completed,2800000.0,14000000.0,12139000.0
ORD-103027,2025-08-09,Jawa Barat,Offline,C00182,Retail,SR05,Smartphone,Smartphone Lumo A5,2,0.05,Completed,2800000.0,5320000.0,4857400.0
ORD-103028,2025-08-09,Jawa Timur,Offline,C00056,UMKM,SR09,Laptop,Laptop Axio Pro 15,1,0.05,Completed,13000000.0,12350000.0,11552300.0
ORD-103029,2025-08-09,Jakarta,Online,K0085,Korporat,SYS-ONLINE,Aksesoris,Keyboard Mekanik K7,13,0.05,Completed,650000.0,8027500.0,5224700.0
ORD-103030,2025-08-09,Jawa Barat,Offline,C00040,Retail,SR05,Peralatan Kantor,Kertas A4 80gsm (rim),4,0.05,Completed,55000.0,209000.0,151600.0
ORD-103031,2025-08-09,Sulawesi,Offline,C00585,UMKM,SR17,Aksesoris,Headset USB H3,5,0.0,Completed,350000.0,1750000.0,1052500.0
ORD-103032,2025-08-09,Kalimantan,Offline,C00061,Retail,SR14,Aksesoris,Headset USB H3,4,0.0,Completed,350000.0,1400000.0,835200.0
ORD-103033,2025-08-09,Jawa Barat,Offline,C01640,Retail,SR06,Laptop,Laptop Axio 14,1,0.05,Completed,8500000.0,8075000.0,7624500.0
ORD-103034,2025-08-09,Jawa Barat,Offline,C02002,UMKM,SR04,Smartphone,Smartphone Lumo A5,1,0.1,Completed,2800000.0,2520000.0,2465700.0
ORD-103035,2025-08-09,Jakarta,Online,C00371,UMKM,SYS-ONLINE,Laptop,Laptop Axio 14,3,0.05,Completed,8500000.0,24225000.0,22465200.0
ORD-103036,2025-08-09,Jakarta,Offline,C02169,UMKM,SR03,Laptop,Laptop Veno 13,4,0.1,Completed,6200000.0,22320000.0,22175600.0
ORD-103037,2025-08-09,Jawa Timur,Online,C00122,Retail,SYS-ONLINE,HP,Smartphone Lumo A5,1,0.1,Completed,2800000.0,2520000.0,2396800.0
ORD-103038,2025-08-09,Jawa Timur,Online,C01339,UMKM,SYS-ONLINE,Networking,Switch 8 Port S8,11,0.05,Completed,450000.0,4702500.0,
ORD-103292,2025-09-09,Jawa Barat,Online,C01344,Retail,SYS-ONLINE,Laptop,Laptop Axio Pro 15,1,0.05,Completed,13000000.0,12350000.0,11720900.0
ORD-103293,2025-09-09,Jawa Timur,Offline,C00952,UMKM,SR08,Networking,Switch 8 Port S8,8,0.0,Completed,450000.0,3600000.0,
ORD-103294,2025-09-09,Jawa barat ,Offline,C02184,Retail,SR04,Smartphone,Smartphone Lumo X,1,0.0,Completed,5500000.0,5500000.0,4806500.0
ORD-103295,2025-09-09,Sulawesi,Offline,C02141,Retail,SR16,Smartphone,Smartphone Lumo A5,1,0.0,Completed,2800000.0,2800000.0,2403000.0
ORD-103296,2025-09-09,Jakarta,Offline,C00950,Retail,SR02,Laptop,Laptop Veno 13,1,0.0,Completed,6200000.0,6200000.0,5530400.0
ORD-103297,2025-09-09,Jawa Timur,Offline,C00649,Retail,SR09,Laptop,Laptop Axio Pro 15,2,0.0,Completed,13000000.0,26000000.0,23049000.0
ORD-103298,2025-09-09,Jakarta,Offline,C01254,Retail,SR02,Printer & Tinta,Tinta Botol Set CMYK,2,0.0,Completed,280000.0,560000.0,332600.0
ORD-103299,2025-09-09,Kalimantan,Online,C01335,UMKM,SYS-ONLINE,Laptop,Laptop Axio Pro 15,1,0.1,Completed,13000000.0,11700000.0,11520400.0
ORD-106962,2025-09-09,SULAWESI,Offline,C02141,Retail,SR16,Smartphone,Smartphone Lumo A5,1,0.0,Completed,2800000.0,2800000.0,2453300.0
ORD-103545,2025-10-09,Jakarta,Offline,C02106,Retail,SR02,Aksesoris,Keyboard Mekanik K7,4,0.05,Completed,650000.0,2470000.0,1600400.0
ORD-103546,2025-10-09,Jawa Timur,Offline,C01774,UMKM,SR09,laptop,Laptop Axio Pro 15,3,0.0,Completed,13000000.0,39000000.0,35081700.0
ORD-103547,2025-10-09,Kalimantan,Online,K0027,Korporat,SYS-ONLINE,Aksesoris,Headset USB H3,8,0.0,Completed,350000.0,2800000.0,1655200.0
ORD-103548,2025-10-09,Sumatera,Online,C00606,Retail,SYS-ONLINE,Aksesoris,Headset USB H3,2,0.05,Completed,350000.0,665000.0,414600.0
ORD-103549,2025-10-09,Jawa Barat,Offline,C01255,Retail,SR05,Networking,Router WiFi 6 R600,2,0.05,Completed,1200000.0,2280000.0,1703400.0
ORD-103550,2025-10-09,Sulawesi,Offline,C01883,UMKM,SR16,Aksesoris,Mouse Wireless M20,8,0.05,Completed,180000.0,1368000.0,832800.0
ORD-103551,2025-10-09,Sulawesi,Offline,C00827,UMKM,SR16,Printer & Tinta,Printer InkJet P200,3,0.05,Completed,2100000.0,5985000.0,5132700.0
ORD-103552,2025-10-09,Sulawesi,Online,C00475,Retail,SYS-ONLINE,Laptop,Laptop Axio 14,1,0.3,Completed,8500000.0,5950000.0,7703800.0
ORD-103553,2025-10-09,Jakarta,Online,C00478,Retail,SYS-ONLINE,Aksesoris,Headset USB H3,5,0.3,Completed,350000.0,1225000.0,1055500.0
ORD-103554,2025-10-09,Jabar,Offline,C00946,Retail,SR04,Smartphone,Smartphone Lumo A5,2,0.0,Completed,2800000.0,5600000.0,4795000.0
ORD-103555,2025-10-09,Jakarta,Offline,K0043,Korporat,SR03,Smartphone,Smartphone Lumo X,5,0.0,Completed,5500000.0,27500000.0,24317000.0
ORD-103830,2025-11-09,Jawa Barat,Offline,K0134,Korporat,SR05,Aksesoris,Mouse Wireless M20,44,0.0,Completed,180000.0,7920000.0,4571600.0
ORD-103831,2025-11-09,Jakarta,Online,C01129,Retail,SYS-ONLINE,Laptop,Laptop Axio 14,1,0.3,Completed,8500000.0,5950000.0,7646700.0
ORD-103832,2025-11-09,Jawa Barat,Offline,C02204,UMKM,SR06,Aksesoris,Headset USB H3,9,0.0,Completed,350000.0,3150000.0,1917000.0
ORD-103833,2025-11-09,Jawa Timur,Online,K0098,Korporat,SYS-ONLINE,Peralatan Kantor,Kursi Ergonomis E1,21,0.05,Completed,1900000.0,37905000.0,26901000.0
ORD-103834,2025-11-09,Jawa Timur,Online,C00306,Retail,SYS-ONLINE,Peralatan Kantor,Kursi Ergonomis E1,4,0.05,Completed,1900000.0,7220000.0,5204400.0
ORD-103835,2025-11-09,DKI Jakarta,Offline,C02350,Retail,SR03,Smartphone,Smartphone Lumo A5,2,0.0,Completed,2800000.0,5600000.0,4862000.0
ORD-103836,2025-11-09,Jakarta,Offline,C02104,Retail,SR01,Printer & Tinta,Printer InkJet P200,2,0.1,Completed,2100000.0,3780000.0,3365200.0
ORD-103837,2025-11-09,Jakarta,Offline,C02256,Retail,SR02,Printer & Tinta,Printer InkJet P200,1,0.0,Completed,2100000.0,2100000.0,1691600.0
ORD-103838,2025-11-09,Jakarta,Offline,C01595,UMKM,SR03,Aksesoris,Mouse Wireless M20,10,0.05,Completed,180000.0,1710000.0,1045000.0
ORD-103839,2025-11-09,Jakarta,Offline,C01345,Retail,SR02,Laptop,Laptop Axio Pro 15,1,0.0,Completed,13000000.0,13000000.0,11781400.0
ORD-103840,2025-11-09,Jakarta,Offline,K0055,Korporat,SR01,Smartphone,Smartphone Lumo A5,2,0.1,Completed,2800000.0,5040000.0,4823000.0
ORD-103841,2025-11-09,Sumatera,Online,K0141,Korporat,SYS-ONLINE,Smartphone,Smartphone Lumo X,7,0.05,Completed,5500000.0,36575000.0,33652500.0
ORD-103842,2025-11-09,Sulawesi,Offline,K0125,Korporat,SR16,Aksesoris,Mouse Wireless M20,12,0.1,Completed,180000.0,1944000.0,1270800.0
ORD-104159,2025-12-09,Jakarta,Offline,C01107,Retail,SR03,Peralatan Kantor,Kursi Ergonomis E1,4,0.0,Completed,1900000.0,7600000.0,5166400.0
ORD-104160,2025-12-09,Sulawesi,Offline,C00644,UMKM,SR16,Smartphone,Smartphone Lumo A5,1,0.05,Completed,2800000.0,2660000.0,2412900.0
ORD-104161,2025-12-09,Jakarta,Offline,C01984,Retail,SR01,Aksesoris,Keyboard Mekanik K7,2,0.0,Completed,650000.0,1300000.0,791200.0
ORD-104162,2025-12-09,Jakarta,Offline,C01765,UMKM,SR01,Printer & Tinta,Tinta Botol Set CMYK,4,0.0,Completed,280000.0,1120000.0,662800.0
ORD-104163,2025-12-09,Kalimantan,Offline,C00087,Retail,SR15,Laptop,Laptop Axio Pro 15,2,0.0,Completed,13000000.0,26000000.0,23079600.0
ORD-104164,2025-12-09,Sulawesi,Online,C00130,Retail,SYS-ONLINE,Laptop,Laptop Veno 13,1,0.3,Completed,6200000.0,4340000.0,5519400.0
ORD-104165,2025-12-09,Jawa Barat,Offline,C02092,Retail,SR06,Aksesoris,Mouse Wireless M20,4,0.0,Completed,180000.0,720000.0,425600.0
ORD-104166,2025-12-09,Jawa Timur,Online,C02022,Retail,SYS-ONLINE,Laptop,Laptop Veno 13,2,0.0,Completed,6200000.0,12400000.0,11148600.0
ORD-104167,2025-12-09,Jawa Timur,Online,C01551,UMKM,SYS-ONLINE,Printer & Tinta,Printer InkJet P200,1,0.25,Completed,2100000.0,1575000.0,1689700.0
ORD-104168,2025-12-09,Jawa Timur,Offline,K0095,Korporat,SR07,Smartphone,Smartphone Lumo X,5,5.0,Completed,5500000.0,26125000.0,24215000.0
ORD-104169,2025-12-09,Sumatera,Offline,C00978,Retail,SR11,Aksesoris,Keyboard Mekanik K7,4,0.0,Completed,650000.0,2600000.0,1606800.0
ORD-104170,2025-12-09,Jakarta,Offline,C01565,Retail,SR01,Laptop,Laptop Axio 14,1,0.0,Completed,8500000.0,8500000.0,7542500.0
ORD-104171,2025-12-09,Jakarta,Online,K0019,Korporat,SYS-ONLINE,Peralatan Kantor,Kursi Ergonomis E1,7,0.0,Completed,1900000.0,13300000.0,9165100.0
ORD-104172,2025-12-09,Sulawesi,Offline,C01022,Retail,SR18,Laptop,Laptop Axio Pro 15,2,0.1,Completed,13000000.0,23400000.0,23213600.0
ORD-104173,2025-12-09,Kalimantan,Offline,K0122,Korporat,SR14,Laptop,Laptop Axio Pro 15,8,0.0,Completed,13000000.0,104000000.0,92527200.0
ORD-104174,2025-12-09,Jakarta,Offline,C02146,Retail,SR03,Laptop,Laptop Axio Pro 15,2,0.05,Completed,13000000.0,24700000.0,22962200.0
ORD-103329,2025-09-13,Jawa barat ,Offline,C01655,Retail,SR04,Aksesoris,Headset USB H3,3,0.05,Completed,350000.0,997500.0,624900.0
ORD-103330,2025-09-13,Jakarta,Online,C01915,Retail,SYS-ONLINE,Aksesoris,Headset USB H3,5,0.25,Completed,350000.0,1312500.0,1037500.0
ORD-103331,2025-09-13,Kalimantan,Offline,C00358,Retail,SR13,Networking,Switch 8 Port S8,4,0.0,Completed,450000.0,1800000.0,1197600.0
ORD-103332,2025-09-13,Sulawesi,Online,C00382,Retail,SYS-ONLINE,Peralatan Kantor,Kertas A4 80gsm (rim),4,0.05,Completed,55000.0,209000.0,150000.0
ORD-103333,2025-09-13,Sumatera,Online,C00858,Retail,SYS-ONLINE,Smartphone,Smartphone Lumo X,1,0.3,Completed,5500000.0,3850000.0,4787100.0
ORD-103334,2025-09-13,Jakarta,Online,C01640,UMKM,SYS-ONLINE,laptop,Laptop Veno 13,4,0.0,Completed,6200000.0,24800000.0,21973600.0
ORD-103335,2025-09-13,Sumatera,Offline,C02286,Retail,SR10,Smartphone,Smartphone Lumo A5,2,0.05,Completed,2800000.0,5320000.0,4891400.0
ORD-103336,2025-09-13,Jakarta,Offline,C02004,UMKM,SR01,Printer & Tinta,Printer InkJet P200,3,0.0,Cancelled,2100000.0,6300000.0,5071800.0
ORD-103337,2025-09-13,Jakarta,Online,C00025,Retail,SYS-ONLINE,Networking,Switch 8 Port S8,5,0.0,Completed,450000.0,2250000.0,
ORD-103338,2025-09-14,Jawa Barat,Offline,C00575,UMKM,SR06,Peralatan Kantor,Kursi Ergonomis E1,14,0.05,Completed,1900000.0,25270000.0,18009600.0
ORD-103339,2025-09-14,Jakarta,Offline,C01792,Retail,SR01,Aksesoris,Mouse Wireless M20,3,0.05,Completed,180000.0,513000.0,310800.0
ORD-103340,2025-09-15,Sumatera,Offline,K0116,Korporat,SR12,Peralatan Kantor,Kursi Ergonomis E1,26,0.0,Completed,1900000.0,49400000.0,33849400.0
ORD-103341,2025-09-15,Sumatera,Online,K0166,Korporat,SYS-ONLINE,Printer & Tinta,Tinta Botol Set CMYK,6,0.3,Completed,280000.0,1176000.0,978600.0
ORD-103342,2025-09-15,Jakarta,Online,C01239,UMKM,SYS-ONLINE,Peralatan Kantor,Kursi Ergonomis E1,5,0.05,Completed,1900000.0,9025000.0,6486000.0
ORD-103343,2025-09-15,Jawa Barat,Online,C00853,UMKM,SYS-ONLINE,Peralatan Kantor,Kertas A4 80gsm (rim),6,0.1,Completed,55000.0,297000.0,231600.0
ORD-103344,2025-09-15,Sulawesi,Offline,C01514,Retail,SR18,Smartphone,Smartphone Lumo A5,1,0.0,Completed,2800000.0,2800000.0,2404000.0
ORD-103345,2025-09-15,Sumatera,Offline,C02194,UMKM,SR11,Laptop,Laptop Axio 14,1,5.0,Completed,8500000.0,8075000.0,7635400.0
ORD-103346,2025-09-15,Jawa Barat,Online,C01278,UMKM,SYS-ONLINE,Peralatan Kantor,Kursi Ergonomis E1,1,0.3,Completed,1900000.0,1330000.0,1293000.0
ORD-103347,2025-09-15,Jawa Barat,Online,C00415,Retail,SYS-ONLINE,Aksesoris,Keyboard Mekanik K7,1,0.15,Completed,650000.0,552500.0,395800.0
RET-103320,2025-09-15,Jawa Barat,Offline,C01367,Retail,SR04,Aksesoris,Headset USB H3,-2,0.05,Returned,350000.0,-665000.0,-421400.0
ORD-103348,2025-09-16,Jawa Barat,Offline,K0127,Korporat,SR05,Printer & Tinta,Printer InkJet P200,188,0.08,Completed,2100000.0,363216000.0,322438800.0
ORD-103349,2025-09-16,Kalimantan,Online,C00799,Retail,SYS-ONLINE,Printer & Tinta,Tinta Botol Set CMYK,1,0.05,Cancelled,280000.0,266000.0,163900.0
ORD-103349,2025-09-16,Kalimantan,Online,C00799,Retail,SYS-ONLINE,Printer & Tinta,Tinta Botol Set CMYK,1,0.05,Cancelled,280000.0,266000.0,163900.0
ORD-103350,2025-09-16,Jakarta,Online,K0088,Korporat,SYS-ONLINE,Aksesoris,Power Bank 20000mAh,157,0.08,Completed,320000.0,46220800.0,31541300.0
ORD-103351,2025-09-16,DKI Jakarta,Offline,C01657,Retail,SR03,Smartphone,Smartphone Lumo X,2,0.1,Completed,5500000.0,9900000.0,9458200.0
ORD-103352,2025-09-16,Jawa Barat,Online,C02305,Retail,SYS-ONLINE,Laptop,Laptop Axio Pro 15,1,0.1,Completed,13000000.0,11700000.0,11711900.0
ORD-103352,2025-09-16,Jawa Barat,Online,C02305,Retail,SYS-ONLINE,Laptop,Laptop Axio Pro 15,1,0.1,Completed,13000000.0,11700000.0,11711900.0
ORD-103353,2025-09-16,Jawa Barat,Online,C00728,UMKM,SYS-ONLINE,Laptop,Laptop Axio 14,4,0.05,Completed,8500000.0,32300000.0,30038000.0
ORD-103354,2025-09-17,Jawa Barat,Offline,K0169,Korporat,SR05,Networking,Router WiFi 6 R600,18,0.0,Completed,1200000.0,21600000.0,
ORD-103355,2025-09-17,Jawa Timur,Offline,C02232,UMKM,SR09,Printer&Tinta,Tinta Botol Set CMYK,4,0.2,Completed,280000.0,896000.0,668800.0
ORD-103356,2025-09-17,Jakarta,Offline,C01677,Retail,SR02,Aksesoris,Headset USB H3,1,0.0,Completed,350000.0,350000.0,209300.0
ORD-103357,2025-09-17,Jawa Timur,Offline,C00449,Retail,SR08,Aksesoris,Mouse Wireless M20,2,0.0,Completed,180000.0,360000.0,209800.0
ORD-103358,2025-09-17,Jakarta,Online,C01774,Retail,SYS-ONLINE,HP,Smartphone Lumo X,1,0.05,Completed,5500000.0,5225000.0,4743700.0
ORD-103359,2025-09-17,Sumatera,E-Commerce,K0033,Korporat,SYS-ONLINE,Aksesoris,Headset USB H3,30,0.05,Completed,350000.0,9975000.0,6228000.0
ORD-103360,2025-09-18,JKT ,Offline,C01577,Retail,SR02,Smartphone,Smartphone Lumo X,1,0.0,Completed,5500000.0,5500000.0,4836300.0
ORD-103361,2025-09-18,Kalimantan,Online,C02319,Retail,SYS-ONLINE,Aksesoris,Headset USB H3,3,0.05,Completed,350000.0,997500.0,636600.0
ORD-103362,2025-09-18,Jakarta,Offline,C02008,Retail,SR02,Aksesoris,Keyboard Mekanik K7,4,0.0,Completed,650000.0,2600000.0,1623600.0
ORD-103363,2025-09-18,,Online,C01836,Retail,SYS-ONLINE,Printer & Tinta,Tinta Botol Set CMYK,1,0.3,Completed,280000.0,196000.0,166000.0
ORD-103364,2025-09-18,Sumatera,Offline,C01214,UMKM,SR10,Aksesoris,Headset USB H3,14,0.05,Completed,350000.0,4655000.0,2948400.0
ORD-103365,2025-09-18,Sumatera,Online,C00732,Retail,SYS-ONLINE,Smartphone,Smartphone Lumo A5,2,0.0,Completed,2800000.0,5600000.0,4907000.0
ORD-103365,2025-09-18,Sumatera,Online,C00732,Retail,SYS-ONLINE,Smartphone,Smartphone Lumo A5,2,0.0,Completed,2800000.0,5600000.0,4907000.0
ORD-103366,2025-09-18,Jawa Barat,Offline,C00883,Retail,SR04,Networking,Router WiFi 6 R600,2,0.0,Completed,1200000.0,2400000.0,
ORD-103367,2025-09-18,Sumatera,Offline,C02089,Retail,SR11,Networking,Router WiFi 6 R600,4,5.0,Completed,1200000.0,4560000.0,
ORD-103368,2025-09-18,Jawa Barat,Offline,C01671,Retail,SR06,Networking,Switch 8 Port S8,3,0.05,Completed,450000.0,1282500.0,902100.0
ORD-103369,2025-09-18,Jakarta,Offline,C00455,UMKM,SR02,Networking,Router WiFi 6 R600,13,0.0,Completed,1200000.0,15600000.0,11213800.0
ORD-103370,2025-09-18,Jakarta,Offline,K0107,Korporat,SR01,Laptop,Laptop Veno 13,3,0.0,Completed,6200000.0,18600000.0,16514400.0
ORD-103371,2025-09-18,Jawa Timur,Offline,C01050,Retail,SR09,Printer & Tinta,Printer InkJet P200,2,0.05,Completed,2100000.0,3990000.0,3429000.0
ORD-103372,2025-09-18,Jatim,Online,C00784,Retail,SYS-ONLINE,Smartphone,Smartphone Lumo X,2,0.2,Completed,5500000.0,8800000.0,9531800.0
ORD-103373,2025-09-18,Jakarta,Offline,C00307,Retail,SR03,Laptop,Laptop Veno 13,1,0.0,Completed,6200000.0,6200000.0,5561100.0
ORD-103374,2025-09-18,jakarta,Offline,K0039,Korporat,SR03,Aksesoris,Mouse Wireless M20,8,0.0,Completed,180000.0,1440000.0,847200.0
ORD-103375,2025-09-19,Sulawesi,Offline,C01740,Retail,SR17,Networking,Router WiFi 6 R600,3,0.0,Completed,1200000.0,3600000.0,2579400.0
ORD-103376,2025-09-19,Jawa Barat,Offline,C00102,Retail,SR04,Smartphone,Smartphone Lumo A5,2,0.05,Completed,2800000.0,5320000.0,4828600.0
ORD-103377,2025-09-19,jakarta,Online,C01439,UMKM,SYS-ONLINE,Aksesoris,Power Bank 20000mAh,6,0.05,Completed,320000.0,1824000.0,1215600.0
ORD-103378,2025-09-19,Jawa Timur,Offline,C01086,UMKM,SR09,Printer & Tinta,Printer InkJet P200,2,0.25,Completed,2100000.0,3150000.0,
ORD-103379,2025-09-19,Jakarta,Offline,C00649,Retail,SR03,Laptop,Laptop Veno 13,2,0.0,Completed,6200000.0,12400000.0,10961200.0
ORD-103380,2025-09-19,SULAWESI,Online,K0122,Korporat,SYS-ONLINE,Aksesoris,Headset USB H3,49,0.05,Completed,350000.0,16292500.0,10192000.0
ORD-103381,2025-09-19,Jakarta,Offline,K0106,Korporat,SR03,Networking,Router WiFi 6 R600,17,0.0,Completed,1200000.0,20400000.0,14433000.0
ORD-103382,2025-09-19,Sumatera,Offline,C01934,Retail,SR11,Aksesoris,Mouse Wireless M20,1,0.0,Completed,180000.0,180000.0,106100.0
ORD-103383,2025-09-19,Jawa Barat,Offline,C02092,Retail,SR05,Smartphone,Smartphone Lumo X,2,0.0,Completed,5500000.0,11000000.0,9506000.0
ORD-103384,2025-09-19,jakarta,Offline,C01515,Retail,SR02,Printer & Tinta,Printer InkJet P200,2,0.05,Completed,2100000.0,3990000.0,3363400.0
ORD-103385,2025-09-19,Jawa Barat,Online,C00172,Retail,SYS-ONLINE,Networking,Router WiFi 6 R600,2,0.2,Completed,1200000.0,1920000.0,
ORD-103386,2025-09-19,Jakarta,Offline,C01046,Retail,SR03,Printer & Tinta,Tinta Botol Set CMYK,2,0.0,Completed,280000.0,560000.0,326000.0
ORD-103387,2025-09-19,Sulawesi,Offline,K0007,Korporat,SR16,Aksesoris,Keyboard Mekanik K7,248,0.08,Completed,650000.0,148304000.0,99472800.0
ORD-103388,2025-09-19,Jakarta,Offline,C01606,Retail,SR03,Laptop,Laptop Axio 14,2,0.05,Completed,8500000.0,16150000.0,15277200.0
ORD-103389,2025-09-20,Jawa Barat,Offline,C01864,UMKM,SR04,Networking,Switch 8 Port S8,7,0.0,Completed,450000.0,3150000.0,2087400.0
ORD-103390,2025-09-20,Jawa Timur,Offline,C02062,UMKM,SR07,Smartphone,Smartphone Lumo X,4,20.0,Completed,5500000.0,17600000.0,19008000.0
ORD-103391,2025-09-20,Jawa Timur,E-Commerce,C00435,Retail,SYS-ONLINE,Printer & Tinta,Tinta Botol Set CMYK,2,0.1,Completed,280000.0,504000.0,331800.0
ORD-103392,2025-09-20,Kalimantan,E-Commerce,C01769,Retail,SYS-ONLINE,Printer & Tinta,Tinta Botol Set CMYK,1,0.15,Completed,280000.0,238000.0,165800.0
ORD-103393,2025-09-20,Jakarta,Offline,C00295,Retail,SR01,Aksesori,Keyboard Mekanik K7,3,0.0,Completed,650000.0,1950000.0,1190100.0
ORD-103394,2025-09-20,Jakarta,Offline,C00579,Retail,SR01,Networking,Switch 8 Port S8,5,0.05,Completed,450000.0,2137500.0,1486000.0
ORD-103395,2025-09-20,Kalimantan,Offline,C01425,Retail,SR15,Peralatan Kantor,Kertas A4 80gsm (rim),1,0.0,Completed,55000.0,55000.0,38300.0
ORD-103396,2025-09-20,Sumatera,Online,C01892,UMKM,SYS-ONLINE,Aksesoris,Keyboard Mekanik K7,9,0.0,Completed,650000.0,5850000.0,3604500.0
ORD-103397,2025-09-20,,Online,C01712,Retail,SYS-ONLINE,Aksesoris,Keyboard Mekanik K7,2,0.25,Completed,650000.0,975000.0,804200.0
ORD-103398,2025-09-20,Kalimantan,Offline,C01646,Retail,SR15,Peralatan Kantor,Kursi Ergonomis E1,4,0.0,Completed,1900000.0,7600000.0,5144800.0
ORD-103399,2025-09-20,Jakarta,Online,K0004,Korporat,SYS-ONLINE,Networking,Router WiFi 6 R600,12,0.1,Completed,1200000.0,12960000.0,10287600.0
ORD-103400,2025-09-20,Sulawesi,Offline,C00018,Retail,SR18,smartphone,Smartphone Lumo A5,1,0.0,Completed,2800000.0,2800000.0,2422500.0
ORD-103401,2025-09-20,Jakarta,Offline,C00156,UMKM,SR03,Printer & Tinta,Tinta Botol Set CMYK,4,0.05,Completed,280000.0,1064000.0,653200.0
RET-103281,2025-09-20,Jawa Barat,Offline,K0062,Korporat,SR04,Printer & Tinta,Printer InkJet P200,-6,0.1,Returned,2100000.0,-11340000.0,-10093200.0
ORD-103402,2025-09-21,Kalimantan,Offline,C00685,Retail,SR14,Laptop,Laptop Axio Pro 15,2,0.0,Completed,13000000.0,26000000.0,23382200.0
ORD-103403,2025-09-21,Sulawesi,Offline,C01421,Retail,SR18,Aksesoris,Keyboard Mekanik K7,5,0.1,Completed,650000.0,2925000.0,1993000.0
ORD-103404,2025-09-21,jakarta,Online,C02157,Retail,SYS-ONLINE,Aksesoris,Mouse Wireless M20,3,0.05,Completed,180000.0,513000.0,312300.0
ORD-103405,2025-09-21,Jakarta,Offline,C00020,UMKM,SR01,Laptop,Laptop Axio Pro 15,4,0.05,Completed,13000000.0,49400000.0,47112400.0
ORD-103406,2025-09-21,Jawa Barat,Offline,C00009,Retail,SR06,Printer & Tinta,Tinta Botol Set CMYK,1,0.05,Completed,280000.0,266000.0,164600.0
ORD-103407,2025-09-21,Sumatera,Offline,C00358,UMKM,SR12,Peralatan Kantor,Kursi Ergonomis E1,12,0.1,Completed,1900000.0,20520000.0,15820800.0
ORD-103408,2025-09-21,Sulawesi,Offline,C02092,UMKM,SR18,Peralatan Kantor,Kursi Ergonomis E1,14,0.05,Completed,1900000.0,25270000.0,18408600.0
ORD-103409,2025-09-21,Kalimantan,Offline,K0112,Korporat,SR15,Peralatan kantor,Kursi Ergonomis E1,36,0.0,Completed,1900000.0,68400000.0,47260800.0
ORD-103410,2025-09-21,Kalimantan,Online,C01962,Retail,SYS-ONLINE,Aksesoris,Headset USB H3,2,0.2,Completed,350000.0,560000.0,415400.0
ORD-103411,2025-09-21,Jawa Timur,Online,C01195,Retail,SYS-ONLINE,Smartphone,Smartphone Lumo X,1,0.0,Completed,5500000.0,5500000.0,4756900.0
ORD-103412,2025-09-21,Sumatera,Offline,K0120,Korporat,SR12,Laptop,Laptop Axio Pro 15,2,0.0,Completed,13000000.0,26000000.0,23435600.0
ORD-103413,2025-09-21,Jawa barat ,Offline,C02317,UMKM,SR04,Smartphone,Smartphone Lumo A5,3,0.0,Completed,2800000.0,8400000.0,7333200.0
ORD-103414,2025-09-22,Jabar,Offline,C00942,Retail,SR06,Peralatan Kantor,Kertas A4 80gsm (rim),5,0.0,Completed,55000.0,275000.0,187000.0
ORD-103415,2025-09-22,Jawa Timur,Online,C00289,Retail,SYS-ONLINE,Aksesoris,Power Bank 20000mAh,4,0.0,Completed,320000.0,1280000.0,808400.0
ORD-103416,2025-09-22,Jakarta,Online,C00239,Retail,SYS-ONLINE,Peralatan Kantor,Kertas A4 80gsm (rim),2,0.25,Completed,55000.0,82500.0,76400.0
ORD-103417,2025-09-22,Sulawesi,Offline,C00285,UMKM,SR16,Aksesoris,Power Bank 20000mAh,11,0.0,Completed,320000.0,3520000.0,2213200.0
ORD-103418,2025-09-22,Jakarta,Online,C00468,UMKM,SYS-ONLINE,Laptop,Laptop Axio 14,1,0.0,Completed,8500000.0,8500000.0,7586300.0
ORD-103419,2025-09-22,Jakarta,ONLINE,C00206,UMKM,SYS-ONLINE,Printer & Tinta,Tinta Botol Set CMYK,3,0.05,Completed,280000.0,798000.0,498900.0
ORD-103420,2025-09-22,Jakarta,Offline,C00435,Retail,SR03,Aksesoris,Mouse Wireless M20,3,0.0,Completed,180000.0,540000.0,314100.0
ORD-103421,2025-09-23,Kalimantan,Online,C01590,UMKM,SYS-ONLINE,Aksesoris,Headset USB H3,11,0.1,Completed,350000.0,3465000.0,2312200.0
ORD-103422,2025-09-23,Jakarta,Offline,C01639,Retail,SR01,Aksesoris,Mouse Wireless M20,4,0.0,Completed,180000.0,720000.0,414400.0
ORD-103423,2025-09-23,Jawa Barat,Offline,C00844,UMKM,SR06,Aksesoris,Keyboard Mekanik K7,6,0.0,Completed,650000.0,3900000.0,2395200.0
ORD-103424,2025-09-23,Jawa Timur,Offline,K0108,Korporat,SR09,Peralatan Kantor,Kertas A4 80gsm (rim),33,0.05,Completed,55000.0,1724250.0,1263900.0
ORD-103425,2025-09-23,Sulawesi,Offline,C01854,Retail,SR16,Aksesoris,Keyboard Mekanik K7,3,0.05,Completed,650000.0,1852500.0,1182600.0
ORD-103426,2025-09-23,Sulawesi,Online,C01371,Retail,SYS-ONLINE,Laptop,Laptop Veno 13,1,0.15,Completed,6200000.0,5270000.0,5552100.0
ORD-103426,2025-09-23,Sulawesi,Online,C01371,Retail,SYS-ONLINE,Laptop,Laptop Veno 13,1,0.15,Completed,6200000.0,5270000.0,5552100.0
ORD-103427,2025-09-23,Jawa Timur,Online,C02363,Retail,SYS-ONLINE,Printer & Tinta,Printer InkJet P200,2,0.05,Completed,2100000.0,3990000.0,3356800.0
ORD-103428,2025-09-23,jawa timur,Online,C00201,Retail,SYS-ONLINE,Aksesoris,Mouse Wireless M20,1,0.1,Completed,180000.0,162000.0,104800.0
ORD-103429,2025-09-23,Jakarta,Online,C00985,Retail,SYS-ONLINE,Peralatan Kantor,Kertas A4 80gsm (rim),4,0.25,Completed,55000.0,165000.0,151200.0
ORD-103430,2025-09-23,jakarta,Offline,C00609,Retail,SR02,Peralatan kantor,Kertas A4 80gsm (rim),1,0.05,Completed,55000.0,52250.0,37900.0
ORD-103431,2025-09-23,Jakarta,Online,C01767,Retail,SYS-ONLINE,Laptop,Laptop Axio Pro 15,1,0.3,Completed,13000000.0,9100000.0,11642600.0
ORD-103432,2025-09-23,Jawa Timur,Offline,C02164,UMKM,SR08,Aksesoris,Headset USB H3,12,0.0,Completed,350000.0,4200000.0,2551200.0
ORD-103433,2025-09-24,,Online,C01173,Retail,SYS-ONLINE,Printer & Tinta,Tinta Botol Set CMYK,1,0.2,Completed,280000.0,224000.0,163400.0
ORD-103434,2025-09-24,Jakarta,Online,C00268,Retail,SYS-ONLINE,Printer & Tinta,Printer InkJet P200,1,0.05,Completed,2100000.0,1995000.0,1685700.0
ORD-103435,2025-09-24,Jawa Timur,Online,K0133,Korporat,SYS-ONLINE,Laptop,Laptop Axio Pro 15,4,0.15,Cancelled,13000000.0,44200000.0,46363200.0
ORD-103436,2025-09-24,Jakarta,Online,C00879,Retail,SYS-ONLINE,Aksesoris,Headset USB H3,3,0.0,Completed,350000.0,1050000.0,633000.0
ORD-103437,2025-09-24,Sumatera,Offline,C01218,Retail,SR11,Networking,Switch 8 Port S8,5,10.0,Completed,450000.0,2025000.0,
ORD-103438,2025-09-24,Jakarta,Online,K0110,Korporat,SYS-ONLINE,Smartphone,Smartphone Lumo X,9,0.3,Completed,5500000.0,34650000.0,43056900.0
RET-103361,2025-09-24,Kalimantan,Online,C02319,Retail,SYS-ONLINE,Aksesoris,Headset USB H3,-3,0.05,Returned,350000.0,-997500.0,-636600.0
ORD-103439,2025-09-25,Jawa Timur,Online,C01756,Retail,SYS-ONLINE,Printer & Tinta,Tinta Botol Set CMYK,1,0.0,Completed,280000.0,280000.0,164100.0
ORD-103440,2025-09-25,Sulawesi,Offline,C01325,Retail,SR18,Aksesoris,Headset USB H3,4,0.1,Completed,350000.0,1260000.0,840400.0
ORD-103441,2025-09-25,Sumatera,Offline,C00873,UMKM,SR11,Smartphone,Smartphone Lumo X,4,0.0,Completed,5500000.0,22000000.0,19258400.0
ORD-103442,2025-09-25,Kalimantan,Offline,K0178,Korporat,SR15,Aksesoris,Power Bank 20000mAh,47,5.0,Completed,320000.0,14288000.0,9541000.0
ORD-103443,2025-09-25,Sulawesi,Offline,C00158,Retail,SR18,Aksesoris,Mouse Wireless M20,3,0.05,Completed,180000.0,513000.0,310500.0
ORD-103444,2025-09-25,Jawa Timur,Online,C00497,Retail,SYS-ONLINE,Printer & Tinta,Printer InkJet P200,1,0.3,Completed,2100000.0,1470000.0,1686400.0
ORD-103445,2025-09-25,Jakarta,Offline,C01137,UMKM,SR02,Peralatan Kantor,Kursi Ergonomis E1,12,0.0,Completed,1900000.0,22800000.0,15830400.0
ORD-103446,2025-09-25,Sumatera,Offline,C01037,Retail,SR11,Peralatan Kantor,Kertas A4 80gsm (rim),3,5.0,Completed,55000.0,156750.0,112800.0
ORD-103447,2025-09-26,Jawa Timur,Offline,K0105,Korporat,SR07,Smartphone,Smartphone Lumo X,9,20.0,Completed,5500000.0,39600000.0,43414200.0
ORD-103448,2025-09-26,Sumatera,Offline,C00022,Retail,SR11,Laptop,Laptop Axio 14,2,10.0,Completed,8500000.0,15300000.0,15392400.0
ORD-103449,2025-09-26,Jawa Barat,Offline,C01703,UMKM,SR06,Laptop,Laptop Axio Pro 15,5,0.0,Completed,13000000.0,65000000.0,58307000.0
ORD-103450,2025-09-26,Jawa Barat,Offline,K0130,Korporat,SR04,Smartphone,Smartphone Lumo A5,10,0.05,Completed,2800000.0,26600000.0,24612000.0
RET-103360,2025-09-26,Jakarta,Offline,C01577,Retail,SR02,Smartphone,Smartphone Lumo X,-1,0.0,Returned,5500000.0,-5500000.0,-4836300.0
ORD-103451,2025-09-27,Jawa Timur,Online,C00980,Retail,SYS-ONLINE,Laptop,Laptop Axio 14,2,0.2,Completed,8500000.0,13600000.0,15367800.0
ORD-103452,2025-09-27,Sumatera,Online,C00760,Retail,SYS-ONLINE,Smartphone,Smartphone Lumo A5,2,0.25,Completed,2800000.0,4200000.0,4873800.0
ORD-103453,2025-09-27,Jawa Barat,Offline,C02365,Retail,SR06,Networking,Router WiFi 6 R600,4,0.0,Completed,1200000.0,4800000.0,
ORD-103454,2025-09-27,Jatim,Online,C01332,Retail,SYS-ONLINE,Printer & Tinta,Tinta Botol Set CMYK,2,0.0,Completed,280000.0,560000.0,327200.0
ORD-103455,2025-09-27,Sulawesi,Offline,C01161,Retail,SR18,networking,Router WiFi 6 R600,5,0.05,Completed,1200000.0,5700000.0,4271000.0
ORD-103455,2025-09-27,Sulawesi,Offline,C01161,Retail,SR18,networking,Router WiFi 6 R600,5,0.05,Completed,1200000.0,5700000.0,4271000.0
ORD-103456,2025-09-27,Jakarta,Online,K0004,Korporat,SYS-ONLINE,Aksesoris,Mouse Wireless M20,36,0.1,Completed,180000.0,5832000.0,3834000.0
ORD-103457,2025-09-27,Jatim,Offline,C00565,UMKM,SR07,laptop,Laptop Veno 13,5,5.0,Completed,6200000.0,29450000.0,28160500.0
ORD-103458,2025-09-27,Jawa Barat,Online,C02259,UMKM,SYS-ONLINE,Networking,Router WiFi 6 R600,3,0.05,Completed,1200000.0,3420000.0,
ORD-103459,2025-09-27,Jawa Timur,Offline,C00281,Retail,SR08,Smartphone,Smartphone Lumo X,2,0.1,Completed,5500000.0,9900000.0,9625000.0
ORD-103460,2025-09-27,Sulawesi,Online,C00906,Retail,SYS-ONLINE,Aksesoris,Keyboard Mekanik K7,4,0.3,Completed,650000.0,1820000.0,1585200.0
ORD-103461,2025-09-27,Sumatera,Online,C01947,Retail,SYS-ONLINE,Peralatan Kantor,Kertas A4 80gsm (rim),1,0.0,Completed,55000.0,55000.0,38500.0
ORD-103462,2025-09-28,Sulawesi,Offline,K0040,Korporat,SR18,Laptop,Laptop Veno 13,4,0.05,Completed,6200000.0,23560000.0,21905600.0
ORD-103463,2025-09-28,Jawa Barat,Offline,C02238,Retail,SR05,HP,Smartphone Lumo A5,2,0.0,Completed,2800000.0,5600000.0,4890200.0
ORD-103464,2025-09-28,Jakarta,online,C00707,Retail,SYS-ONLINE,Printer & Tinta,Printer InkJet P200,2,0.05,Completed,2100000.0,3990000.0,3393000.0
ORD-103465,2025-09-28,Kalimantan,Offline,C00982,Retail,SR13,Smartphone,Smartphone Lumo A5,1,0.0,Completed,2800000.0,2800000.0,2455100.0
ORD-103466,2025-09-28,Kalimantan,Offline,C01545,UMKM,SR14,Laptop,Laptop Axio 14,4,0.0,Completed,8500000.0,34000000.0,30026000.0
ORD-103467,2025-09-28,Sumatera,Offline,C02153,UMKM,SR12,Aksesoris,Keyboard Mekanik K7,6,0.1,Completed,650000.0,3510000.0,2421600.0
ORD-103468,2025-09-28,Sulawesi,Offline,C02138,Retail,SR18,Laptop,Laptop Veno 13,2,0.05,Completed,6200000.0,11780000.0,11147600.0
ORD-103469,2025-09-28,Sulawesi,Online,K0053,Korporat,SYS-ONLINE,Aksesoris,Headset USB H3,21,0.1,Completed,350000.0,6615000.0,4431000.0
ORD-103470,2025-09-29,kalimantan,Offline,C01440,UMKM,SR13,Peralatan Kantor,Kursi Ergonomis E1,10,0.0,Completed,1900000.0,19000000.0,13090000.0
ORD-103470,2025-09-29,kalimantan,Offline,C01440,UMKM,SR13,Peralatan Kantor,Kursi Ergonomis E1,10,0.0,Completed,1900000.0,19000000.0,13090000.0
ORD-103471,2025-09-29,Kalimantan,Offline,C01394,UMKM,SR13,Networking,Router WiFi 6 R600,6,0.05,Completed,1200000.0,6840000.0,5055600.0
ORD-103472,2025-09-29,Sulawesi,Online,C01436,Retail,SYS-ONLINE,Smartphone,Smartphone Lumo X,1,0.0,Completed,5500000.0,5500000.0,4826800.0
ORD-103473,2025-09-29,jakarta,Offline,C01236,UMKM,SR03,Smartphone,Smartphone Lumo A5,1,0.0,Completed,2800000.0,2800000.0,2406400.0
ORD-103474,2025-09-29,Jawa Timur,Offline,C01632,Retail,SR09,Laptop,Laptop Veno 13,2,0.0,Completed,6200000.0,12400000.0,11102200.0
ORD-103475,2025-09-30,Kalimantan,Offline,C01389,UMKM,SR15,Peralatan Kantor,Kursi Ergonomis E1,10,0.0,Completed,1900000.0,19000000.0,12989000.0
ORD-103476,2025-09-30,SULAWESI,Online,C00168,Retail,SYS-ONLINE,Peralatan Kantor,Kertas A4 80gsm (rim),4,0.1,Completed,55000.0,198000.0,153600.0
ORD-103477,2025-09-30,Jawa Barat,Online,C01422,Retail,SYS-ONLINE,Aksesori,Keyboard Mekanik K7,4,0.1,Completed,650000.0,2340000.0,1583200.0
ORD-103478,2025-09-30,Jakarta,Offline,K0054,Korporat,SR01,Smartphone,Smartphone Lumo X,2,0.0,Completed,5500000.0,11000000.0,9588200.0
ORD-103479,2025-09-30,Jakarta,Offline,C00625,UMKM,SR03,Printer & Tinta,Printer InkJet P200,2,0.1,Completed,2100000.0,3780000.0,3450600.0
ORD-103480,2025-09-30,Sulawesi,Online,C01858,Retail,SYS-ONLINE,Aksesoris,Headset USB H3,1,0.3,Completed,350000.0,245000.0,211800.0
ORD-103481,2025-09-30,Sumatera,Offline,C02086,UMKM,SR11,Peralatan Kantor,Kertas A4 80gsm (rim),14,5.0,Completed,55000.0,731500.0,527800.0
ORD-101169,2025-01-10,Jawa Timur,Offline,C01172,Retail,SR07,Smartphone,Smartphone Lumo X,2,10.0,Completed,5500000.0,9900000.0,9685400.0
ORD-101170,2025-01-10,Sulawesi,Offline,C02132,UMKM,SR18,Aksesoris,Mouse Wireless M20,9,0.05,Completed,180000.0,1539000.0,938700.0
ORD-101171,2025-01-10,Sumatera,Online,C00319,UMKM,SYS-ONLINE,Aksesoris,Headset USB H3,10,0.05,Completed,350000.0,3325000.0,2120000.0
ORD-101172,2025-01-10,Jakarta,Offline,C00060,UMKM,SR01,Networking,Switch 8 Port S8,6,0.0,Completed,450000.0,2700000.0,
ORD-101173,2025-01-10,Jawa Timur,Offline,K0165,Korporat,SR07,Aksesoris,Power Bank 20000mAh,38,0.0,Completed,320000.0,12160000.0,7493600.0
ORD-101400,2025-02-10,Sumatera,Offline,C01448,Retail,SR10,Smartphone,Smartphone Lumo X,1,0.05,Completed,5500000.0,5225000.0,4738200.0
ORD-101401,2025-02-10,Jawa Timur,Online,C00847,Retail,SYS-ONLINE,Laptop,Laptop Veno 13,2,0.05,Completed,6200000.0,11780000.0,11019400.0
ORD-101402,2025-02-10,Jawa Timur,Offline,K0145,Korporat,SR07,Printer & Tinta,Tinta Botol Set CMYK,2,0.0,Completed,280000.0,560000.0,332600.0
ORD-101403,2025-02-10,Jawa Barat,Offline,C00936,UMKM,SR04,Smartphone,Smartphone Lumo A5,2,0.1,Completed,2800000.0,5040000.0,4793800.0
ORD-101404,2025-02-10,Sumatera,Online,C00569,UMKM,SYS-ONLINE,Laptop,Laptop Axio 14,3,0.05,Completed,8500000.0,24225000.0,22525200.0
ORD-101405,2025-02-10,Jawa Timur,Online,C00857,Retail,SYS-ONLINE,Networking,Switch 8 Port S8,1,0.05,Completed,450000.0,427500.0,
ORD-101406,2025-02-10,Jakarta,ONLINE,C00690,Retail,SYS-ONLINE,Laptop,Laptop Veno 13,2,0.05,Completed,6200000.0,11780000.0,11028200.0
ORD-101407,2025-02-10,Jawa Barat,Online,C01837,Retail,SYS-ONLINE,Printer & Tinta,Printer InkJet P200,1,0.05,Completed,2100000.0,1995000.0,1687800.0
ORD-101408,2025-02-10,Jawa Timur,Offline,C02165,Retail,SR08,Laptop,Laptop Veno 13,2,0.05,Completed,6200000.0,11780000.0,11070200.0
ORD-101409,2025-02-10,Sumatera,Offline,C00427,Retail,SR11,Laptop,Laptop Axio Pro 15,1,0.0,Completed,13000000.0,13000000.0,11765700.0
ORD-101696,2025-03-10,jawa timur,Offline,C00540,UMKM,SR08,Aksesoris,Keyboard Mekanik K7,6,0.0,Completed,650000.0,3900000.0,2365800.0
ORD-101697,2025-03-10,Jawa Barat,Online,C01032,Retail,SYS-ONLINE,Peralatan Kantor,Kursi Ergonomis E1,2,0.0,Completed,1900000.0,3800000.0,2581000.0
ORD-101698,2025-03-10,Kalimantan,Online,C01009,UMKM,SYS-ONLINE,laptop,Laptop Veno 13,1,0.0,Completed,6200000.0,6200000.0,5538100.0
ORD-101699,2025-03-10,Jakarta,Offline,C02178,UMKM,SR02,Smartphone,Smartphone Lumo X,3,0.0,Completed,5500000.0,16500000.0,14583600.0
ORD-101700,2025-03-10,jakarta,Offline,C00984,UMKM,SR03,Printer & Tinta,Tinta Botol Set CMYK,3,0.0,Completed,280000.0,840000.0,502200.0
ORD-101701,2025-03-10,Jawa Timur,Offline,C01951,Retail,SR07,Laptop,Laptop Axio Pro 15,1,10.0,Completed,13000000.0,11700000.0,11768700.0
ORD-101702,2025-03-10,Jakarta,Online,K0143,Korporat,SYS-ONLINE,Aksesoris,Headset USB H3,39,0.05,Completed,350000.0,12967500.0,8100300.0
ORD-101703,2025-03-10,Sumatera,Offline,C00779,Retail,SR11,Peralatan Kantor,Kertas A4 80gsm (rim),3,5.0,Completed,55000.0,156750.0,113400.0
ORD-101704,2025-03-10,JKT ,Online,K0022,Korporat,SYS-ONLINE,Smartphone,Smartphone Lumo A5,3,0.0,Completed,2800000.0,8400000.0,7230900.0
ORD-101705,2025-03-10,Kalimantan,Offline,K0014,Korporat,SR14,Printer & Tinta,Tinta Botol Set CMYK,2,0.0,Completed,280000.0,560000.0,327600.0
ORD-101706,2025-03-10,Jawa Timur,Offline,C00360,UMKM,SR07,Printer & Tinta,Tinta Botol Set CMYK,3,5.0,Completed,280000.0,798000.0,490800.0
ORD-101707,2025-03-10,Jawa Barat,Offline,C01520,UMKM,SR06,Smartphone,Smartphone Lumo X,4,0.05,Completed,5500000.0,20900000.0,18985600.0
RET-101557,2025-03-10,,Online,K0034,Korporat,SYS-ONLINE,Printer & Tinta,Tinta Botol Set CMYK,-6,0.1,Returned,280000.0,-1512000.0,-997200.0
ORD-102008,2025-04-10,Sulawesi,Online,C01703,Retail,SYS-ONLINE,Smartphone,Smartphone Lumo X,1,0.0,Completed,5500000.0,5500000.0,4729600.0
ORD-102009,2025-04-10,Jakarta,Offline,C00056,UMKM,SR01,Peralatan Kantor,Kursi Ergonomis E1,12,0.0,Completed,1900000.0,22800000.0,15577200.0
ORD-102010,2025-04-10,Jatim,Online,K0038,Korporat,SYS-ONLINE,HP,Smartphone Lumo A5,10,0.1,Completed,2800000.0,25200000.0,24072000.0
ORD-102011,2025-04-10,Sumatra,Offline,C01046,Retail,SR12,Networking,Switch 8 Port S8,1,0.0,Completed,450000.0,450000.0,298600.0
ORD-102012,2025-04-10,Sumatera,Offline,C02280,UMKM,SR12,Peralatan Kantor,Kursi Ergonomis E1,8,0.0,Completed,1900000.0,15200000.0,10331200.0
ORD-102013,2025-04-10,Jakarta,Offline,C00452,UMKM,SR02,Aksesoris,Power Bank 20000mAh,10,0.05,Completed,320000.0,3040000.0,2000000.0
ORD-102014,2025-04-10,Jawa Barat,Offline,K0008,Korporat,SR04,Aksesori,Power Bank 20000mAh,30,0.05,Completed,320000.0,9120000.0,6012000.0
ORD-102233,2025-05-10,Kalimantan,Online,C01657,Retail,SYS-ONLINE,Laptop,Laptop Axio Pro 15,2,0.05,Completed,13000000.0,24700000.0,23082600.0
ORD-102234,2025-05-10,Jawa Barat,Offline,K0002,Korporat,SR06,Smartphone,Smartphone Lumo A5,5,0.0,Completed,2800000.0,14000000.0,12133000.0
ORD-102235,2025-05-10,Sumatra,Online,C01483,Retail,SYS-ONLINE,Networking,Router WiFi 6 R600,3,0.15,Completed,1200000.0,3060000.0,
ORD-102236,2025-05-10,Jawa Barat,Offline,K0086,Korporat,SR04,Laptop,Laptop Axio 14,2,0.0,Completed,8500000.0,17000000.0,15344200.0
ORD-102237,2025-05-10,Jakarta,Offline,C01355,Retail,SR03,Aksesoris,Headset USB H3,1,0.0,Completed,350000.0,350000.0,207500.0
ORD-102238,2025-05-10,Jawa Timur,Online,C00808,Retail,SYS-ONLINE,Networking,Switch 8 Port S8,4,0.05,Completed,450000.0,1710000.0,
ORD-102239,2025-05-10,Kalimantan,Offline,C01205,Retail,SR14,Aksesoris,Keyboard Mekanik K7,5,0.0,Completed,650000.0,3250000.0,1995000.0
ORD-102240,2025-05-10,Sulawesi,Online,C01791,UMKM,SYS-ONLINE,Peralatan Kantor,Kertas A4 80gsm (rim),9,0.0,Completed,55000.0,495000.0,337500.0
ORD-102241,2025-05-10,Sumatra,Offline,C02215,Retail,SR10,Smartphone,Smartphone Lumo X,1,0.1,Completed,5500000.0,4950000.0,4761700.0
ORD-102501,2025-06-10,Jawa Barat,Offline,K0125,Korporat,SR05,Laptop,Laptop Axio 14,2,0.05,Completed,8500000.0,16150000.0,15275400.0
ORD-102502,2025-06-10,Jakarta,Offline,C00809,Retail,SR01,Smartphone,Smartphone Lumo A5,1,0.05,Completed,2800000.0,2660000.0,2443300.0
ORD-102503,2025-06-10,Sumatera,Offline,C01732,Retail,SR11,Printer&Tinta,Printer InkJet P200,2,0.0,Completed,2100000.0,4200000.0,3358600.0
ORD-102504,2025-06-10,Sumatera,Offline,C01609,Retail,SR12,Smartphone,Smartphone Lumo X,1,0.0,Completed,5500000.0,5500000.0,4741700.0
ORD-102505,2025-06-10,Jawa Barat,Offline,C00786,UMKM,SR04,Printer & Tinta,Tinta Botol Set CMYK,1,0.05,Completed,280000.0,266000.0,166100.0
ORD-102752,2025-07-10,Sumatera,Online,C02157,Retail,SYS-ONLINE,Networking,Switch 8 Port S8,4,0.0,Completed,450000.0,1800000.0,1198800.0
ORD-102753,2025-07-10,Jawa Barat,Offline,K0088,Korporat,SR05,Aksesoris,Headset USB H3,6,0.0,Completed,350000.0,2100000.0,1256400.0
ORD-102754,2025-07-10,Jakarta,Offline,C01874,UMKM,SR03,Peralatan Kantor,Kertas A4 80gsm (rim),7,0.05,Completed,55000.0,365750.0,268100.0
ORD-102754,2025-07-10,Jakarta,Offline,C01874,UMKM,SR03,Peralatan Kantor,Kertas A4 80gsm (rim),7,0.05,Completed,55000.0,365750.0,268100.0
ORD-102755,2025-07-10,Jawa Barat,Offline,C01662,Retail,SR05,Networking,Switch 8 Port S8,3,0.0,Completed,450000.0,1350000.0,
ORD-102756,2025-07-10,Jakarta,Offline,C00819,Retail,SR03,Aksesoris,Headset USB H3,2,0.0,Completed,350000.0,700000.0,420200.0
ORD-102757,2025-07-10,kalimantan,Online,C02352,Retail,SYS-ONLINE,Smartphone,Smartphone Lumo X,1,0.15,Completed,5500000.0,4675000.0,4815300.0
ORD-103039,2025-08-10,Jakarta,Online,C01952,Retail,SYS-ONLINE,Smartphone,Smartphone Lumo A5,2,0.05,Completed,2800000.0,5320000.0,4882800.0
ORD-103040,2025-08-10,Jawa Barat,Offline,C01607,Retail,SR06,Aksesoris,Keyboard Mekanik K7,3,0.05,Completed,650000.0,1852500.0,1191900.0
ORD-103041,2025-08-10,Jawa Timur,Offline,C00021,Retail,SR07,Smartphone,Smartphone Lumo X,1,5.0,Completed,5500000.0,5225000.0,4854100.0
ORD-103042,2025-08-10,Jawa Timur,Online,C02097,Retail,SYS-ONLINE,Smartphone,Smartphone Lumo A5,1,0.05,Cancelled,2800000.0,2660000.0,2408600.0
ORD-103043,2025-08-10,Sumatera,Offline,C00274,UMKM,SR10,Peralatan Kantor,Kursi Ergonomis E1,10,0.0,Completed,1900000.0,19000000.0,12874000.0
ORD-103044,2025-08-10,Jakarta,Offline,C01948,UMKM,SR02,Smartphone,Smartphone Lumo X,5,0.0,Completed,5500000.0,27500000.0,24043500.0
ORD-103045,2025-08-10,Jawa Timur,Online,K0165,Korporat,SYS-ONLINE,Aksesoris,Keyboard Mekanik K7,33,0.0,Completed,650000.0,21450000.0,13308900.0
ORD-103300,2025-09-10,Sumatera,Online,C01243,UMKM,SYS-ONLINE,Smartphone,Smartphone Lumo A5,3,0.1,Completed,2800000.0,7560000.0,7229100.0
ORD-103301,2025-09-10,Sumatera,Online,C02392,Retail,SYS-ONLINE,Laptop,Laptop Axio Pro 15,2,0.3,Completed,13000000.0,18200000.0,23288600.0
ORD-103302,2025-09-10,Jawa Barat,Offline,C00603,Retail,SR05,Aksesoris,Headset USB H3,1,0.05,Completed,350000.0,332500.0,212100.0
ORD-103303,2025-09-10,Jawa Barat,Online,C01633,UMKM,SYS-ONLINE,Aksesoris,Power Bank 20000mAh,12,0.05,Completed,320000.0,3648000.0,2364000.0
ORD-103304,2025-09-10,Jawa Timur,Offline,C01847,Retail,SR07,Printer & Tinta,Printer InkJet P200,2,5.0,Completed,2100000.0,3990000.0,3352200.0
ORD-103305,2025-09-10,Jawa Barat,Offline,K0060,Korporat,SR06,Laptop,Laptop Axio Pro 15,5,0.1,Completed,13000000.0,58500000.0,57878500.0
ORD-103306,2025-09-10,Sumatera,Offline,K0128,Korporat,SR11,Smartphone,Smartphone Lumo A5,3,0.0,Completed,2800000.0,8400000.0,7293000.0
ORD-103556,2025-10-10,DKI Jakarta,Offline,C01372,Retail,SR02,Laptop,Laptop Axio Pro 15,1,0.0,Completed,13000000.0,13000000.0,11554700.0
ORD-103557,2025-10-10,Jawa Barat,Offline,C00299,Retail,SR04,Laptop,Laptop Veno 13,2,0.0,Completed,6200000.0,12400000.0,10987200.0
ORD-103558,2025-10-10,Jawa Timur,Offline,C01660,UMKM,SR08,Aksesori,Mouse Wireless M20,4,0.25,Completed,180000.0,540000.0,418000.0
ORD-103559,2025-10-10,Jawa Timur,Offline,C00407,Retail,SR08,Smartphone,Smartphone Lumo A5,1,0.1,Completed,2800000.0,2520000.0,2428100.0
ORD-103560,2025-10-10,Sumatera,Offline,K0143,Korporat,SR10,Peralatan Kantor,Kertas A4 80gsm (rim),5,0.05,Completed,55000.0,261250.0,191500.0
ORD-103561,2025-10-10,jakarta,Online,C01584,Retail,SYS-ONLINE,Smartphone,Smartphone Lumo A5,1,0.1,Completed,2800000.0,2520000.0,2443500.0
ORD-103562,2025-10-10,Jakarta,Online,C01371,UMKM,SYS-ONLINE,Laptop,Laptop Axio Pro 15,2,0.15,Completed,13000000.0,22100000.0,23338400.0
ORD-103563,2025-10-10,Sulawesi,Offline,C00433,Retail,SR17,Peralatan Kantor,Kertas A4 80gsm (rim),5,0.0,Completed,55000.0,275000.0,187500.0
ORD-106993,2025-10-10,Jawa Timur,Offline,C00407,Retail,SR08,Smartphone,Smartphone Lumo A5,1,0.1,Completed,2800000.0,2520000.0,2461900.0
ORD-103843,2025-11-10,Sumatera,Online,C00873,Retail,SYS-ONLINE,Aksesoris,Headset USB H3,1,0.0,Completed,350000.0,350000.0,212600.0
ORD-103844,2025-11-10,Jawa Barat,Offline,C00504,Retail,SR06,Smartphone,Smartphone Lumo X,2,0.0,Completed,5500000.0,11000000.0,9578400.0
ORD-103845,2025-11-10,,Online,C00108,UMKM,SYS-ONLINE,Peralatan Kantor,Kertas A4 80gsm (rim),6,0.1,Completed,55000.0,297000.0,227400.0
ORD-103846,2025-11-10,Jawa Timur,Online,C02202,Retail,SYS-ONLINE,Smartphone,Smartphone Lumo A5,2,0.05,Completed,2800000.0,5320000.0,4894400.0
ORD-103847,2025-11-10,Jawa Timur,Online,K0063,Korporat,SYS-ONLINE,Aksesoris,Power Bank 20000mAh,19,0.05,Completed,320000.0,5776000.0,3788600.0
ORD-103848,2025-11-10,Jawa Barat,Online,C01657,Retail,SYS-ONLINE,Laptop,Laptop Axio 14,2,0.25,Completed,8500000.0,12750000.0,15303600.0
ORD-103849,2025-11-10,Sumatera,Offline,C01178,Retail,SR10,Aksesoris,Mouse Wireless M20,3,0.1,Completed,180000.0,486000.0,317100.0
ORD-103850,2025-11-10,Jawa Barat,Offline,K0048,Korporat,SR05,Networking,Router WiFi 6 R600,17,0.05,Completed,1200000.0,19380000.0,
ORD-103851,2025-11-10,Kalimantan,Online,C02349,Retail,SYS-ONLINE,Aksesoris,Power Bank 20000mAh,1,0.3,Completed,320000.0,224000.0,202500.0
ORD-103852,2025-11-10,Kalimantan,Online,C00549,Retail,SYS-ONLINE,Aksesoris,Headset USB H3,2,0.15,Completed,350000.0,595000.0,424800.0
ORD-103853,2025-11-10,Jakarta,Online,C01473,Retail,SYS-ONLINE,Laptop,Laptop Axio 14,2,0.05,Completed,8500000.0,16150000.0,15238200.0
ORD-103854,2025-11-10,Kalimantan,Offline,C00748,Retail,SR14,Smartphone,Smartphone Lumo A5,1,0.0,Completed,2800000.0,2800000.0,2437900.0
ORD-103855,2025-11-10,Kalimantan,Offline,C01227,UMKM,SR15,Aksesoris,Headset USB H3,10,0.0,Completed,350000.0,3500000.0,2107000.0
ORD-103856,2025-11-10,Jakarta,Offline,C00934,UMKM,SR03,Smartphone,Smartphone Lumo A5,3,0.05,Completed,2800000.0,7980000.0,7391400.0
ORD-103857,2025-11-10,Jakarta,Offline,C00627,Retail,SR01,Laptop,Laptop Axio Pro 15,1,0.05,Completed,13000000.0,12350000.0,11549200.0
ORD-103858,2025-11-10,Sumatera,Offline,K0118,Korporat,SR11,Laptop,Laptop Axio Pro 15,3,5.0,Completed,13000000.0,37050000.0,35020500.0
ORD-103859,2025-11-10,SULAWESI,Offline,C01270,Retail,SR18,Peralatan Kantor,Kursi Ergonomis E1,4,0.1,Completed,1900000.0,6840000.0,5133600.0
ORD-104175,2025-12-10,Jawa Barat,Offline,C00095,UMKM,SR04,HP,Smartphone Lumo X,1,0.0,Completed,5500000.0,5500000.0,4823800.0
ORD-104176,2025-12-10,Jakarta,Offline,C01204,Retail,SR02,Peralatan Kantor,Kursi Ergonomis E1,5,0.0,Cancelled,1900000.0,9500000.0,6488500.0
ORD-104177,2025-12-10,Sulawesi,Offline,C01130,UMKM,SR17,Peralatan Kantor,Kursi Ergonomis E1,4,0.05,Completed,1900000.0,7220000.0,5255600.0
ORD-104178,2025-12-10,Jakarta,Offline,C01295,Retail,SR02,Aksesoris,Mouse Wireless M20,5,0.1,Completed,180000.0,810000.0,519000.0
ORD-104179,2025-12-10,Jawa Timur,Offline,C01369,Retail,SR07,Smartphone,Smartphone Lumo A5,2,30.0,Completed,2800000.0,3920000.0,4840400.0
ORD-104180,2025-12-10,Jawa Barat,Offline,C00628,Retail,SR05,Laptop,Laptop Axio Pro 15,1,0.1,Completed,13000000.0,11700000.0,11528000.0
ORD-104181,2025-12-10,Kalimantan,Online,C01554,UMKM,SYS-ONLINE,Printer & Tinta,Tinta Botol Set CMYK,5,0.1,Completed,280000.0,1260000.0,815500.0
ORD-104182,2025-12-10,Kalimantan,Online,C00406,UMKM,SYS-ONLINE,Laptop,Laptop Axio Pro 15,5,0.25,Completed,13000000.0,48750000.0,57963500.0
ORD-103580,2025-10-13,Jakarta,Offline,C00887,Retail,SR01,ATK,Kertas A4 80gsm (rim),5,0.0,Completed,55000.0,275000.0,191000.0
ORD-103581,2025-10-13,Jakarta,Offline,C00097,Retail,SR03,Aksesoris,Headset USB H3,2,0.1,Completed,350000.0,630000.0,422600.0
ORD-103582,2025-10-13,Jawa Timur,Online,C00490,UMKM,SYS-ONLINE,Peralatan Kantor,Kursi Ergonomis E1,14,0.1,Completed,1900000.0,23940000.0,18323200.0
ORD-103583,2025-10-13,Jawa Timur,Online,C01159,UMKM,SYS-ONLINE,Aksesoris,Power Bank 20000mAh,1,0.05,Cancelled,320000.0,304000.0,197500.0
ORD-103584,2025-10-13,Jakarta,Offline,C00683,Retail,SR01,Smartphone,Smartphone Lumo A5,1,0.0,Completed,2800000.0,2800000.0,2441900.0
ORD-103585,2025-10-13,Jawa Timur,Offline,C01071,Retail,SR08,Peralatan Kantor,Kursi Ergonomis E1,1,0.0,Completed,1900000.0,1900000.0,1283500.0
ORD-103586,2025-10-13,Jawa Timur,Offline,C01311,Retail,SR07,Networking,Router WiFi 6 R600,4,25.0,Completed,1200000.0,3600000.0,
ORD-103587,2025-10-13,Kalimantan,Offline,C01996,UMKM,SR15,Networking,Switch 8 Port S8,8,5.0,Completed,450000.0,3420000.0,
ORD-103588,2025-10-13,Jakarta,Online,C01914,Retail,SYS-ONLINE,Peralatan Kantor,Kertas A4 80gsm (rim),2,0.25,Completed,55000.0,82500.0,75800.0
ORD-103589,2025-10-13,Jakarta,Online,K0073,Korporat,SYS-ONLINE,Printer & Tinta,Printer InkJet P200,2,0.3,Completed,2100000.0,2940000.0,3405600.0
RET-103545,2025-10-13,Jakarta,Offline,C02106,Retail,SR02,Aksesoris,Keyboard Mekanik K7,-4,0.05,Returned,650000.0,-2470000.0,-1600400.0
ORD-103590,2025-10-14,Jakarta,Offline,C01050,UMKM,SR02,Aksesoris,Power Bank 20000mAh,5,0.0,Completed,320000.0,1600000.0,991500.0
ORD-103591,2025-10-14,Jakarta,Offline,C01166,Retail,SR03,Peralatan Kantor,Kertas A4 80gsm (rim),5,0.05,Completed,55000.0,261250.0,190000.0
ORD-103592,2025-10-14,Jakarta,Online,C00648,Retail,SYS-ONLINE,Aksesoris,Power Bank 20000mAh,1,0.1,Completed,320000.0,288000.0,202800.0
ORD-103593,2025-10-14,Jawa Barat,Offline,C02140,Retail,SR04,Laptop,Laptop Veno 13,1,0.0,Completed,6200000.0,6200000.0,5553000.0
RET-103538,2025-10-14,Sulawesi,Online,C01521,Retail,SYS-ONLINE,Aksesoris,Keyboard Mekanik K7,-5,0.0,Returned,650000.0,-3250000.0,-1976000.0
ORD-103594,2025-10-15,Jawa Barat,Offline,C01853,Retail,SR05,LAPTOP,Laptop Veno 13,2,0.0,Completed,6200000.0,12400000.0,10983200.0
ORD-103595,2025-10-15,Sumatera,Offline,C00573,Retail,SR12,Aksesoris,Headset USB H3,5,0.0,Cancelled,350000.0,1750000.0,1045500.0
ORD-103596,2025-10-15,Jawa Barat,Offline,C00666,Retail,SR05,Laptop,Laptop Veno 13,2,0.0,Completed,6200000.0,12400000.0,10949400.0
ORD-103597,2025-10-15,Sulawesi,Offline,C00303,UMKM,SR16,Smartphone,Smartphone Lumo X,4,0.0,Completed,5500000.0,22000000.0,19012800.0
ORD-103598,2025-10-15,Sulawesi,Online,C01689,Retail,SYS-ONLINE,Aksesoris,Power Bank 20000mAh,2,0.0,Completed,320000.0,640000.0,402000.0
ORD-103599,2025-10-15,Kalimantan,Offline,C01324,Retail,SR15,HP,Smartphone Lumo A5,2,5.0,Completed,2800000.0,5320000.0,4826400.0
ORD-103600,2025-10-16,Jawa Barat,Offline,C00457,Retail,SR06,Aksesoris,Headset USB H3,3,0.0,Completed,350000.0,1050000.0,623700.0
ORD-103601,2025-10-16,Sulawesi,Offline,K0020,Korporat,SR17,Smartphone,Smartphone Lumo A5,9,0.0,Completed,2800000.0,25200000.0,21930300.0
ORD-103602,2025-10-16,Kalimantan,Offline,C01115,Retail,SR13,Aksesoris,Mouse Wireless M20,3,0.0,Completed,180000.0,540000.0,318900.0
ORD-103603,2025-10-16,Jawa Barat,Online,C00621,Retail,SYS-ONLINE,Laptop,Laptop Axio Pro 15,1,0.0,Completed,13000000.0,13000000.0,11644400.0
ORD-103604,2025-10-16,Sumatera,Offline,K0162,Korporat,SR11,Networking,Switch 8 Port S8,10,0.0,Completed,450000.0,4500000.0,
ORD-103605,2025-10-16,Jawa Timur,Online,C02121,Retail,SYS-ONLINE,Peralatan Kantor,Kursi Ergonomis E1,2,0.05,Completed,1900000.0,3610000.0,2582200.0
ORD-103606,2025-10-16,Jawa Barat,Online,C00778,UMKM,SYS-ONLINE,Peralatan Kantor,Kertas A4 80gsm (rim),3,0.05,Completed,55000.0,156750.0,115500.0
ORD-103607,2025-10-16,Jawa Timur,Online,C00386,Retail,SYS-ONLINE,Printer&Tinta,Tinta Botol Set CMYK,2,0.15,Completed,280000.0,476000.0,334200.0
ORD-103608,2025-10-16,Jakarta,Online,C00470,Retail,SYS-ONLINE,Aksesoris,Mouse Wireless M20,4,0.0,Completed,180000.0,720000.0,414800.0
ORD-103609,2025-10-17,Jawa Timur,Offline,C01776,Retail,SR07,Laptop,Laptop Axio 14,2,10.0,Completed,8500000.0,15300000.0,15310600.0
ORD-103610,2025-10-17,Jawa Timur,Offline,C00312,UMKM,SR07,Networking,Router WiFi 6 R600,14,25.0,Completed,1200000.0,12600000.0,11986800.0
ORD-103611,2025-10-17,Jawa Barat,Offline,C01489,Retail,SR04,Laptop,Laptop Axio 14,2,0.0,Cancelled,8500000.0,17000000.0,15022400.0
ORD-103612,2025-10-17,Kalimantan,Online,C00414,Retail,SYS-ONLINE,Laptop,Laptop Axio Pro 15,1,0.2,Completed,13000000.0,10400000.0,11681100.0
ORD-103613,2025-10-17,Jabar,Offline,C01480,UMKM,SR06,Laptop,Laptop Veno 13,4,0.1,Completed,6200000.0,22320000.0,22263600.0
ORD-103614,2025-10-17,Jawa Barat,Offline,C00061,Retail,SR06,Printer & Tinta,Tinta Botol Set CMYK,1,0.05,Completed,280000.0,266000.0,167200.0
ORD-103615,2025-10-17,Jakarta,Offline,K0132,Korporat,SR02,Smartphone,Smartphone Lumo A5,6,0.0,Completed,2800000.0,16800000.0,14617800.0
ORD-103616,2025-10-17,Sulawesi,Online,C02304,Retail,SYS-ONLINE,Smartphone,Smartphone Lumo X,2,0.0,Completed,5500000.0,11000000.0,9529600.0
ORD-103617,2025-10-17,Jakarta,Offline,C01257,Retail,SR01,Aksesoris,Headset USB H3,1,0.0,Completed,350000.0,350000.0,207500.0
ORD-103618,2025-10-17,Kalimantan,Online,C02332,Retail,SYS-ONLINE,Aksesoris,Mouse Wireless M20,2,0.3,Completed,180000.0,252000.0,209800.0
ORD-103619,2025-10-18,Sumatera,Offline,C01218,UMKM,SR10,Peralatan Kantor,Kertas A4 80gsm (rim),4,0.0,Cancelled,55000.0,220000.0,152400.0
ORD-103620,2025-10-18,Jakarta,Offline,C01610,UMKM,SR01,Laptop,Laptop Axio 14,3,0.1,Completed,8500000.0,22950000.0,22530600.0
ORD-103621,2025-10-18,Sumatera,Online,C00786,Retail,SYS-ONLINE,Smartphone,Smartphone Lumo X,2,0.0,Completed,5500000.0,11000000.0,9720600.0
ORD-103622,2025-10-18,,Online,C00820,Retail,SYS-ONLINE,Laptop,Laptop Veno 13,1,0.25,Cancelled,6200000.0,4650000.0,5497100.0
ORD-103623,2025-10-18,Jawa Timur,Online,C00629,Retail,SYS-ONLINE,Printer & Tinta,Printer InkJet P200,2,0.1,Completed,2100000.0,3780000.0,3414800.0
ORD-103624,2025-10-18,Jakarta,Offline,C01006,Retail,SR01,Aksesoris,Power Bank 20000mAh,1,0.05,Completed,320000.0,304000.0,198600.0
ORD-103625,2025-10-18,Jawa Timur,Offline,C02124,UMKM,SR08,Laptop,Laptop Veno 13,3,0.0,Completed,6200000.0,18600000.0,16488000.0
ORD-103626,2025-10-18,Jawa Barat,Offline,C01346,Retail,SR06,Laptop,Laptop Veno 13,1,0.05,Completed,6200000.0,5890000.0,5578600.0
ORD-103627,2025-10-18,Sulawesi,Offline,C01512,Retail,SR17,Peralatan Kantor,Kertas A4 80gsm (rim),4,0.0,Completed,55000.0,220000.0,151600.0
ORD-103628,2025-10-19,Jakarta,Offline,K0113,Korporat,SR03,Printer & Tinta,Tinta Botol Set CMYK,7,0.0,Completed,280000.0,1960000.0,1158500.0
ORD-103629,2025-10-19,Jawa Barat,Online,C02384,UMKM,SYS-ONLINE,Networking,Router WiFi 6 R600,8,0.0,Completed,1200000.0,9600000.0,
ORD-103630,2025-10-19,Jakarta,Offline,C00432,UMKM,SR02,Aksesoris,Keyboard Mekanik K7,11,0.05,Completed,650000.0,6792500.0,4417600.0
ORD-103631,2025-10-19,Kalimantan,Offline,C02136,Retail,SR13,Smartphone,Smartphone Lumo X,2,0.05,Completed,5500000.0,10450000.0,9590400.0
ORD-103632,2025-10-19,Jakarta,Offline,C00464,Retail,SR01,Smartphone,Smartphone Lumo A5,2,0.0,Completed,2800000.0,5600000.0,4902200.0
ORD-103633,2025-10-19,Jawa Timur,Online,C01598,Retail,SYS-ONLINE,Smartphone,Smartphone Lumo A5,2,0.25,Completed,2800000.0,4200000.0,4898800.0
ORD-103634,2025-10-19,Jawa Timur,Offline,K0082,Korporat,SR08,Laptop,Laptop Veno 13,2,0.3,Completed,6200000.0,8680000.0,11186200.0
ORD-103635,2025-10-19,Kalimantan,Offline,C00291,UMKM,SR15,Aksesoris,Headset USB H3,2,5.0,Completed,350000.0,665000.0,421400.0
ORD-103636,2025-10-19,Jawa Barat,Offline,C00886,Retail,SR05,Networking,Switch 8 Port S8,1,0.0,Completed,450000.0,450000.0,
ORD-103637,2025-10-19,Jawa Barat,Online,C01955,Retail,SYS-ONLINE,Printer & Tinta,Printer InkJet P200,1,0.1,Completed,2100000.0,1890000.0,1724600.0
ORD-103638,2025-10-19,Sumatera,Online,C01904,UMKM,SYS-ONLINE,Printer & Tinta,Printer InkJet P200,4,0.0,Completed,2100000.0,8400000.0,6833200.0
ORD-103639,2025-10-20,Jakarta,Offline,C01577,UMKM,SR02,Aksesoris,Mouse Wireless M20,5,0.0,Completed,180000.0,900000.0,525000.0
ORD-103640,2025-10-20,kalimantan,Online,C02387,UMKM,SYS-ONLINE,Aksesoris,Power Bank 20000mAh,2,0.15,Completed,320000.0,544000.0,397000.0
ORD-103641,2025-10-20,Kalimantan,Online,C00994,Retail,SYS-ONLINE,Laptop,Laptop Axio 14,2,0.05,Completed,8500000.0,16150000.0,15153800.0
ORD-103642,2025-10-20,Jawa Barat,Offline,C00328,Retail,SR05,Aksesoris,Keyboard Mekanik K7,4,0.0,Completed,650000.0,2600000.0,1597200.0
ORD-103643,2025-10-20,,Online,C01091,UMKM,SYS-ONLINE,Smartphone,Smartphone Lumo X,1,0.0,Completed,5500000.0,5500000.0,4841000.0
ORD-103644,2025-10-20,Sulawesi,Offline,C01294,Retail,SR16,Networking,Router WiFi 6 R600,3,0.05,Completed,1200000.0,3420000.0,2565000.0
ORD-103645,2025-10-20,Jatim,Offline,C01529,Retail,SR08,Peralatan Kantor,Kursi Ergonomis E1,5,0.05,Completed,1900000.0,9025000.0,6467000.0
ORD-103646,2025-10-20,Jawa Timur,Online,C01925,Retail,SYS-ONLINE,Aksesoris,Keyboard Mekanik K7,3,0.25,Completed,650000.0,1462500.0,1194900.0
ORD-103647,2025-10-20,,Online,K0015,Korporat,SYS-ONLINE,Peralatan Kantor,Kertas A4 80gsm (rim),2,0.2,Completed,55000.0,88000.0,75800.0
ORD-103648,2025-10-20,Jakarta,Online,C02309,Retail,SYS-ONLINE,Laptop,Laptop Veno 13,2,0.15,Completed,6200000.0,10540000.0,11030400.0
ORD-103649,2025-10-20,Jawa Timur,Offline,C01074,UMKM,SR07,Aksesoris,Power Bank 20000mAh,2,0.0,Completed,320000.0,640000.0,401600.0
ORD-103650,2025-10-20,Jakarta,Offline,C00103,Retail,SR01,Smartphone,Smartphone Lumo A5,2,0.0,Cancelled,2800000.0,5600000.0,4864800.0
ORD-103651,2025-10-21,Jawa Barat,Online,K0014,Korporat,SYS-ONLINE,Aksesoris,Mouse Wireless M20,41,0.2,Completed,180000.0,5904000.0,4247600.0
ORD-103652,2025-10-21,Jawa Timur,E-Commerce,C01611,UMKM,SYS-ONLINE,Networking,Router WiFi 6 R600,13,0.3,Completed,1200000.0,10920000.0,
ORD-103653,2025-10-21,Jakarta,Offline,C00449,Retail,SR02,Networking,Switch 8 Port S8,2,0.0,Completed,450000.0,900000.0,
ORD-103654,2025-10-21,Sumatera,Offline,C00379,Retail,SR11,Printer & Tinta,Printer InkJet P200,2,5.0,Completed,2100000.0,3990000.0,3432600.0
ORD-103655,2025-10-21,Jawa Timur,Offline,C02214,Retail,SR07,Peralatan Kantor,Kertas A4 80gsm (rim),5,25.0,Completed,55000.0,206250.0,190500.0
ORD-103656,2025-10-21,Jakarta,Offline,C01589,UMKM,SR02,Aksesoris,Power Bank 20000mAh,8,0.0,Completed,320000.0,2560000.0,1615200.0
ORD-103657,2025-10-21,Jawa Barat,Offline,C02379,Retail,SR05,Peralatan Kantor,Kertas A4 80gsm (rim),3,0.05,Completed,55000.0,156750.0,113400.0
ORD-103658,2025-10-22,Sulawesi,Offline,C01452,Retail,SR18,Networking,Switch 8 Port S8,2,0.1,Completed,450000.0,810000.0,
ORD-103659,2025-10-22,Jakarta,Offline,C01900,UMKM,SR03,Networking,Switch 8 Port S8,11,0.0,Completed,450000.0,4950000.0,
ORD-103660,2025-10-22,Jawa Timur,Offline,K0174,Korporat,SR07,Smartphone,Smartphone Lumo X,3,25.0,Completed,5500000.0,12375000.0,14190300.0
ORD-103661,2025-10-22,Jakarta,Offline,C00327,Retail,SR02,Printer & Tinta,Tinta Botol Set CMYK,1,0.0,Completed,280000.0,280000.0,166000.0
ORD-103662,2025-10-22,Sumatera,Online,C00346,UMKM,SYS-ONLINE,Peralatan Kantor,Kursi Ergonomis E1,3,0.15,Completed,1900000.0,4845000.0,3952500.0
ORD-103663,2025-10-22,,Online,C01895,Retail,SYS-ONLINE,Smartphone,Smartphone Lumo A5,1,0.25,Completed,2800000.0,2100000.0,2442900.0
ORD-103664,2025-10-22,Jawa Timur,Online,C00486,Retail,SYS-ONLINE,LAPTOP,Laptop Veno 13,2,0.05,Completed,6200000.0,11780000.0,11149000.0
ORD-103664,2025-10-22,Jawa Timur,Online,C00486,Retail,SYS-ONLINE,LAPTOP,Laptop Veno 13,2,0.05,Completed,6200000.0,11780000.0,11149000.0
ORD-103665,2025-10-22,Jawa Barat,Offline,C02357,Retail,SR04,Networking,Router WiFi 6 R600,4,0.0,Completed,1200000.0,4800000.0,
ORD-103666,2025-10-22,Jawa Timur,Online,C01667,UMKM,SYS-ONLINE,Printer & Tinta,Printer InkJet P200,3,0.25,Completed,2100000.0,4725000.0,5104500.0
ORD-103667,2025-10-22,Jawa Timur,Online,C01282,Retail,SYS-ONLINE,Aksesoris,Headset USB H3,4,0.05,Completed,350000.0,1330000.0,827600.0
ORD-103668,2025-10-22,Jawa Barat,Offline,C00670,Retail,SR04,Aksesoris,Keyboard Mekanik K7,4,0.05,Completed,650000.0,2470000.0,1592800.0
ORD-103669,2025-10-22,Jakarta,Offline,K0092,Korporat,SR02,Printer & Tinta,Tinta Botol Set CMYK,6,0.05,Completed,280000.0,1596000.0,992400.0
ORD-103670,2025-10-22,Kalimantan,Online,C00050,Retail,SYS-ONLINE,Peralatan Kantor,Kursi Ergonomis E1,3,0.05,Completed,1900000.0,5415000.0,3908100.0
ORD-103671,2025-10-23,Jawa Timur,Offline,C02031,Retail,SR09,Peralatan Kantor,Kertas A4 80gsm (rim),5,0.1,Completed,55000.0,247500.0,192000.0
ORD-103672,2025-10-23,Jawa Timur,Offline,C02014,Retail,SR09,Printer & Tinta,Tinta Botol Set CMYK,2,0.3,Completed,280000.0,392000.0,331000.0
ORD-103673,2025-10-23,Jawa Barat,Offline,C02210,UMKM,SR04,Laptop,Laptop Axio 14,5,0.0,Completed,8500000.0,42500000.0,38468500.0
ORD-103674,2025-10-23,Sumatera,Offline,K0143,Korporat,SR11,Aksesoris,Keyboard Mekanik K7,30,10.0,Completed,650000.0,17550000.0,11823000.0
ORD-103675,2025-10-23,Jawa Timur,Online,C02271,Retail,SYS-ONLINE,HP,Smartphone Lumo X,1,0.1,Completed,5500000.0,4950000.0,4728600.0
ORD-103676,2025-10-23,Sumatera,Offline,C01034,UMKM,SR10,Laptop,Laptop Veno 13,3,0.0,Completed,6200000.0,18600000.0,16463100.0
ORD-103677,2025-10-23,Jakarta,Online,C00318,UMKM,SYS-ONLINE,Smartphone,Smartphone Lumo X,4,0.05,Completed,5500000.0,20900000.0,19115600.0
ORD-103678,2025-10-23,Jawa Barat,Offline,K0142,Korporat,SR05,laptop,Laptop Veno 13,5,0.0,Completed,6200000.0,31000000.0,27380500.0
ORD-103679,2025-10-24,Jakarta,Online,C01760,Retail,SYS-ONLINE,Networking,Router WiFi 6 R600,3,0.1,Completed,1200000.0,3240000.0,
ORD-103680,2025-10-24,Jakarta,Offline,C01696,Retail,SR03,Laptop,Laptop Axio Pro 15,1,0.0,Completed,13000000.0,13000000.0,11602600.0
ORD-103681,2025-10-24,Sulawesi,Online,C00463,UMKM,SYS-ONLINE,Aksesoris,Keyboard Mekanik K7,7,0.0,Completed,650000.0,4550000.0,2836400.0
ORD-103682,2025-10-24,Jawa Barat,Offline,C02130,UMKM,SR06,Aksesoris,Keyboard Mekanik K7,13,0.0,Completed,650000.0,8450000.0,5231200.0
ORD-103683,2025-10-24,Jawa Timur,Offline,K0148,Korporat,SR08,Aksesoris,Keyboard Mekanik K7,7,0.0,Completed,650000.0,4550000.0,2776900.0
ORD-103684,2025-10-24,Jakarta,Online,C00273,Retail,SYS-ONLINE,Networking,Switch 8 Port S8,2,0.0,Completed,450000.0,900000.0,
ORD-103685,2025-10-24,Sumatera,Online,C00145,UMKM,SYS-ONLINE,smartphone,Smartphone Lumo A5,5,0.05,Completed,2800000.0,13300000.0,12145500.0
ORD-103686,2025-10-24,Sumatera,Online,C01007,UMKM,SYS-ONLINE,Aksesoris,Headset USB H3,7,0.05,Completed,350000.0,2327500.0,1471400.0
ORD-103687,2025-10-24,Kalimantan,Online,C01442,Retail,SYS-ONLINE,Aksesoris,Keyboard Mekanik K7,4,0.05,Completed,650000.0,2470000.0,1583600.0
ORD-103688,2025-10-24,,online,C01614,Retail,SYS-ONLINE,Smartphone,Smartphone Lumo X,1,0.1,Completed,5500000.0,4950000.0,4765800.0
ORD-103689,2025-10-24,Jakarta,Online,C01537,Retail,SYS-ONLINE,Aksesoris,Mouse Wireless M20,4,0.05,Completed,180000.0,684000.0,426400.0
ORD-103690,2025-10-24,Kalimantan,Offline,C00948,Retail,SR15,Smartphone,Smartphone Lumo A5,1,5.0,Completed,2800000.0,2660000.0,2440700.0
ORD-103691,2025-10-25,Sulawesi,Offline,K0130,Korporat,SR17,Smartphone,Smartphone Lumo X,10,0.0,Completed,5500000.0,55000000.0,47803000.0
ORD-103692,2025-10-25,Sumatera,Offline,C02164,Retail,SR11,Printer & Tinta,Tinta Botol Set CMYK,2,5.0,Completed,280000.0,532000.0,333400.0
ORD-103693,2025-10-25,Jakarta,Offline,C00783,Retail,SR03,Smartphone,Smartphone Lumo A5,1,0.05,Completed,2800000.0,2660000.0,2464600.0
ORD-103694,2025-10-25,,online,C00826,Retail,SYS-ONLINE,Peralatan Kantor,Kertas A4 80gsm (rim),1,0.25,Cancelled,55000.0,41250.0,38300.0
ORD-103695,2025-10-25,Jawa Timur,Online,C00258,UMKM,SYS-ONLINE,Aksesoris,Mouse Wireless M20,5,0.1,Cancelled,180000.0,810000.0,524000.0
ORD-103696,2025-10-25,Jakarta,Offline,C01222,Retail,SR01,Peralatan Kantor,Kertas A4 80gsm (rim),5,0.0,Completed,55000.0,275000.0,188000.0
ORD-103697,2025-10-25,Sulawesi,Offline,C02149,Retail,SR16,Laptop,Laptop Axio Pro 15,1,0.1,Completed,13000000.0,11700000.0,11672000.0
ORD-103698,2025-10-25,Jawa Barat,Offline,C01480,Retail,SR06,Laptop,Laptop Axio 14,2,0.1,Completed,8500000.0,15300000.0,15258600.0
ORD-103699,2025-10-25,Sulawesi,Offline,C02338,Retail,SR16,Laptop,Laptop Axio Pro 15,2,0.05,Completed,13000000.0,24700000.0,23441000.0
ORD-103700,2025-10-25,Sulawesi,Offline,C01512,Retail,SR17,Printer & Tinta,Printer InkJet P200,1,0.0,Completed,2100000.0,2100000.0,1710700.0
ORD-103701,2025-10-25,Sulawesi,Offline,C01613,UMKM,SR16,Networking,Switch 8 Port S8,9,0.05,Completed,450000.0,3847500.0,
ORD-103702,2025-10-25,Jakarta,Online,K0111,Korporat,SYS-ONLINE,Laptop,Laptop Axio Pro 15,2,0.3,Completed,13000000.0,18200000.0,23244000.0
ORD-103703,2025-10-25,Jawa Timur,Offline,C01604,UMKM,SR09,Networking,Router WiFi 6 R600,12,0.25,Completed,1200000.0,10800000.0,10225200.0
ORD-103704,2025-10-26,Sumatera,Offline,C01689,UMKM,SR10,Peralatan Kantor,Kursi Ergonomis E1,11,0.05,Completed,1900000.0,19855000.0,14223000.0
ORD-103705,2025-10-26,Jawa Timur,Online,C01491,UMKM,SYS-ONLINE,Laptop,Laptop Veno 13,5,0.1,Completed,6200000.0,27900000.0,28161500.0
ORD-103706,2025-10-26,Sulawesi,Offline,C01393,UMKM,SR18,Peralatan Kantor,Kertas A4 80gsm (rim),8,0.0,Completed,55000.0,440000.0,303200.0
ORD-103707,2025-10-26,Jakarta,Offline,C02220,UMKM,SR01,Laptop,Laptop Axio Pro 15,1,0.0,Completed,13000000.0,13000000.0,11502900.0
ORD-103708,2025-10-26,Jawa Barat,Offline,C00999,Retail,SR06,Laptop,Laptop Axio Pro 15,2,0.0,Completed,13000000.0,26000000.0,23103600.0
ORD-103709,2025-10-26,Jakarta,Online,C02012,Retail,SYS-ONLINE,Peralatan Kantor,Kursi Ergonomis E1,4,0.05,Completed,1900000.0,7220000.0,5188800.0
ORD-103710,2025-10-27,DKI Jakarta,Online,C00088,UMKM,SYS-ONLINE,Aksesoris,Headset USB H3,11,0.2,Completed,350000.0,3080000.0,2296800.0
ORD-103711,2025-10-27,Jawa Barat,Offline,C00123,Retail,SR04,Networking,Router WiFi 6 R600,5,0.0,Completed,1200000.0,6000000.0,
ORD-103712,2025-10-27,Jakarta,Offline,C00439,Retail,SR01,Peralatan Kantor,Kertas A4 80gsm (rim),1,0.05,Completed,55000.0,52250.0,37800.0
ORD-103713,2025-10-27,Jakarta,Offline,C00319,Retail,SR01,Networking,Router WiFi 6 R600,4,0.05,Completed,1200000.0,4560000.0,3448800.0
ORD-103714,2025-10-27,Jawa Timur,Online,C00887,UMKM,SYS-ONLINE,Laptop,Laptop Veno 13,5,0.1,Completed,6200000.0,27900000.0,28072500.0
ORD-103715,2025-10-27,Jakarta,Online,C02325,UMKM,SYS-ONLINE,Smartphone,Smartphone Lumo X,3,0.05,Completed,5500000.0,15675000.0,14513400.0
ORD-103716,2025-10-28,jawa timur,Online,C01915,Retail,SYS-ONLINE,Aksesoris,Headset USB H3,4,0.25,Completed,350000.0,1050000.0,838000.0
ORD-103717,2025-10-28,Sumatera,Offline,C00933,Retail,SR11,Networking,Router WiFi 6 R600,5,5.0,Cancelled,1200000.0,5700000.0,4189500.0
ORD-103718,2025-10-28,Jawa Timur,Offline,C01397,Retail,SR07,Aksesoris,Power Bank 20000mAh,4,5.0,Completed,320000.0,1216000.0,800400.0
ORD-103719,2025-10-28,Jawa Barat,Offline,C00079,UMKM,SR06,Peralatan Kantor,Kertas A4 80gsm (rim),13,0.0,Completed,55000.0,715000.0,487500.0
ORD-103720,2025-10-29,Jawa Timur,Online,C01624,Retail,SYS-ONLINE,Peralatan Kantor,Kertas A4 80gsm (rim),1,0.2,Completed,55000.0,44000.0,38200.0
ORD-103721,2025-10-29,Jakarta,Offline,C01636,Retail,SR01,Laptop,Laptop Axio Pro 15,2,0.0,Completed,13000000.0,26000000.0,23356800.0
ORD-103722,2025-10-29,jakarta,Online,C01464,UMKM,SYS-ONLINE,Peralatan Kantor,Kertas A4 80gsm (rim),4,0.05,Completed,55000.0,209000.0,151200.0
ORD-103723,2025-10-29,Jakarta,Online,C00634,Retail,SYS-ONLINE,Printer & Tinta,Tinta Botol Set CMYK,2,0.2,Completed,280000.0,448000.0,334400.0
ORD-103724,2025-10-29,Jawa Barat,Online,C00704,Retail,SYS-ONLINE,Peralatan Kantor,Kertas A4 80gsm (rim),4,0.0,Completed,55000.0,220000.0,150000.0
ORD-103725,2025-10-29,Jawa Barat,Online,C00771,UMKM,SYS-ONLINE,Laptop,Laptop Axio 14,1,0.0,Completed,8500000.0,8500000.0,7488000.0
ORD-103726,2025-10-29,Jawa Barat,Offline,C00096,UMKM,SR04,Networking,Switch 8 Port S8,2,0.0,Completed,450000.0,900000.0,
ORD-103727,2025-10-29,Sulawesi,Offline,C01818,Retail,SR18,Printer & Tinta,Printer InkJet P200,2,0.0,Completed,2100000.0,4200000.0,3426800.0
ORD-103728,2025-10-29,Jawa Timur,Offline,C02315,Retail,SR07,Smartphone,Smartphone Lumo X,1,25.0,Completed,5500000.0,4125000.0,4861100.0
ORD-103729,2025-10-29,Jakarta,Offline,C02378,UMKM,SR02,Peralatan Kantor,Kertas A4 80gsm (rim),10,0.1,Completed,55000.0,495000.0,379000.0
ORD-103730,2025-10-29,Jakarta,Offline,C02247,UMKM,SR01,Peralatan Kantor,Kertas A4 80gsm (rim),8,0.0,Completed,55000.0,440000.0,306400.0
ORD-103731,2025-10-29,Jakarta,Offline,C01967,UMKM,SR01,Aksesoris,Headset USB H3,4,0.0,Completed,350000.0,1400000.0,842000.0
ORD-103732,2025-10-30,Jakarta,Offline,C00896,Retail,SR02,Networking,Switch 8 Port S8,5,0.05,Completed,450000.0,2137500.0,
ORD-103733,2025-10-30,Jakarta,Online,C00366,Retail,SYS-ONLINE,Peralatan Kantor,Kertas A4 80gsm (rim),4,0.2,Completed,55000.0,176000.0,150400.0
ORD-103734,2025-10-30,Kalimantan,Offline,C02353,Retail,SR13,Laptop,Laptop Veno 13,2,0.0,Completed,6200000.0,12400000.0,11111600.0
ORD-103735,2025-10-30,Jakarta,ONLINE,C00546,UMKM,SYS-ONLINE,Aksesoris,Mouse Wireless M20,9,0.25,Completed,180000.0,1215000.0,943200.0
ORD-103736,2025-10-30,Jakarta,Offline,K0009,Korporat,SR02,Printer & Tinta,Tinta Botol Set CMYK,5,0.1,Completed,280000.0,1260000.0,813000.0
ORD-103737,2025-10-31,Kalimantan,Online,C00281,Retail,SYS-ONLINE,Networking,Switch 8 Port S8,4,0.3,Completed,450000.0,1260000.0,
ORD-103738,2025-10-31,Sulawesi,Offline,C00693,UMKM,SR16,Peralatan Kantor,Kursi Ergonomis E1,7,0.1,Completed,1900000.0,11970000.0,9131500.0
ORD-103739,2025-10-31,Jawa Barat,Online,C01098,Retail,SYS-ONLINE,Aksesoris,Keyboard Mekanik K7,4,0.0,Completed,650000.0,2600000.0,1614400.0
ORD-103740,2025-10-31,Jakarta,Online,C00078,Retail,SYS-ONLINE,Laptop,Laptop Veno 13,1,0.15,Completed,6200000.0,5270000.0,5502900.0
ORD-103741,2025-10-31,Jawa Barat,Offline,C00563,UMKM,SR06,Aksesoris,Keyboard Mekanik K7,13,0.05,Completed,650000.0,8027500.0,5210400.0
ORD-103742,2025-10-31,Sumatera,Offline,C01001,Retail,SR11,Aksesoris,Power Bank 20000mAh,4,0.0,Completed,320000.0,1280000.0,809200.0
ORD-103743,2025-10-31,Jakarta,Offline,C00071,UMKM,SR03,Peralatan Kantor,Kursi Ergonomis E1,1,0.0,Completed,1900000.0,1900000.0,1287400.0
ORD-103744,2025-10-31,Sulawesi,Online,C01135,UMKM,SYS-ONLINE,laptop,Laptop Axio Pro 15,1,0.25,Completed,13000000.0,9750000.0,11775800.0
RET-103623,2025-10-31,Jawa Timur,Online,C00629,Retail,SYS-ONLINE,Printer & Tinta,Printer InkJet P200,-2,0.1,Returned,2100000.0,-3780000.0,-3414800.0
RET-103642,2025-10-31,Jawa Barat,Offline,C00328,Retail,SR05,Aksesoris,Keyboard Mekanik K7,-4,0.0,Returned,650000.0,-2600000.0,-1597200.0
ORD-101174,2025-01-11,Jawa Timur,Offline,C02355,UMKM,SR08,Smartphone,Smartphone Lumo X,5,0.0,Completed,5500000.0,27500000.0,23726000.0
ORD-101175,2025-01-11,Sumatera,Offline,C00265,Retail,SR12,Smartphone,Smartphone Lumo A5,1,0.0,Completed,2800000.0,2800000.0,2397800.0
ORD-101176,2025-01-11,Kalimantan,Online,C00116,Retail,SYS-ONLINE,Printer & Tinta,Printer InkJet P200,1,0.15,Completed,2100000.0,1785000.0,1723500.0
ORD-101177,2025-01-11,Sulawesi,Online,C00521,UMKM,SYS-ONLINE,Networking,Switch 8 Port S8,3,0.1,Completed,450000.0,1215000.0,
ORD-101178,2025-01-11,Jatim,Offline,K0029,Korporat,SR09,Printer & Tinta,Printer InkJet P200,2,0.0,Completed,2100000.0,4200000.0,3384600.0
ORD-101179,2025-01-11,Jakarta,Offline,C01139,Retail,SR01,Peralatan Kantor,Kursi Ergonomis E1,2,0.0,Completed,1900000.0,3800000.0,2567000.0
ORD-101180,2025-01-11,Sumatera,Offline,C00570,Retail,SR11,Aksesoris,Mouse Wireless M20,3,10.0,Completed,180000.0,486000.0,319200.0
ORD-101181,2025-01-11,Jawa Barat,Online,C00822,Retail,SYS-ONLINE,Aksesoris,Keyboard Mekanik K7,2,0.1,Cancelled,650000.0,1170000.0,789800.0
ORD-101182,2025-01-11,Kalimantan,Offline,C00355,Retail,SR14,Laptop,Laptop Veno 13,1,0.0,Completed,6200000.0,6200000.0,5519700.0
ORD-101183,2025-01-11,,Online,C01248,Retail,SYS-ONLINE,Laptop,Laptop Axio 14,2,0.0,Completed,8500000.0,17000000.0,15302400.0
ORD-101410,2025-02-11,Jakarta,Online,C01017,Retail,SYS-ONLINE,Laptop,Laptop Axio Pro 15,1,0.05,Completed,13000000.0,12350000.0,11495000.0
ORD-101411,2025-02-11,Kalimantan,Offline,C00600,Retail,SR13,Peralatan Kantor,Kertas A4 80gsm (rim),4,0.1,Completed,55000.0,198000.0,151200.0
ORD-101412,2025-02-11,Sulawesi,Offline,C00596,Retail,SR16,Printer & Tinta,Printer InkJet P200,1,0.0,Cancelled,2100000.0,2100000.0,1697300.0
ORD-101413,2025-02-11,Sulawesi,Online,C02144,UMKM,SYS-ONLINE,Peralatan Kantor,Kursi Ergonomis E1,13,0.05,Completed,1900000.0,23465000.0,17048200.0
ORD-101708,2025-03-11,Jawa Timur,Offline,C00869,Retail,SR08,Laptop,Laptop Axio 14,2,0.1,Completed,8500000.0,15300000.0,14991800.0
ORD-101709,2025-03-11,Kalimantan,Offline,C01419,Retail,SR13,Smartphone,Smartphone Lumo A5,1,0.05,Completed,2800000.0,2660000.0,2395700.0
ORD-101710,2025-03-11,Sulawesi,Online,C02257,UMKM,SYS-ONLINE,Aksesoris,Keyboard Mekanik K7,11,0.05,Completed,650000.0,6792500.0,4395600.0
ORD-101711,2025-03-11,,Online,C00278,Retail,SYS-ONLINE,Aksesoris,Power Bank 20000mAh,3,0.05,Completed,320000.0,912000.0,602100.0
ORD-101712,2025-03-11,Jakarta,Online,C01524,Retail,SYS-ONLINE,Aksesoris,Mouse Wireless M20,5,0.05,Completed,180000.0,855000.0,525000.0
ORD-101713,2025-03-11,Sumatera,Offline,C01872,Retail,SR12,Printer & Tinta,Tinta Botol Set CMYK,2,0.0,Completed,280000.0,560000.0,334000.0
ORD-101714,2025-03-11,Jakarta,Offline,C02246,Retail,SR01,Aksesoris,Power Bank 20000mAh,3,0.0,Completed,320000.0,960000.0,606900.0
ORD-101715,2025-03-11,Sulawesi,Offline,C01009,Retail,SR17,Smartphone,Smartphone Lumo A5,2,0.05,Completed,2800000.0,5320000.0,4858000.0
ORD-101716,2025-03-11,Jawa Barat,ONLINE,C01917,UMKM,SYS-ONLINE,Peralatan Kantor,Kursi Ergonomis E1,4,0.05,Completed,1900000.0,7220000.0,5166000.0
ORD-101717,2025-03-11,Sumatera,Online,C02029,Retail,SYS-ONLINE,Printer & Tinta,Printer InkJet P200,2,0.05,Completed,2100000.0,3990000.0,3442400.0
ORD-101718,2025-03-11,Sumatera,Online,C00664,Retail,SYS-ONLINE,Aksesoris,Keyboard Mekanik K7,5,0.05,Completed,650000.0,3087500.0,2017500.0
ORD-101719,2025-03-11,Jawa Timur,Offline,C00157,Retail,SR08,Laptop,Laptop Axio Pro 15,1,0.0,Completed,13000000.0,13000000.0,11573200.0
ORD-101720,2025-03-11,Sulawesi,Online,C00617,Retail,SYS-ONLINE,Peralatan Kantor,Kursi Ergonomis E1,2,0.05,Completed,1900000.0,3610000.0,2566000.0
ORD-102015,2025-04-11,jakarta,Offline,C01074,Retail,SR01,Networking,Router WiFi 6 R600,5,0.0,Completed,1200000.0,6000000.0,
ORD-102016,2025-04-11,Sulawesi,Offline,C01019,Retail,SR17,Aksesoris,Mouse Wireless M20,4,0.0,Completed,180000.0,720000.0,422400.0
ORD-102017,2025-04-11,Jakarta,Offline,C02142,Retail,SR02,Laptop,Laptop Axio 14,1,0.0,Completed,8500000.0,8500000.0,7683600.0
ORD-102018,2025-04-11,Kalimantan,Offline,C00930,Retail,SR15,Printer & Tinta,Printer InkJet P200,1,0.0,Completed,2100000.0,2100000.0,1680800.0
ORD-102242,2025-05-11,Jawa Barat,Online,C00627,Retail,SYS-ONLINE,Printer & Tinta,Tinta Botol Set CMYK,2,0.05,Completed,280000.0,532000.0,334400.0
ORD-102243,2025-05-11,Jawa Barat,Offline,C00415,UMKM,SR05,Aksesoris,Keyboard Mekanik K7,12,0.0,Completed,650000.0,7800000.0,4843200.0
ORD-102244,2025-05-11,Jakarta,Online,C01179,Retail,SYS-ONLINE,Smartphone,Smartphone Lumo X,2,0.0,Completed,5500000.0,11000000.0,9683400.0
ORD-102245,2025-05-11,Jawa Barat,Offline,C00894,Retail,SR06,Smartphone,Smartphone Lumo X,1,0.0,Completed,5500000.0,5500000.0,4730400.0
ORD-102246,2025-05-11,Sumatera,Online,C01806,UMKM,SYS-ONLINE,Peralatan Kantor,Kursi Ergonomis E1,11,0.1,Completed,1900000.0,18810000.0,14190000.0
ORD-102247,2025-05-11,Jakarta,Online,C01846,UMKM,SYS-ONLINE,Laptop,Laptop Axio Pro 15,1,0.1,Completed,13000000.0,11700000.0,11702500.0
ORD-102248,2025-05-11,Jakarta,Online,C00520,Retail,SYS-ONLINE,Smartphone,Smartphone Lumo X,2,0.0,Completed,5500000.0,11000000.0,9563800.0
ORD-102506,2025-06-11,Jakarta,Offline,C02380,UMKM,SR01,Aksesoris,Keyboard Mekanik K7,2,0.1,Completed,650000.0,1170000.0,803800.0
ORD-102507,2025-06-11,Jawa Barat,Offline,C00621,Retail,SR04,Aksesoris,Headset USB H3,3,0.0,Completed,350000.0,1050000.0,623100.0
ORD-102508,2025-06-11,Jabar,Online,C01672,Retail,SYS-ONLINE,Aksesoris,Mouse Wireless M20,4,0.05,Completed,180000.0,684000.0,414400.0
ORD-102509,2025-06-11,Jawa Barat,Offline,C01205,UMKM,SR05,Aksesoris,Mouse Wireless M20,7,0.0,Completed,180000.0,1260000.0,735000.0
ORD-102510,2025-06-11,Kalimantan,Offline,C00076,UMKM,SR13,Networking,Router WiFi 6 R600,13,0.0,Completed,1200000.0,15600000.0,10909600.0
ORD-102511,2025-06-11,Kalimantan,Offline,C02324,UMKM,SR13,Aksesoris,Keyboard Mekanik K7,12,0.0,Completed,650000.0,7800000.0,4754400.0
ORD-102512,2025-06-11,Sumatera,Offline,K0109,Korporat,SR11,Aksesoris,Power Bank 20000mAh,24,5.0,Completed,320000.0,7296000.0,4872000.0
ORD-102513,2025-06-11,Sumatera,Online,C00661,UMKM,SYS-ONLINE,Peralatan Kantor,Kertas A4 80gsm (rim),10,0.1,Completed,55000.0,495000.0,378000.0
ORD-102514,2025-06-11,Sumatera,Offline,C02212,UMKM,SR12,Smartphone,Smartphone Lumo A5,1,0.05,Completed,2800000.0,2660000.0,2433900.0
ORD-102515,2025-06-11,Jawa Barat,Online,C01762,Retail,SYS-ONLINE,Smartphone,Smartphone Lumo A5,1,0.05,Completed,2800000.0,2660000.0,2464200.0
ORD-102516,2025-06-11,Jawa Barat,Offline,C01933,UMKM,SR06,Laptop,Laptop Veno 13,5,0.0,Completed,6200000.0,31000000.0,27824500.0
ORD-102517,2025-06-11,Jawa Timur,Offline,K0120,Korporat,SR07,Laptop,Laptop Veno 13,4,5.0,Completed,6200000.0,23560000.0,21900000.0
ORD-102758,2025-07-11,Sumatera,Offline,C01305,Retail,SR11,Laptop,Laptop Axio Pro 15,1,5.0,Completed,13000000.0,12350000.0,11640600.0
ORD-102759,2025-07-11,Sumatera,Offline,C00762,UMKM,SR10,Printer & Tinta,Printer InkJet P200,1,0.05,Completed,2100000.0,1995000.0,1717500.0
ORD-102760,2025-07-11,Jawa Timur,Offline,C00646,Retail,SR09,Printer & Tinta,Printer InkJet P200,1,0.05,Completed,2100000.0,1995000.0,1682800.0
ORD-102761,2025-07-11,JKT ,Online,C02040,Retail,SYS-ONLINE,Aksesoris,Keyboard Mekanik K7,1,0.05,Completed,650000.0,617500.0,397100.0
ORD-102762,2025-07-11,Jakarta,E-Commerce,C02110,Retail,SYS-ONLINE,Laptop,Laptop Axio 14,2,0.0,Completed,8500000.0,17000000.0,15225600.0
ORD-102763,2025-07-11,jawa timur,Offline,K0176,Korporat,SR09,Smartphone,Smartphone Lumo X,4,0.0,Completed,5500000.0,22000000.0,19257600.0
ORD-102764,2025-07-11,jakarta,Online,C01633,Retail,SYS-ONLINE,Laptop,Laptop Axio 14,2,0.1,Completed,8500000.0,15300000.0,14973000.0
ORD-102765,2025-07-11,kalimantan,Online,C00364,UMKM,SYS-ONLINE,Smartphone,Smartphone Lumo A5,3,0.1,Completed,2800000.0,7560000.0,7380900.0
ORD-102766,2025-07-11,Jawa Barat,Offline,C00564,Retail,SR05,Aksesoris,Power Bank 20000mAh,3,0.0,Completed,320000.0,960000.0,603300.0
ORD-103046,2025-08-11,Kalimantan,Offline,C01104,UMKM,SR13,Printer & Tinta,Printer InkJet P200,1,0.0,Completed,2100000.0,2100000.0,1705000.0
ORD-103047,2025-08-11,Sulawesi,Online,C00514,Retail,SYS-ONLINE,Networking,Router WiFi 6 R600,5,0.0,Completed,1200000.0,6000000.0,4273000.0
ORD-103048,2025-08-11,Jakarta,Online,C01379,UMKM,SYS-ONLINE,Peralatan Kantor,Kertas A4 80gsm (rim),10,0.15,Completed,55000.0,467500.0,385000.0
ORD-103049,2025-08-11,Jawa Barat,Online,C01805,UMKM,SYS-ONLINE,Aksesoris,Power Bank 20000mAh,3,0.0,Completed,320000.0,960000.0,606900.0
ORD-103050,2025-08-11,Jawa Timur,Online,C00670,Retail,SYS-ONLINE,Aksesoris,Headset USB H3,4,0.1,Completed,350000.0,1260000.0,840000.0
ORD-103051,2025-08-11,Kalimantan,Online,C01458,Retail,SYS-ONLINE,Smartphone,Smartphone Lumo A5,2,0.0,Completed,2800000.0,5600000.0,4848600.0
ORD-103052,2025-08-11,Sumatera,Offline,C00413,UMKM,SR12,Smartphone,Smartphone Lumo A5,2,0.05,Completed,2800000.0,5320000.0,4840000.0
ORD-103053,2025-08-11,Sumatera,Offline,C00832,UMKM,SR11,Printer & Tinta,Tinta Botol Set CMYK,3,5.0,Cancelled,280000.0,798000.0,495000.0
ORD-103054,2025-08-11,Jawa Barat,Offline,C00981,UMKM,SR04,Peralatan Kantor,Kursi Ergonomis E1,10,0.05,Completed,1900000.0,18050000.0,12975000.0
ORD-103055,2025-08-11,Kalimantan,Offline,C01014,Retail,SR14,Smartphone,Smartphone Lumo A5,2,0.0,Completed,2800000.0,5600000.0,4801600.0
ORD-103056,2025-08-11,Jawa Barat,Offline,C02236,Retail,SR05,Networking,Router WiFi 6 R600,5,0.0,Completed,1200000.0,6000000.0,4229500.0
ORD-103057,2025-08-11,JKT ,Offline,C00766,UMKM,SR01,Printer & Tinta,Tinta Botol Set CMYK,4,0.0,Completed,280000.0,1120000.0,659200.0
ORD-103307,2025-09-11,Jakarta,Offline,C01848,UMKM,SR03,Smartphone,Smartphone Lumo A5,2,0.1,Cancelled,2800000.0,5040000.0,4927600.0
ORD-103308,2025-09-11,Kalimantan,Online,C02374,UMKM,SYS-ONLINE,Laptop,Laptop Axio Pro 15,1,0.0,Completed,13000000.0,13000000.0,11573100.0
ORD-103309,2025-09-11,Kalimantan,Online,C00720,Retail,SYS-ONLINE,Aksesoris,Mouse Wireless M20,1,0.0,Completed,180000.0,180000.0,104900.0
ORD-103310,2025-09-11,Jawa Timur,Offline,C01176,Retail,SR09,Aksesoris,Keyboard Mekanik K7,3,0.1,Completed,650000.0,1755000.0,1215000.0
ORD-103311,2025-09-11,Jawa Timur,Offline,C01703,UMKM,SR09,Peralatan Kantor,Kertas A4 80gsm (rim),2,0.3,Completed,55000.0,77000.0,75400.0
ORD-103312,2025-09-11,Jatim,Online,C02147,UMKM,SYS-ONLINE,Smartphone,Smartphone Lumo X,5,0.15,Completed,5500000.0,23375000.0,23960000.0
ORD-103313,2025-09-11,Jawa Timur,Online,K0036,Korporat,SYS-ONLINE,Aksesoris,Keyboard Mekanik K7,15,0.25,Completed,650000.0,7312500.0,6034500.0
ORD-103314,2025-09-11,Jawa Timur,Online,C00259,UMKM,SYS-ONLINE,Aksesoris,Mouse Wireless M20,13,0.2,Completed,180000.0,1872000.0,1379300.0
ORD-103315,2025-09-11,Jakarta,Online,C01712,Retail,SYS-ONLINE,Aksesoris,Headset USB H3,3,0.05,Completed,350000.0,997500.0,633000.0
ORD-103316,2025-09-11,Jakarta,Online,C02246,Retail,SYS-ONLINE,aksesoris ,Mouse Wireless M20,4,0.1,Completed,180000.0,648000.0,415600.0
ORD-103317,2025-09-11,Jakarta,Online,C01126,UMKM,SYS-ONLINE,Smartphone,Smartphone Lumo X,1,0.0,Completed,5500000.0,5500000.0,4846300.0
ORD-103318,2025-09-11,Sulawesi,Online,C02052,UMKM,SYS-ONLINE,Laptop,Laptop Axio Pro 15,3,0.25,Completed,13000000.0,29250000.0,35306700.0
ORD-103319,2025-09-11,Jawa Barat,Offline,C01976,UMKM,SR04,Printer & Tinta,Printer InkJet P200,4,0.0,Completed,2100000.0,8400000.0,6699600.0
ORD-103564,2025-10-11,Jakarta,Offline,C01203,UMKM,SR01,Peralatan Kantor,Kertas A4 80gsm (rim),14,0.0,Completed,55000.0,770000.0,527800.0
ORD-103565,2025-10-11,Jawa Timur,Online,K0017,Korporat,SYS-ONLINE,Peralatan Kantor,Kertas A4 80gsm (rim),44,0.2,Completed,55000.0,1936000.0,1676400.0
ORD-103566,2025-10-11,,Online,C00722,Retail,SYS-ONLINE,Aksesoris,Power Bank 20000mAh,4,0.1,Completed,320000.0,1152000.0,789600.0
ORD-103567,2025-10-11,Jawa Timur,Online,C00267,Retail,SYS-ONLINE,Laptop,Laptop Veno 13,1,0.05,Completed,6200000.0,5890000.0,5520700.0
ORD-103568,2025-10-11,Sulawesi,Offline,C02104,Retail,SR16,Aksesori,Keyboard Mekanik K7,5,0.05,Completed,650000.0,3087500.0,1982000.0
ORD-103569,2025-10-11,Jawa Barat,Online,C01637,UMKM,SYS-ONLINE,Networking,Router WiFi 6 R600,13,0.25,Completed,1200000.0,11700000.0,
ORD-103570,2025-10-11,Kalimantan,Offline,C01264,UMKM,SR14,Laptop,Laptop Veno 13,4,0.05,Completed,6200000.0,23560000.0,22260800.0
ORD-103860,2025-11-11,Jakarta,Offline,C02075,Retail,SR01,Aksesoris,Mouse Wireless M20,2,0.05,Completed,180000.0,342000.0,208400.0
ORD-103861,2025-11-11,Sumatera,Offline,C01683,Retail,SR11,Aksesoris,Mouse Wireless M20,1,0.0,Completed,180000.0,180000.0,106200.0
ORD-103862,2025-11-11,Jakarta,Offline,C01214,Retail,SR02,Peralatan Kantor,Kursi Ergonomis E1,2,0.0,Completed,1900000.0,3800000.0,2584200.0
ORD-103863,2025-11-11,Kalimantan,Online,C01613,Retail,SYS-ONLINE,Aksesoris,Headset USB H3,2,0.2,Completed,350000.0,560000.0,423400.0
ORD-103864,2025-11-11,Kalimantan,Offline,C00413,Retail,SR14,Networking,Switch 8 Port S8,3,0.1,Cancelled,450000.0,1215000.0,
ORD-103865,2025-11-11,Jakarta,Offline,C00373,UMKM,SR01,Smartphone,Smartphone Lumo X,5,0.0,Completed,5500000.0,27500000.0,23741500.0
ORD-103866,2025-11-11,Jawa Barat,Online,C00243,Retail,SYS-ONLINE,Aksesoris,Power Bank 20000mAh,2,0.15,Completed,320000.0,544000.0,403800.0
ORD-103867,2025-11-11,Jawa Barat,Online,C00858,Retail,SYS-ONLINE,Peralatan Kantor,Kertas A4 80gsm (rim),5,0.1,Completed,55000.0,247500.0,190500.0
ORD-103868,2025-11-11,Jakarta,Online,C01299,Retail,SYS-ONLINE,Smartphone,Smartphone Lumo A5,2,0.0,Completed,2800000.0,5600000.0,4927400.0
ORD-103869,2025-11-11,SULAWESI,Offline,C01894,UMKM,SR18,Peralatan Kantor,Kursi Ergonomis E1,8,0.0,Completed,1900000.0,15200000.0,10357600.0
ORD-103870,2025-11-11,Sumatera,Online,C01838,Retail,SYS-ONLINE,Aksesoris,Power Bank 20000mAh,5,0.3,Completed,320000.0,1120000.0,1008000.0
ORD-103871,2025-11-11,Sumatera,Online,C01912,Retail,SYS-ONLINE,Smartphone,Smartphone Lumo X,2,0.2,Completed,5500000.0,8800000.0,9592600.0
ORD-103872,2025-11-11,Kalimantan,Offline,C02316,Retail,SR14,Smartphone,Smartphone Lumo X,2,0.0,Completed,5500000.0,11000000.0,9540200.0
ORD-104183,2025-12-11,Sumatra,Offline,C01465,Retail,SR12,Networking,Switch 8 Port S8,2,0.0,Completed,450000.0,900000.0,
ORD-104184,2025-12-11,Jawa Timur,Offline,C01369,Retail,SR07,Aksesoris,Mouse Wireless M20,1,10.0,Completed,180000.0,162000.0,105800.0
ORD-104185,2025-12-11,Jakarta,Offline,C01609,Retail,SR01,Peralatan Kantor,Kursi Ergonomis E1,1,0.05,Completed,1900000.0,1805000.0,1319000.0
ORD-104186,2025-12-11,Sumatra,Offline,C01426,Retail,SR10,Laptop,Laptop Axio Pro 15,2,0.0,Completed,13000000.0,26000000.0,23481000.0
ORD-104187,2025-12-11,Jawa Barat,Offline,C02002,Retail,SR05,Laptop,Laptop Axio Pro 15,1,0.0,Completed,13000000.0,13000000.0,11805900.0
ORD-104188,2025-12-11,Sumatera,Offline,C00617,Retail,SR10,Laptop,Laptop Axio Pro 15,1,0.0,Completed,13000000.0,13000000.0,11812700.0
ORD-104189,2025-12-11,Jawa Timur,Online,C02143,Retail,SYS-ONLINE,Aksesoris,Mouse Wireless M20,3,0.3,Cancelled,180000.0,378000.0,312000.0
ORD-104190,2025-12-11,Jakarta,Offline,C01155,UMKM,SR03,Networking,Switch 8 Port S8,1,0.1,Completed,450000.0,405000.0,
ORD-104191,2025-12-11,Sumatera,Offline,C01546,UMKM,SR11,Aksesoris,Power Bank 20000mAh,2,0.0,Completed,320000.0,640000.0,397800.0
ORD-104192,2025-12-11,Jakarta,Offline,C00148,Retail,SR01,Networking,Switch 8 Port S8,2,0.0,Completed,450000.0,900000.0,603000.0
ORD-104193,2025-12-11,Sulawesi,Online,C02385,UMKM,SYS-ONLINE,Aksesoris,Mouse Wireless M20,7,0.05,Completed,180000.0,1197000.0,725200.0
ORD-104194,2025-12-11,Jawa Barat,Offline,C00160,UMKM,SR04,Laptop,Laptop Axio Pro 15,5,0.05,Completed,13000000.0,61750000.0,58426500.0
ORD-104195,2025-12-11,Jawa Timur,Offline,C01458,Retail,SR08,Printer&Tinta,Tinta Botol Set CMYK,1,0.25,Completed,280000.0,210000.0,162700.0
ORD-104196,2025-12-11,Jawa Barat,Offline,C00407,Retail,SR05,Aksesoris,Headset USB H3,5,0.05,Completed,350000.0,1662500.0,1055500.0
ORD-104197,2025-12-11,Jakarta,Online,C00889,Retail,SYS-ONLINE,Laptop,Laptop Veno 13,2,0.25,Completed,6200000.0,9300000.0,11032800.0
ORD-104198,2025-12-11,Jakarta,Online,K0035,Korporat,SYS-ONLINE,Smartphone,Smartphone Lumo X,7,0.15,Completed,5500000.0,32725000.0,33340300.0
ORD-104199,2025-12-11,,Online,K0075,Korporat,SYS-ONLINE,Aksesoris,Mouse Wireless M20,33,0.25,Completed,180000.0,4455000.0,3514500.0
ORD-104200,2025-12-11,Jakarta,Offline,C00182,Retail,SR02,Smartphone,Smartphone Lumo A5,1,0.0,Completed,2800000.0,2800000.0,2413500.0
ORD-103886,2025-11-13,Jawa Timur,Online,C01624,UMKM,SYS-ONLINE,Laptop,Laptop Axio Pro 15,4,0.05,Completed,13000000.0,49400000.0,46178000.0
ORD-103887,2025-11-13,Sumatera,Offline,C01703,Retail,SR12,Aksesoris,Keyboard Mekanik K7,2,0.0,Completed,650000.0,1300000.0,794600.0
ORD-103888,2025-11-13,Jakarta,Offline,C02286,UMKM,SR03,Laptop,Laptop Axio Pro 15,3,0.0,Completed,13000000.0,39000000.0,34508700.0
ORD-103889,2025-11-13,Kalimantan,Offline,C01151,Retail,SR14,Aksesoris,Headset USB H3,5,0.05,Completed,350000.0,1662500.0,1063000.0
ORD-103890,2025-11-13,Jawa Barat,Online,C00109,Retail,SYS-ONLINE,Laptop,Laptop Axio 14,1,0.3,Completed,8500000.0,5950000.0,7564300.0
ORD-103891,2025-11-13,Jawa Timur,Offline,K0031,Korporat,SR09,Networking,Router WiFi 6 R600,272,0.08,Completed,1200000.0,300288000.0,234627200.0
ORD-103892,2025-11-13,Sumatera,Online,C00777,Retail,SYS-ONLINE,Laptop,Laptop Veno 13,2,0.05,Completed,6200000.0,11780000.0,11077200.0
ORD-103893,2025-11-13,Sumatera,Offline,C00393,Retail,SR10,Peralatan Kantor,Kertas A4 80gsm (rim),2,0.1,Completed,55000.0,99000.0,75600.0
ORD-103894,2025-11-13,Jawa Barat,Online,C01325,Retail,SYS-ONLINE,Smartphone,Smartphone Lumo A5,2,0.05,Cancelled,2800000.0,5320000.0,4853400.0
ORD-103895,2025-11-13,Jakarta,E-Commerce,C01820,UMKM,SYS-ONLINE,Laptop,Laptop Veno 13,5,0.1,Completed,6200000.0,27900000.0,27837500.0
ORD-103896,2025-11-13,Jakarta,Online,C00696,Retail,SYS-ONLINE,Printer & Tinta,Tinta Botol Set CMYK,1,0.05,Completed,280000.0,266000.0,165200.0
ORD-103897,2025-11-13,Jawa Timur,Online,C00219,UMKM,SYS-ONLINE,Laptop,Laptop Axio 14,3,0.2,Completed,8500000.0,20400000.0,22482300.0
ORD-103898,2025-11-13,Sumatera,Offline,C00799,UMKM,SR10,Aksesoris,Headset USB H3,10,0.1,Completed,350000.0,3150000.0,2100000.0
ORD-103899,2025-11-13,kalimantan,Offline,K0054,Korporat,SR15,Laptop,Laptop Axio 14,6,5.0,Completed,8500000.0,48450000.0,45652200.0
ORD-103900,2025-11-14,Jakarta,Offline,C01849,UMKM,SR01,Peralatan Kantor,Kursi Ergonomis E1,12,0.0,Completed,1900000.0,22800000.0,15561600.0
ORD-103901,2025-11-14,Kalimantan,Offline,K0164,Korporat,SR15,Aksesoris,Headset USB H3,27,10.0,Completed,350000.0,8505000.0,5737500.0
ORD-103902,2025-11-14,Jawa Timur,Online,C01184,Retail,SYS-ONLINE,Laptop,Laptop Veno 13,2,0.0,Completed,6200000.0,12400000.0,11137000.0
ORD-103903,2025-11-14,Jabar,Online,C00330,Retail,SYS-ONLINE,Smartphone,Smartphone Lumo A5,2,0.2,Completed,2800000.0,4480000.0,4905400.0
ORD-103904,2025-11-14,Jawa Barat,Online,C00452,UMKM,SYS-ONLINE,Peralatan Kantor,Kertas A4 80gsm (rim),12,0.1,Completed,55000.0,594000.0,457200.0
ORD-103905,2025-11-14,Jakarta,Offline,K0064,Korporat,SR03,Networking,Router WiFi 6 R600,35,0.0,Completed,1200000.0,42000000.0,
ORD-103906,2025-11-14,Jawa Barat,Offline,C01246,UMKM,SR04,Laptop,Laptop Veno 13,2,0.05,Completed,6200000.0,11780000.0,10987000.0
ORD-103907,2025-11-14,Jakarta,Offline,C01417,Retail,SR02,Aksesoris,Keyboard Mekanik K7,5,0.0,Completed,650000.0,3250000.0,2000500.0
ORD-103908,2025-11-14,Jawa Barat,Offline,C02321,Retail,SR06,Printer & Tinta,Tinta Botol Set CMYK,1,0.05,Completed,280000.0,266000.0,164600.0
ORD-103909,2025-11-14,Jawa Timur,Offline,C02169,UMKM,SR07,Smartphone,Smartphone Lumo X,5,0.0,Completed,5500000.0,27500000.0,24023000.0
ORD-103910,2025-11-14,Jakarta,Offline,C01278,UMKM,SR03,Laptop,Laptop Veno 13,1,0.05,Completed,6200000.0,5890000.0,5500900.0
ORD-103911,2025-11-15,Sumatra,Online,C02280,Retail,SYS-ONLINE,Peralatan Kantor,Kursi Ergonomis E1,1,0.05,Completed,1900000.0,1805000.0,1309200.0
ORD-103912,2025-11-15,Jakarta,Offline,C01477,Retail,SR02,Printer & Tinta,Printer InkJet P200,2,0.0,Completed,2100000.0,4200000.0,3386600.0
ORD-103913,2025-11-15,Sulawesi,Offline,C01805,Retail,SR16,Printer & Tinta,Printer InkJet P200,2,0.0,Completed,2100000.0,4200000.0,3401800.0
ORD-103914,2025-11-15,Jawa Timur,Offline,C00166,UMKM,SR09,Laptop,Laptop Axio 14,2,0.0,Completed,8500000.0,17000000.0,15316400.0
ORD-103915,2025-11-15,Jakarta,Offline,C00145,Retail,SR01,Smartphone,Smartphone Lumo X,1,0.05,Completed,5500000.0,5225000.0,4813900.0
ORD-103916,2025-11-15,Sumatera,Offline,C02251,Retail,SR12,Laptop,Laptop Axio 14,2,0.0,Completed,8500000.0,17000000.0,15211400.0
ORD-103917,2025-11-16,Sulawesi,Offline,C02174,Retail,SR16,Peralatan Kantor,Kertas A4 80gsm (rim),5,0.05,Completed,55000.0,261250.0,188000.0
ORD-103918,2025-11-16,Kalimantan,Offline,C01855,UMKM,SR13,Aksesoris,Mouse Wireless M20,8,0.0,Completed,180000.0,1440000.0,828000.0
ORD-103919,2025-11-16,Jawa Barat,Online,C01725,Retail,SYS-ONLINE,Smartphone,Smartphone Lumo A5,1,0.05,Completed,2800000.0,2660000.0,2418800.0
ORD-103920,2025-11-16,Jakarta,Offline,C00261,Retail,SR01,Smartphone,Smartphone Lumo A5,2,0.0,Completed,2800000.0,5600000.0,4846600.0
ORD-103921,2025-11-16,Jawa Barat,Offline,C00634,Retail,SR05,Printer & Tinta,Printer InkJet P200,1,0.0,Completed,2100000.0,2100000.0,1709700.0
ORD-103922,2025-11-16,Sumatera,Online,C01068,UMKM,SYS-ONLINE,laptop,Laptop Axio Pro 15,2,0.05,Completed,13000000.0,24700000.0,23621000.0
ORD-103923,2025-11-16,Jakarta,Online,C00786,UMKM,SYS-ONLINE,Laptop,Laptop Veno 13,1,0.05,Completed,6200000.0,5890000.0,5560600.0
ORD-103924,2025-11-16,Jawa Timur,Offline,C00659,Retail,SR08,Laptop,Laptop Axio 14,2,0.3,Cancelled,8500000.0,11900000.0,15412600.0
ORD-103925,2025-11-16,Jakarta,Offline,C00705,UMKM,SR01,Smartphone,Smartphone Lumo A5,2,0.05,Completed,2800000.0,5320000.0,4891600.0
ORD-103926,2025-11-17,Jakarta,Offline,C00132,UMKM,SR03,Aksesoris,Mouse Wireless M20,8,0.05,Completed,180000.0,1368000.0,848800.0
ORD-103927,2025-11-17,,Online,K0055,Korporat,SYS-ONLINE,Laptop,Laptop Axio 14,9,0.1,Cancelled,8500000.0,68850000.0,68215500.0
ORD-103928,2025-11-17,Sulawesi,Offline,C02239,UMKM,SR18,Laptop,Laptop Axio Pro 15,1,0.0,Completed,13000000.0,13000000.0,11805900.0
ORD-103929,2025-11-17,Jawa Timur,Online,C01743,UMKM,SYS-ONLINE,Aksesoris,Keyboard Mekanik K7,12,0.15,Completed,650000.0,6630000.0,4804800.0
ORD-103930,2025-11-17,jakarta,Offline,C00974,Retail,SR02,Aksesoris,Keyboard Mekanik K7,4,0.0,Completed,650000.0,2600000.0,1616800.0
ORD-103931,2025-11-17,Jawa Timur,Online,C01553,Retail,SYS-ONLINE,Laptop,Laptop Axio Pro 15,2,0.25,Completed,13000000.0,19500000.0,23479600.0
ORD-103932,2025-11-17,Kalimantan,Offline,C01456,UMKM,SR14,Printer & Tinta,Printer InkJet P200,3,0.0,Completed,2100000.0,6300000.0,5051700.0
ORD-103933,2025-11-17,Jawa Timur,Online,C01506,UMKM,SYS-ONLINE,Printer & Tinta,Printer InkJet P200,1,0.25,Completed,2100000.0,1575000.0,1723000.0
ORD-103934,2025-11-17,Kalimantan,Online,C02092,UMKM,SYS-ONLINE,Peralatan Kantor,Kertas A4 80gsm (rim),2,0.05,Completed,55000.0,104500.0,77000.0
ORD-103935,2025-11-18,Jawa barat ,Online,C01115,UMKM,SYS-ONLINE,Aksesoris,Keyboard Mekanik K7,1,0.1,Completed,650000.0,585000.0,397800.0
ORD-103936,2025-11-18,Sulawesi,Online,C00989,Retail,SYS-ONLINE,Laptop,Laptop Veno 13,1,0.2,Completed,6200000.0,4960000.0,5610500.0
ORD-103937,2025-11-18,Sumatera,Online,C01596,Retail,SYS-ONLINE,Aksesoris,Keyboard Mekanik K7,1,0.1,Completed,650000.0,585000.0,402000.0
ORD-103938,2025-11-18,Jawa Barat,Offline,K0068,Korporat,SR05,Aksesoris,Mouse Wireless M20,25,0.05,Cancelled,180000.0,4275000.0,2662500.0
ORD-103939,2025-11-18,Jakarta,Offline,C00882,Retail,SR03,Smartphone,Smartphone Lumo X,1,0.05,Completed,5500000.0,5225000.0,4779400.0
ORD-103940,2025-11-18,Jakarta,Offline,C01648,Retail,SR01,Networking,Switch 8 Port S8,3,0.1,Completed,450000.0,1215000.0,903900.0
ORD-103941,2025-11-18,Jawa Barat,Offline,K0069,Korporat,SR05,Peralatan Kantor,Kertas A4 80gsm (rim),40,0.05,Completed,55000.0,2090000.0,1516000.0
ORD-103942,2025-11-18,Kalimantan,Offline,C00605,Retail,SR13,Laptop,Laptop Veno 13,1,0.0,Completed,6200000.0,6200000.0,5566500.0
ORD-103943,2025-11-19,Jakarta,Online,C02269,UMKM,SYS-ONLINE,Aksesoris,Power Bank 20000mAh,7,0.1,Completed,320000.0,2016000.0,1396500.0
ORD-103944,2025-11-19,Jawa Timur,Offline,C01737,UMKM,SR07,Laptop,Laptop Veno 13,3,20.0,Completed,6200000.0,14880000.0,16649100.0
ORD-103945,2025-11-19,Sumatera,Offline,C00514,UMKM,SR11,Smartphone,Smartphone Lumo A5,5,0.0,Completed,2800000.0,14000000.0,12126500.0
ORD-103946,2025-11-19,jawa timur,Online,C01044,UMKM,SYS-ONLINE,Laptop,Laptop Veno 13,5,0.1,Completed,6200000.0,27900000.0,27434500.0
ORD-103947,2025-11-19,Jawa Timur,Online,C01555,Retail,SYS-ONLINE,Aksesoris,Power Bank 20000mAh,4,0.2,Completed,320000.0,1024000.0,798400.0
ORD-103948,2025-11-19,DKI Jakarta,Online,C01110,UMKM,SYS-ONLINE,Networking,Switch 8 Port S8,13,0.3,Completed,450000.0,4095000.0,
ORD-103949,2025-11-19,Jawa Barat,Offline,C01910,Retail,SR05,Aksesoris,Power Bank 20000mAh,3,0.05,Completed,320000.0,912000.0,596700.0
ORD-103950,2025-11-19,Sumatra,Offline,C01471,UMKM,SR11,Printer & Tinta,Printer InkJet P200,4,0.0,Completed,2100000.0,8400000.0,6896400.0
ORD-103951,2025-11-19,Kalimantan,Offline,C01237,UMKM,SR14,Smartphone,Smartphone Lumo A5,5,0.0,Completed,2800000.0,14000000.0,12002500.0
ORD-103952,2025-11-19,Kalimantan,Offline,C00861,Retail,SR14,Peralatan Kantor,Kertas A4 80gsm (rim),4,0.05,Completed,55000.0,209000.0,153600.0
ORD-103953,2025-11-20,kalimantan,Offline,C00401,Retail,SR14,Peralatan Kantor,Kursi Ergonomis E1,3,0.05,Completed,1900000.0,5415000.0,3946800.0
ORD-103954,2025-11-20,Jawa Barat,Offline,C02257,Retail,SR06,Aksesoris,Power Bank 20000mAh,4,0.0,Completed,320000.0,1280000.0,805600.0
ORD-103955,2025-11-20,Jakarta,Online,C01779,UMKM,SYS-ONLINE,Peralatan Kantor,Kursi Ergonomis E1,10,0.0,Completed,1900000.0,19000000.0,12924000.0
ORD-103956,2025-11-20,Jakarta,Online,C01040,Retail,SYS-ONLINE,Printer & Tinta,Printer InkJet P200,2,0.2,Completed,2100000.0,3360000.0,3386400.0
ORD-103957,2025-11-20,Jawa Barat,Offline,C00725,Retail,SR04,Laptop,Laptop Axio 14,2,0.0,Cancelled,8500000.0,17000000.0,15008600.0
ORD-103958,2025-11-20,Sumatera,Online,C00001,UMKM,SYS-ONLINE,Networking,Router WiFi 6 R600,14,0.1,Completed,1200000.0,15120000.0,12021800.0
ORD-103958,2025-11-20,Sumatera,Online,C00001,UMKM,SYS-ONLINE,Networking,Router WiFi 6 R600,14,0.1,Completed,1200000.0,15120000.0,12021800.0
ORD-103959,2025-11-20,Sulawesi,Offline,C00101,Retail,SR16,Aksesoris,Keyboard Mekanik K7,3,0.0,Completed,650000.0,1950000.0,1200300.0
ORD-103960,2025-11-20,Jakarta,Offline,C02395,Retail,SR02,Peralatan Kantor,Kursi Ergonomis E1,1,0.05,Completed,1900000.0,1805000.0,1312500.0
ORD-103961,2025-11-20,Jakarta,Online,C01382,Retail,SYS-ONLINE,Laptop,Laptop Axio Pro 15,1,0.05,Completed,13000000.0,12350000.0,11510600.0
ORD-103962,2025-11-20,Jawa Timur,Online,C02382,Retail,SYS-ONLINE,Aksesoris,Headset USB H3,3,0.3,Completed,350000.0,735000.0,635700.0
ORD-103963,2025-11-20,SULAWESI,Offline,C01529,Retail,SR16,Laptop,Laptop Axio Pro 15,1,0.1,Completed,13000000.0,11700000.0,11734300.0
ORD-103964,2025-11-20,Sulawesi,Offline,C00746,Retail,SR16,Aksesoris,Headset USB H3,2,0.05,Completed,350000.0,665000.0,419000.0
ORD-103965,2025-11-21,Jawa Timur,Offline,C01065,UMKM,SR08,Peralatan Kantor,Kertas A4 80gsm (rim),10,0.25,Completed,55000.0,412500.0,382000.0
ORD-103966,2025-11-21,Sumatera,Offline,K0061,Korporat,SR10,Smartphone,Smartphone Lumo A5,2,0.0,Completed,2800000.0,5600000.0,4821200.0
ORD-103967,2025-11-21,Sulawesi,Online,C00566,Retail,SYS-ONLINE,Printer & Tinta,Tinta Botol Set CMYK,2,0.25,Completed,280000.0,420000.0,326800.0
ORD-103968,2025-11-21,Kalimantan,Offline,C00372,UMKM,SR14,Aksesoris,Headset USB H3,1,0.0,Completed,350000.0,350000.0,209900.0
ORD-103969,2025-11-21,Jakarta,online,C00141,Retail,SYS-ONLINE,Smartphone,Smartphone Lumo A5,1,0.05,Completed,2800000.0,2660000.0,2446500.0
ORD-103970,2025-11-21,Sumatera,Offline,C01045,Retail,SR11,Laptop,Laptop Axio Pro 15,2,0.0,Completed,13000000.0,26000000.0,23537000.0
ORD-103971,2025-11-21,,Online,C00758,UMKM,SYS-ONLINE,Peralatan Kantor,Kursi Ergonomis E1,1,0.1,Completed,1900000.0,1710000.0,1299400.0
ORD-103972,2025-11-21,Kalimantan,Offline,C00104,UMKM,SR15,Smartphone,Smartphone Lumo X,5,0.0,Completed,5500000.0,27500000.0,24280000.0
ORD-103973,2025-11-21,Jakarta,Online,C02068,Retail,SYS-ONLINE,Aksesoris,Keyboard Mekanik K7,5,0.05,Completed,650000.0,3087500.0,2019500.0
ORD-103974,2025-11-21,Jawa Barat,Offline,C01689,Retail,SR05,Networking,Switch 8 Port S8,4,0.05,Completed,450000.0,1710000.0,
ORD-103975,2025-11-21,Jawa Timur,Offline,C00758,Retail,SR09,Aksesoris,Power Bank 20000mAh,2,0.0,Completed,320000.0,640000.0,395000.0
ORD-103976,2025-11-21,Sumatera,Online,C01631,UMKM,SYS-ONLINE,Smartphone,Smartphone Lumo A5,3,0.25,Completed,2800000.0,6300000.0,7301100.0
ORD-103977,2025-11-21,Jakarta,Online,C00798,Retail,SYS-ONLINE,Peralatan Kantor,Kertas A4 80gsm (rim),4,0.05,Completed,55000.0,209000.0,150800.0
ORD-103978,2025-11-22,Sumatera,Offline,C01833,UMKM,SR10,Aksesori,Keyboard Mekanik K7,6,0.0,Cancelled,650000.0,3900000.0,2434200.0
ORD-103979,2025-11-22,Kalimantan,Offline,C00702,Retail,SR14,Networking,Switch 8 Port S8,1,0.0,Completed,450000.0,450000.0,296400.0
ORD-103980,2025-11-22,Sulawesi,Offline,C01212,UMKM,SR17,Smartphone,Smartphone Lumo X,3,0.0,Completed,5500000.0,16500000.0,14328600.0
ORD-103981,2025-11-22,Jakarta,Offline,C02379,UMKM,SR03,Peralatan Kantor,Kertas A4 80gsm (rim),6,0.0,Completed,55000.0,330000.0,229800.0
ORD-103982,2025-11-23,Jawa Timur,Offline,C01092,Retail,SR07,Aksesoris,Power Bank 20000mAh,5,0.0,Completed,320000.0,1600000.0,997000.0
ORD-103983,2025-11-23,Sumatera,Offline,C00176,UMKM,SR10,Peralatan Kantor,Kursi Ergonomis E1,12,0.0,Completed,1900000.0,22800000.0,15697200.0
ORD-103984,2025-11-23,Sumatera,Offline,C01932,Retail,SR12,LAPTOP,Laptop Axio 14,1,0.1,Completed,8500000.0,7650000.0,7574900.0
ORD-103985,2025-11-23,Sumatra,Offline,C00730,UMKM,SR11,Laptop,Laptop Veno 13,1,5.0,Completed,6200000.0,5890000.0,5484600.0
ORD-103986,2025-11-23,Sumatera,Offline,C00688,Retail,SR12,Peralatan Kantor,Kursi Ergonomis E1,4,0.0,Completed,1900000.0,7600000.0,5229600.0
ORD-103987,2025-11-23,Sumatera,Online,C01587,UMKM,SYS-ONLINE,Smartphone,Smartphone Lumo X,4,0.25,Completed,5500000.0,16500000.0,
ORD-103988,2025-11-23,Jawa Timur,Offline,C00985,Retail,SR07,Laptop,Laptop Veno 13,1,0.0,Completed,6200000.0,6200000.0,5490200.0
ORD-103989,2025-11-23,Jawa Barat,Offline,C00173,UMKM,SR06,LAPTOP,Laptop Veno 13,4,0.0,Completed,6200000.0,24800000.0,22194400.0
ORD-103990,2025-11-23,Sumatera,Offline,C01096,UMKM,SR11,Peralatan Kantor,Kertas A4 80gsm (rim),11,5.0,Completed,55000.0,574750.0,422400.0
ORD-103991,2025-11-23,Jakarta,Online,C01460,UMKM,SYS-ONLINE,Laptop,Laptop Veno 13,3,0.0,Completed,6200000.0,18600000.0,16406700.0
ORD-103992,2025-11-23,,Online,C01003,Retail,SYS-ONLINE,Laptop,Laptop Veno 13,1,0.25,Completed,6200000.0,4650000.0,5476000.0
ORD-103993,2025-11-23,Sumatera,Offline,C00140,UMKM,SR12,Laptop,Laptop Axio 14,1,0.0,Completed,8500000.0,8500000.0,7557900.0
ORD-103994,2025-11-23,Jawa Timur,Offline,C00971,Retail,SR08,Aksesoris,Keyboard Mekanik K7,5,0.0,Completed,650000.0,3250000.0,2002000.0
ORD-103995,2025-11-24,Jawa Barat,Offline,C00493,Retail,SR05,Peralatan Kantor,Kursi Ergonomis E1,1,0.0,Completed,1900000.0,1900000.0,1282100.0
ORD-103996,2025-11-24,Sumatera,Offline,C01441,Retail,SR10,Peralatan Kantor,Kertas A4 80gsm (rim),5,0.05,Completed,55000.0,261250.0,192000.0
ORD-103997,2025-11-24,Sumatera,Offline,C01769,Retail,SR10,Peralatan Kantor,Kursi Ergonomis E1,2,0.0,Completed,1900000.0,3800000.0,2583000.0
ORD-103998,2025-11-24,Jakarta,Offline,C01679,UMKM,SR03,Aksesoris,Headset USB H3,10,0.0,Completed,350000.0,3500000.0,2085000.0
ORD-103999,2025-11-24,jawa timur,Online,K0031,Korporat,SYS-ONLINE,Peralatan kantor,Kertas A4 80gsm (rim),42,0.0,Completed,55000.0,2310000.0,1617000.0
ORD-103999,2025-11-24,jawa timur,Online,K0031,Korporat,SYS-ONLINE,Peralatan kantor,Kertas A4 80gsm (rim),42,0.0,Completed,55000.0,2310000.0,1617000.0
ORD-104000,2025-11-24,Kalimantan,Offline,C02275,Retail,SR13,Aksesoris,Keyboard Mekanik K7,2,0.0,Completed,650000.0,1300000.0,793800.0
ORD-104001,2025-11-24,Sumatera,Offline,C02325,Retail,SR12,Laptop,Laptop Axio 14,2,0.0,Completed,8500000.0,17000000.0,14990200.0
ORD-104002,2025-11-24,Jakarta,Online,C01261,UMKM,SYS-ONLINE,ATK,Kertas A4 80gsm (rim),1,0.3,Completed,55000.0,38500.0,38500.0
ORD-104003,2025-11-24,Sulawesi,Offline,C00475,UMKM,SR16,Peralatan Kantor,Kursi Ergonomis E1,12,0.0,Completed,1900000.0,22800000.0,15555600.0
ORD-104004,2025-11-24,kalimantan,Online,K0085,Korporat,SYS-ONLINE,Aksesoris,Power Bank 20000mAh,18,0.25,Completed,320000.0,4320000.0,3558600.0
ORD-104005,2025-11-24,Kalimantan,Online,C01389,UMKM,SYS-ONLINE,Peralatan Kantor,Kursi Ergonomis E1,11,0.0,Completed,1900000.0,20900000.0,14340700.0
ORD-104006,2025-11-24,,Online,C00818,Retail,SYS-ONLINE,Networking,Switch 8 Port S8,4,0.2,Completed,450000.0,1440000.0,
ORD-104007,2025-11-24,Jawa Barat,Offline,C00598,UMKM,SR06,Networking,Switch 8 Port S8,9,0.0,Completed,450000.0,4050000.0,
ORD-104008,2025-11-24,Jawa Barat,Offline,C00197,Retail,SR05,Aksesoris,Keyboard Mekanik K7,4,0.0,Completed,650000.0,2600000.0,1577200.0
ORD-104009,2025-11-25,Jawa Timur,Online,C02079,UMKM,SYS-ONLINE,Aksesoris,Mouse Wireless M20,13,0.1,Completed,180000.0,2106000.0,1378000.0
ORD-104010,2025-11-25,Jawa Timur,Online,C01764,UMKM,SYS-ONLINE,Aksesoris,Keyboard Mekanik K7,13,0.1,Completed,650000.0,7605000.0,5211700.0
ORD-104011,2025-11-25,Jawa Barat,Online,C01581,Retail,SYS-ONLINE,Laptop,Laptop Veno 13,1,0.15,Completed,6200000.0,5270000.0,5554600.0
ORD-104012,2025-11-25,Sulawesi,Offline,K0139,Korporat,SR17,Printer & Tinta,Tinta Botol Set CMYK,3,0.0,Completed,280000.0,840000.0,492900.0
ORD-104013,2025-11-25,Jakarta,Offline,C02203,Retail,SR03,Networking,Switch 8 Port S8,5,0.1,Completed,450000.0,2025000.0,
ORD-104014,2025-11-26,Jawa Timur,Offline,C02087,Retail,SR08,Peralatan Kantor,Kertas A4 80gsm (rim),3,0.3,Completed,55000.0,115500.0,112500.0
ORD-104015,2025-11-26,Jakarta,Online,C01870,Retail,SYS-ONLINE,Networking,Router WiFi 6 R600,2,0.3,Completed,1200000.0,1680000.0,
ORD-104016,2025-11-26,Sumatera,Offline,K0036,Korporat,SR11,Printer & Tinta,Tinta Botol Set CMYK,3,0.0,Completed,280000.0,840000.0,501600.0
RET-103890,2025-11-26,Jabar,Online,C00109,Retail,SYS-ONLINE,Laptop,Laptop Axio 14,-1,0.3,Returned,8500000.0,-5950000.0,-7564300.0
ORD-104017,2025-11-27,Kalimantan,Online,C01005,Retail,SYS-ONLINE,Aksesoris,Headset USB H3,1,0.2,Completed,350000.0,280000.0,208900.0
ORD-104018,2025-11-27,Jakarta,Offline,C01002,UMKM,SR01,Printer & Tinta,Tinta Botol Set CMYK,4,0.0,Completed,280000.0,1120000.0,663200.0
ORD-104019,2025-11-27,Jakarta,Offline,C01847,Retail,SR02,Printer & Tinta,Printer InkJet P200,2,0.0,Completed,2100000.0,4200000.0,3432800.0
ORD-104020,2025-11-27,jawa timur,Offline,C00543,UMKM,SR08,Networking,Router WiFi 6 R600,1,0.05,Completed,1200000.0,1140000.0,
ORD-104021,2025-11-27,Jawa Timur,Offline,C00416,UMKM,SR09,Printer & Tinta,Printer InkJet P200,5,0.25,Completed,2100000.0,7875000.0,8510500.0
ORD-104022,2025-11-27,Jakarta,Offline,C00967,Retail,SR03,Networking,Switch 8 Port S8,4,0.0,Completed,450000.0,1800000.0,1186800.0
ORD-104023,2025-11-27,Sulawesi,Offline,K0041,Korporat,SR16,Peralatan Kantor,Kursi Ergonomis E1,46,0.0,Completed,1900000.0,87400000.0,60117400.0
ORD-104024,2025-11-27,Jakarta,Offline,C02070,UMKM,SR02,Networking,Router WiFi 6 R600,7,0.0,Completed,1200000.0,8400000.0,6006000.0
ORD-104025,2025-11-27,Jawa Timur,Offline,C02221,UMKM,SR08,Aksesoris,Power Bank 20000mAh,9,0.1,Completed,320000.0,2592000.0,1795500.0
ORD-104026,2025-11-27,Sumatera,Online,C00035,UMKM,SYS-ONLINE,Smartphone,Smartphone Lumo A5,2,0.1,Completed,2800000.0,5040000.0,4909200.0
ORD-104027,2025-11-27,Sumatera,Online,C01570,UMKM,SYS-ONLINE,Laptop,Laptop Axio 14,2,0.05,Completed,8500000.0,16150000.0,15175400.0
ORD-104028,2025-11-27,Sumatera,Offline,C00593,UMKM,SR10,Smartphone,Smartphone Lumo A5,5,0.0,Completed,2800000.0,14000000.0,12014000.0
ORD-104029,2025-11-28,Jawa Barat,Offline,C00129,Retail,SR06,Printer & Tinta,Tinta Botol Set CMYK,1,0.05,Completed,280000.0,266000.0,167400.0
ORD-104030,2025-11-28,Sulawesi,Offline,C00223,Retail,SR16,Laptop,Laptop Axio 14,1,0.0,Completed,8500000.0,8500000.0,7506000.0
ORD-104031,2025-11-28,Jakarta,Offline,C01069,Retail,SR03,Networking,Switch 8 Port S8,2,0.05,Completed,450000.0,855000.0,600400.0
ORD-104032,2025-11-28,Jakarta,Online,C02359,Retail,SYS-ONLINE,Aksesoris,Power Bank 20000mAh,5,0.2,Completed,320000.0,1280000.0,1015000.0
ORD-104033,2025-11-28,DKI Jakarta,Offline,C02303,Retail,SR02,Smartphone,Smartphone Lumo X,2,0.0,Completed,5500000.0,11000000.0,9489800.0
ORD-104034,2025-11-28,Sumatera,Online,C01390,Retail,SYS-ONLINE,Printer & Tinta,Printer InkJet P200,1,0.3,Completed,2100000.0,1470000.0,1715300.0
ORD-104035,2025-11-28,Sumatera,Online,C01405,UMKM,SYS-ONLINE,Aksesoris,Power Bank 20000mAh,11,0.25,Completed,320000.0,2640000.0,2201100.0
ORD-104036,2025-11-29,Jakarta,Online,C00501,Retail,SYS-ONLINE,Peralatan Kantor,Kursi Ergonomis E1,1,0.15,Cancelled,1900000.0,1615000.0,1305400.0
ORD-104037,2025-11-29,Jawa Barat,Online,K0093,Korporat,SYS-ONLINE,Networking,Router WiFi 6 R600,25,0.05,Completed,1200000.0,28500000.0,
ORD-104037,2025-11-29,Jawa Barat,Online,K0093,Korporat,SYS-ONLINE,Networking,Router WiFi 6 R600,25,0.05,Completed,1200000.0,28500000.0,
ORD-104038,2025-11-29,Jawa Barat,Online,C00997,Retail,SYS-ONLINE,Networking,Router WiFi 6 R600,3,0.05,Completed,1200000.0,3420000.0,
ORD-104039,2025-11-29,Sulawesi,Offline,C01881,UMKM,SR16,Laptop,Laptop Axio 14,1,0.0,Completed,8500000.0,8500000.0,7551500.0
ORD-104040,2025-11-29,Jawa Barat,Offline,C00969,UMKM,SR04,Aksesoris,Headset USB H3,8,0.05,Completed,350000.0,2660000.0,1661600.0
ORD-104041,2025-11-29,Kalimantan,Online,K0091,Korporat,SYS-ONLINE,Laptop,Laptop Veno 13,3,0.05,Completed,6200000.0,17670000.0,16759800.0
ORD-104042,2025-11-29,Jakarta,Offline,C01020,UMKM,SR02,Peralatan Kantor,Kertas A4 80gsm (rim),5,0.05,Completed,55000.0,261250.0,191500.0
ORD-104043,2025-11-29,Jawa Barat,Offline,C01388,UMKM,SR06,Smartphone,Smartphone Lumo A5,2,0.05,Completed,2800000.0,5320000.0,4816400.0
ORD-104044,2025-11-29,Jawa Barat,Offline,C00845,Retail,SR05,Printer & Tinta,Tinta Botol Set CMYK,2,0.1,Completed,280000.0,504000.0,328800.0
ORD-104045,2025-11-29,Jakarta,Offline,K0128,Korporat,SR03,Smartphone,Smartphone Lumo A5,4,0.05,Completed,2800000.0,10640000.0,9651200.0
ORD-104045,2025-11-29,Jakarta,Offline,K0128,Korporat,SR03,Smartphone,Smartphone Lumo A5,4,0.05,Completed,2800000.0,10640000.0,9651200.0
ORD-104046,2025-11-29,Sumatera,Online,C00673,Retail,SYS-ONLINE,Smartphone,Smartphone Lumo A5,1,0.3,Completed,2800000.0,1960000.0,2428900.0
ORD-104047,2025-11-29,Sumatera,Online,K0126,Korporat,SYS-ONLINE,Aksesoris,Keyboard Mekanik K7,43,0.3,Cancelled,650000.0,19565000.0,17255900.0
ORD-104048,2025-11-29,Jakarta,Offline,C00778,Retail,SR02,Aksesoris,Keyboard Mekanik K7,1,0.05,Cancelled,650000.0,617500.0,400300.0
ORD-104049,2025-11-29,Sumatera,Online,C00974,Retail,SYS-ONLINE,Laptop,Laptop Axio Pro 15,1,0.3,Completed,13000000.0,9100000.0,11591500.0
ORD-104050,2025-11-29,Sumatera,Online,C00855,Retail,SYS-ONLINE,Printer & Tinta,Tinta Botol Set CMYK,1,0.1,Completed,280000.0,252000.0,166100.0
ORD-104051,2025-11-29,Jawa Timur,Offline,K0041,Korporat,SR07,Laptop,Laptop Axio Pro 15,4,10.0,Completed,13000000.0,46800000.0,46271200.0
ORD-104052,2025-11-29,Jawa Timur,Offline,C01161,UMKM,SR08,Aksesoris,Headset USB H3,14,0.3,Completed,350000.0,3430000.0,2917600.0
ORD-104053,2025-11-29,Jawa Timur,Offline,C00806,UMKM,SR08,Laptop,Laptop Veno 13,4,0.0,Completed,6200000.0,24800000.0,21879200.0
ORD-104054,2025-11-30,,Online,C01412,UMKM,SYS-ONLINE,Laptop,Laptop Axio Pro 15,2,0.3,Completed,13000000.0,18200000.0,23359600.0
ORD-104055,2025-11-30,Jakarta,Offline,C01707,Retail,SR01,Laptop,Laptop Veno 13,2,0.0,Completed,6200000.0,12400000.0,10943400.0
ORD-104056,2025-11-30,Jawa Timur,Offline,C01554,Retail,SR08,Peralatan Kantor,Kertas A4 80gsm (rim),5,0.0,Completed,55000.0,275000.0,189000.0
ORD-104057,2025-11-30,Sumatera,Offline,C01395,Retail,SR11,Smartphone,Smartphone Lumo A5,2,5.0,Completed,2800000.0,5320000.0,4920000.0
ORD-104058,2025-11-30,Jakarta,E-Commerce,C02066,UMKM,SYS-ONLINE,Printer & Tinta,Printer InkJet P200,4,0.05,Completed,2100000.0,7980000.0,6854400.0
ORD-104059,2025-11-30,Jawa Timur,Offline,C01147,Retail,SR08,Aksesoris,Power Bank 20000mAh,4,0.0,Completed,320000.0,1280000.0,807600.0
ORD-104060,2025-11-30,Jatim,Offline,C01805,Retail,SR09,HP,Smartphone Lumo A5,1,0.3,Completed,2800000.0,1960000.0,2453400.0
ORD-104061,2025-11-30,Jakarta,Online,C00526,UMKM,SYS-ONLINE,Printer & Tinta,Printer InkJet P200,2,0.0,Completed,2100000.0,4200000.0,3417800.0
ORD-104062,2025-11-30,Jakarta,Online,C00224,Retail,SYS-ONLINE,Printer & Tinta,Printer InkJet P200,2,0.05,Completed,2100000.0,3990000.0,3442800.0
ORD-104063,2025-11-30,Jawa Timur,Offline,C00077,Retail,SR07,Laptop,Laptop Axio Pro 15,1,5.0,Completed,13000000.0,12350000.0,11514400.0
RET-103976,2025-11-30,,Online,C01631,UMKM,SYS-ONLINE,Smartphone,Smartphone Lumo A5,-3,0.25,Returned,2800000.0,-6300000.0,-7301100.0
ORD-101184,2025-01-12,JKT ,Online,C00667,UMKM,SYS-ONLINE,Laptop,Laptop Veno 13,5,0.05,Completed,6200000.0,29450000.0,28100000.0
ORD-101185,2025-01-12,Sumatera,Offline,C01941,Retail,SR11,Smartphone,Smartphone Lumo X,2,0.0,Completed,5500000.0,11000000.0,9654400.0
ORD-101186,2025-01-12,Jawa Timur,Online,C01043,Retail,SYS-ONLINE,Aksesoris,Headset USB H3,4,0.05,Completed,350000.0,1330000.0,844800.0
ORD-101187,2025-01-12,jakarta,Offline,C00142,Retail,SR02,Laptop,Laptop Axio Pro 15,1,0.05,Completed,13000000.0,12350000.0,11572700.0
ORD-101188,2025-01-12,Sumatera,Offline,C01443,UMKM,SR10,Peralatan Kantor,Kursi Ergonomis E1,8,0.0,Completed,1900000.0,15200000.0,10252000.0
ORD-101189,2025-01-12,Jakarta,Offline,C00635,Retail,SR01,Laptop,Laptop Veno 13,2,0.05,Completed,6200000.0,11780000.0,11125000.0
ORD-101190,2025-01-12,Jawa Barat,Online,K0064,Korporat,SYS-ONLINE,Aksesoris,Keyboard Mekanik K7,29,0.1,Cancelled,650000.0,16965000.0,11571000.0
ORD-101191,2025-01-12,Kalimantan,Online,C00664,UMKM,SYS-ONLINE,Laptop,Laptop Axio Pro 15,4,0.05,Completed,13000000.0,49400000.0,46846000.0
RET-101148,2025-01-12,Sulawesi,Offline,C00633,Retail,SR17,Smartphone,Smartphone Lumo X,-2,0.0,Returned,5500000.0,-11000000.0,-9697400.0
ORD-101414,2025-02-12,Jabar,Offline,C00310,UMKM,SR04,Printer & Tinta,Tinta Botol Set CMYK,5,0.0,Completed,280000.0,1400000.0,820000.0
ORD-101415,2025-02-12,Jakarta,Offline,K0168,Korporat,SR01,Smartphone,Smartphone Lumo A5,4,0.0,Completed,2800000.0,11200000.0,9820800.0
ORD-101416,2025-02-12,Jawa Barat,Online,C01240,UMKM,SYS-ONLINE,Peralatan Kantor,Kertas A4 80gsm (rim),4,0.1,Completed,55000.0,198000.0,152800.0
ORD-101417,2025-02-12,Jawa Timur,Online,C00937,UMKM,SYS-ONLINE,Aksesoris,Mouse Wireless M20,10,0.1,Completed,180000.0,1620000.0,1044000.0
ORD-101418,2025-02-12,Jakarta,Offline,C00732,Retail,SR03,Networking,Router WiFi 6 R600,2,0.0,Completed,1200000.0,2400000.0,
ORD-101419,2025-02-12,Jakarta,Online,C01179,Retail,SYS-ONLINE,Peralatan Kantor,Kertas A4 80gsm (rim),3,0.1,Completed,55000.0,148500.0,114900.0
ORD-101420,2025-02-12,Sulawesi,Offline,C01953,Retail,SR18,Printer & Tinta,Printer InkJet P200,1,0.0,Completed,2100000.0,2100000.0,1705000.0
ORD-101421,2025-02-12,Jawa Timur,Offline,C01192,Retail,SR08,Aksesoris,Keyboard Mekanik K7,4,0.05,Completed,650000.0,2470000.0,1592400.0
ORD-101422,2025-02-12,Kalimantan,Offline,K0019,Korporat,SR14,Laptop,Laptop Axio Pro 15,10,0.0,Completed,13000000.0,130000000.0,115794000.0
ORD-101423,2025-02-12,Jawa Barat,Offline,C00609,Retail,SR05,Peralatan kantor,Kursi Ergonomis E1,5,0.1,Completed,1900000.0,8550000.0,6419500.0
ORD-101721,2025-03-12,Jawa Timur,Offline,C00631,Retail,SR08,Peralatan Kantor,Kertas A4 80gsm (rim),1,0.05,Completed,55000.0,52250.0,38600.0
ORD-101722,2025-03-12,Sumatera,Offline,C01053,Retail,SR11,Peralatan Kantor,Kertas A4 80gsm (rim),3,0.0,Completed,55000.0,165000.0,114900.0
ORD-101723,2025-03-12,Kalimantan,Offline,C01047,Retail,SR13,Smartphone,Smartphone Lumo A5,1,0.0,Completed,2800000.0,2800000.0,2425500.0
ORD-101724,2025-03-12,Jawa Barat,Offline,C00715,UMKM,SR05,Printer & Tinta,Tinta Botol Set CMYK,4,0.05,Completed,280000.0,1064000.0,656800.0
ORD-101725,2025-03-12,Sumatera,Online,C00791,Retail,SYS-ONLINE,Aksesoris,Keyboard Mekanik K7,4,0.1,Completed,650000.0,2340000.0,1609600.0
ORD-101726,2025-03-12,Jawa Barat,Offline,K0165,Korporat,SR06,Laptop,Laptop Veno 13,7,0.05,Completed,6200000.0,41230000.0,39044600.0
ORD-101727,2025-03-12,Jakarta,Offline,K0047,Korporat,SR03,Aksesoris,Power Bank 20000mAh,23,0.05,Completed,320000.0,6992000.0,4609200.0
ORD-101728,2025-03-12,Jawa Timur,Offline,C01782,Retail,SR07,Peralatan Kantor,Kursi Ergonomis E1,3,5.0,Completed,1900000.0,5415000.0,3943800.0
ORD-101729,2025-03-12,SULAWESI,Offline,C00535,Retail,SR16,laptop,Laptop Veno 13,1,0.0,Completed,6200000.0,6200000.0,5626500.0
ORD-102019,2025-04-12,Jakarta,Offline,C01464,Retail,SR01,Smartphone,Smartphone Lumo X,2,0.0,Completed,5500000.0,11000000.0,9604600.0
ORD-102020,2025-04-12,Jakarta,Online,K0072,Korporat,SYS-ONLINE,Laptop,Laptop Axio 14,7,0.05,Completed,8500000.0,56525000.0,52633000.0
ORD-102021,2025-04-12,Kalimantan,Offline,C02126,UMKM,SR15,Laptop,Laptop Axio Pro 15,1,0.0,Completed,13000000.0,13000000.0,11575200.0
ORD-102022,2025-04-12,Jawa Barat,Online,C00102,Retail,SYS-ONLINE,Smartphone,Smartphone Lumo X,1,0.05,Completed,5500000.0,5225000.0,4805000.0
ORD-102249,2025-05-12,Jawa Timur,Offline,C01861,Retail,SR08,Aksesoris,Headset USB H3,4,0.05,Completed,350000.0,1330000.0,848800.0
ORD-102250,2025-05-12,Jawa barat ,Online,K0175,Korporat,SYS-ONLINE,Peralatan Kantor,Kertas A4 80gsm (rim),40,0.05,Completed,55000.0,2090000.0,1512000.0
ORD-102251,2025-05-12,Kalimantan,Offline,C01219,UMKM,SR13,Smartphone,Smartphone Lumo A5,5,0.0,Completed,2800000.0,14000000.0,12204500.0
ORD-102252,2025-05-12,Kalimantan,Online,C01368,Retail,SYS-ONLINE,Aksesoris,Power Bank 20000mAh,4,0.0,Completed,320000.0,1280000.0,788800.0
ORD-102253,2025-05-12,Jakarta,Offline,C02108,Retail,SR03,Smartphone,Smartphone Lumo X,1,0.0,Completed,5500000.0,5500000.0,4789100.0
ORD-102254,2025-05-12,Sulawesi,Online,C01828,UMKM,SYS-ONLINE,Aksesoris,Keyboard Mekanik K7,6,0.1,Completed,650000.0,3510000.0,2382600.0
ORD-102255,2025-05-12,Jawa Timur,Offline,C02237,Retail,SR09,Smartphone,Smartphone Lumo A5,2,0.0,Completed,2800000.0,5600000.0,4845600.0
ORD-102256,2025-05-12,Sumatera,Offline,K0048,Korporat,SR12,Aksesoris,Headset USB H3,28,0.1,Completed,350000.0,8820000.0,5835200.0
ORD-102257,2025-05-12,Sumatera,Online,C00843,UMKM,SYS-ONLINE,Smartphone,Smartphone Lumo A5,3,0.0,Completed,2800000.0,8400000.0,7302300.0
ORD-102258,2025-05-12,Jawa Barat,Online,C00974,UMKM,SYS-ONLINE,Aksesoris,Headset USB H3,2,0.05,Cancelled,350000.0,665000.0,424600.0
ORD-102518,2025-06-12,Jakarta,Online,K0049,Korporat,SYS-ONLINE,Printer & Tinta,Printer InkJet P200,5,0.1,Completed,2100000.0,9450000.0,8510500.0
ORD-102519,2025-06-12,Jakarta,Offline,C00823,Retail,SR01,Laptop,Laptop Axio 14,1,0.0,Completed,8500000.0,8500000.0,7536600.0
ORD-102520,2025-06-12,Sumatera,Online,K0145,Korporat,SYS-ONLINE,Peralatan Kantor,Kursi Ergonomis E1,4,0.1,Completed,1900000.0,6840000.0,5239600.0
ORD-102521,2025-06-12,Jawa Timur,Offline,C02083,Retail,SR07,Smartphone,Smartphone Lumo A5,1,0.0,Completed,2800000.0,2800000.0,2455300.0
ORD-102522,2025-06-12,Jawa Barat,Online,C00885,UMKM,SYS-ONLINE,Smartphone,Smartphone Lumo A5,5,0.1,Completed,2800000.0,12600000.0,12139000.0
ORD-102523,2025-06-12,Jawa Timur,Offline,C01859,UMKM,SR08,Peralatan Kantor,Kertas A4 80gsm (rim),11,0.0,Completed,55000.0,605000.0,414700.0
ORD-102767,2025-07-12,Kalimantan,Offline,C01757,Retail,SR14,Aksesoris,Power Bank 20000mAh,1,0.05,Completed,320000.0,304000.0,201300.0
ORD-102768,2025-07-12,Jakarta,Offline,C01560,Retail,SR01,Printer & Tinta,Tinta Botol Set CMYK,1,0.0,Completed,280000.0,280000.0,163800.0
ORD-102769,2025-07-12,Sulawesi,Online,C00386,Retail,SYS-ONLINE,Smartphone,Smartphone Lumo A5,1,0.1,Completed,2800000.0,2520000.0,2395900.0
ORD-102770,2025-07-12,Jakarta,Offline,C01910,Retail,SR02,Laptop,Laptop Veno 13,1,0.0,Completed,6200000.0,6200000.0,5560200.0
ORD-102771,2025-07-12,Jawa Barat,Offline,C01976,Retail,SR04,Smartphone,Smartphone Lumo X,2,0.05,Completed,5500000.0,10450000.0,9518400.0
ORD-102772,2025-07-12,Sumatera,Online,K0111,Korporat,SYS-ONLINE,Networking,Router WiFi 6 R600,7,0.05,Completed,1200000.0,7980000.0,5953500.0
ORD-102773,2025-07-12,Jakarta,Offline,C01060,UMKM,SR01,Aksesoris,Headset USB H3,3,0.0,Completed,350000.0,1050000.0,625800.0
ORD-102774,2025-07-12,Jawa Barat,Offline,C02330,UMKM,SR06,Printer & Tinta,Tinta Botol Set CMYK,2,0.1,Completed,280000.0,504000.0,328200.0
ORD-102775,2025-07-12,Jakarta,Offline,C02147,Retail,SR03,Peralatan Kantor,Kursi Ergonomis E1,2,0.0,Cancelled,1900000.0,3800000.0,2579400.0
ORD-102776,2025-07-12,Jakarta,Offline,C00343,Retail,SR03,Aksesoris,Keyboard Mekanik K7,2,0.1,Cancelled,650000.0,1170000.0,790600.0
ORD-102777,2025-07-12,Sumatera,Offline,K0160,Korporat,SR12,Peralatan Kantor,Kursi Ergonomis E1,36,0.05,Completed,1900000.0,64980000.0,46566000.0
ORD-103058,2025-08-12,Jawa Timur,Online,C01707,Retail,SYS-ONLINE,Printer & Tinta,Printer InkJet P200,2,0.15,Completed,2100000.0,3570000.0,3426000.0
ORD-103059,2025-08-12,Jawa Timur,Offline,C01291,Retail,SR09,Laptop,Laptop Veno 13,2,0.0,Completed,6200000.0,12400000.0,11209000.0
ORD-103060,2025-08-12,Jakarta,Online,C00848,Retail,SYS-ONLINE,Laptop,Laptop Veno 13,2,0.05,Completed,6200000.0,11780000.0,10993600.0
ORD-103061,2025-08-12,Jakarta,Offline,C01965,UMKM,SR02,Peralatan Kantor,Kursi Ergonomis E1,9,0.05,Completed,1900000.0,16245000.0,11612700.0
ORD-103062,2025-08-12,Jawa Barat,Online,C02008,UMKM,SYS-ONLINE,Aksesoris,Mouse Wireless M20,2,0.1,Completed,180000.0,324000.0,207400.0
ORD-103063,2025-08-12,Kalimantan,Offline,C00954,Retail,SR14,Printer & Tinta,Tinta Botol Set CMYK,1,0.0,Completed,280000.0,280000.0,167200.0
ORD-103064,2025-08-12,Kalimantan,Offline,K0093,Korporat,SR14,Printer & Tinta,Printer InkJet P200,6,0.0,Completed,2100000.0,12600000.0,10143000.0
ORD-103065,2025-08-12,Kalimantan,Offline,C02294,UMKM,SR14,Peralatan Kantor,Kursi Ergonomis E1,8,0.05,Completed,1900000.0,14440000.0,10306400.0
ORD-103066,2025-08-12,Jawa Timur,Offline,K0076,Korporat,SR08,Laptop,Laptop Veno 13,8,0.1,Completed,6200000.0,44640000.0,45003200.0
ORD-103067,2025-08-12,Jatim,Offline,C00512,Retail,SR08,Networking,Router WiFi 6 R600,5,0.0,Completed,1200000.0,6000000.0,4227500.0
ORD-103068,2025-08-12,Jawa Timur,Offline,C00095,UMKM,SR08,Laptop,Laptop Axio Pro 15,5,0.0,Completed,13000000.0,65000000.0,58256000.0
ORD-103069,2025-08-12,Jawa Barat,Offline,C01478,UMKM,SR06,networking,Router WiFi 6 R600,2,0.0,Completed,1200000.0,2400000.0,1686600.0
ORD-103070,2025-08-12,Kalimantan,Offline,C02012,UMKM,SR13,Laptop,Laptop Axio 14,2,0.05,Completed,8500000.0,16150000.0,15415000.0
RET-103016,2025-08-12,Jawa Barat,Offline,C02024,UMKM,SR05,Aksesoris,Keyboard Mekanik K7,-8,0.0,Returned,650000.0,-5200000.0,-3235200.0
ORD-103320,2025-09-12,Jawa Barat,Offline,C01367,Retail,SR04,Aksesoris,Headset USB H3,2,0.05,Completed,350000.0,665000.0,421400.0
ORD-103321,2025-09-12,Jawa Barat,Online,C00514,Retail,SYS-ONLINE,Networking,Router WiFi 6 R600,5,0.1,Completed,1200000.0,5400000.0,
ORD-103322,2025-09-12,Sumatera,Offline,C01489,UMKM,SR11,Laptop,Laptop Veno 13,4,0.0,Completed,6200000.0,24800000.0,22105200.0
ORD-103323,2025-09-12,Sumatera,Offline,K0055,Korporat,SR12,Networking,Router WiFi 6 R600,24,0.05,Completed,1200000.0,27360000.0,
ORD-103324,2025-09-12,Sulawesi,Offline,C02223,Retail,SR18,Peralatan Kantor,Kertas A4 80gsm (rim),5,0.05,Completed,55000.0,261250.0,191500.0
ORD-103325,2025-09-12,Kalimantan,Offline,C01510,Retail,SR13,Aksesoris,Power Bank 20000mAh,4,0.0,Completed,320000.0,1280000.0,796000.0
ORD-103326,2025-09-12,Jawa Timur,Online,C01822,Retail,SYS-ONLINE,Aksesoris,Power Bank 20000mAh,2,0.3,Completed,320000.0,448000.0,402200.0
ORD-103327,2025-09-12,Kalimantan,Online,C00064,UMKM,SYS-ONLINE,Printer & Tinta,Tinta Botol Set CMYK,2,0.1,Completed,280000.0,504000.0,327400.0
ORD-103328,2025-09-12,Jawa Timur,Offline,C01741,Retail,SR09,Smartphone,Smartphone Lumo A5,2,0.05,Completed,2800000.0,5320000.0,4920000.0
RET-103243,2025-09-12,Jawa Timur,Offline,C02245,Retail,SR08,Laptop,Laptop Axio 14,-2,0.1,Returned,8500000.0,-15300000.0,-14999800.0
ORD-103571,2025-10-12,Jawa Timur,E-Commerce,C01489,UMKM,SYS-ONLINE,Aksesoris,Keyboard Mekanik K7,7,0.1,Completed,650000.0,4095000.0,2794400.0
ORD-103572,2025-10-12,Jakarta,Offline,C01592,UMKM,SR01,Smartphone,Smartphone Lumo X,1,0.05,Completed,5500000.0,5225000.0,4851300.0
ORD-103573,2025-10-12,Sumatera,Offline,C00470,Retail,SR10,Laptop,Laptop Axio Pro 15,1,0.1,Completed,13000000.0,11700000.0,11817700.0
ORD-103574,2025-10-12,Jakarta,Offline,C01584,Retail,SR03,Aksesoris,Power Bank 20000mAh,3,0.0,Completed,320000.0,960000.0,606300.0
ORD-103575,2025-10-12,Jawa Barat,Online,C02340,Retail,SYS-ONLINE,Networking,Router WiFi 6 R600,2,0.3,Completed,1200000.0,1680000.0,
ORD-103576,2025-10-12,Jakarta,Offline,C00287,Retail,SR01,Smartphone,Smartphone Lumo A5,1,0.0,Completed,2800000.0,2800000.0,
ORD-103577,2025-10-12,Jakarta,Online,C00970,UMKM,SYS-ONLINE,Smartphone,Smartphone Lumo X,3,0.1,Completed,5500000.0,14850000.0,14561700.0
ORD-103578,2025-10-12,Jawa Timur,ONLINE,C00600,UMKM,SYS-ONLINE,Laptop,Laptop Veno 13,3,0.1,Completed,6200000.0,16740000.0,16692600.0
ORD-103579,2025-10-12,Jakarta,Offline,C01837,UMKM,SR02,networking,Switch 8 Port S8,6,0.05,Completed,450000.0,2565000.0,
ORD-103873,2025-11-12,Kalimantan,Offline,C00293,UMKM,SR14,Laptop,Laptop Axio Pro 15,3,0.0,Completed,13000000.0,39000000.0,35183100.0
ORD-103874,2025-11-12,Sulawesi,Offline,C00651,UMKM,SR16,Peralatan Kantor,Kertas A4 80gsm (rim),2,0.0,Completed,55000.0,110000.0,74800.0
ORD-103875,2025-11-12,SULAWESI,Online,C01096,Retail,SYS-ONLINE,Smartphone,Smartphone Lumo X,1,0.05,Completed,5500000.0,5225000.0,4865800.0
ORD-103875,2025-11-12,SULAWESI,Online,C01096,Retail,SYS-ONLINE,Smartphone,Smartphone Lumo X,1,0.05,Completed,5500000.0,5225000.0,4865800.0
ORD-103876,2025-11-12,jakarta,Offline,C00941,Retail,SR01,Aksesoris,Power Bank 20000mAh,1,0.05,Completed,320000.0,304000.0,199300.0
ORD-103877,2025-11-12,Jawa Timur,Offline,C01211,Retail,SR07,Laptop,Laptop Axio 14,1,30.0,Completed,8500000.0,5950000.0,7623100.0
ORD-103878,2025-11-12,Jawa Timur,Offline,C01442,Retail,SR09,Smartphone,Smartphone Lumo A5,1,0.3,Completed,2800000.0,1960000.0,2458300.0
ORD-103879,2025-11-12,Jawa Barat,Online,C00931,Retail,SYS-ONLINE,Laptop,Laptop Axio 14,2,0.2,Completed,8500000.0,13600000.0,15211400.0
ORD-103880,2025-11-12,Jakarta,Offline,C01771,UMKM,SR01,Smartphone,Smartphone Lumo A5,5,0.05,Completed,2800000.0,13300000.0,12156000.0
ORD-103881,2025-11-12,Kalimantan,Offline,C02268,Retail,SR13,Smartphone,Smartphone Lumo A5,1,0.0,Completed,2800000.0,2800000.0,2455300.0
ORD-103882,2025-11-12,Sulawesi,Online,K0146,Korporat,SYS-ONLINE,Aksesoris,Headset USB H3,20,0.3,Completed,350000.0,4900000.0,4140000.0
ORD-103883,2025-11-12,Jawa Timur,Online,K0039,Korporat,SYS-ONLINE,Aksesoris,Power Bank 20000mAh,47,0.25,Cancelled,320000.0,11280000.0,9512800.0
ORD-103884,2025-11-12,Sumatera,Offline,C02315,Retail,SR11,Networking,Switch 8 Port S8,3,0.0,Completed,450000.0,1350000.0,
ORD-103885,2025-11-12,Jakarta,Offline,C00209,Retail,SR01,Networking,Router WiFi 6 R600,1,0.0,Completed,1200000.0,1200000.0,853300.0
RET-106978,2025-11-12,Sumatra,Offline,C01138,UMKM,SR12,Laptop,Laptop Axio 14,-5,0.0,Returned,8500000.0,-42500000.0,-37885500.0
ORD-104201,2025-12-12,Sulawesi,Online,C02044,Retail,SYS-ONLINE,Laptop,Laptop Axio 14,2,0.1,Completed,8500000.0,15300000.0,15187200.0
ORD-104202,2025-12-12,Sulawesi,Online,C00348,Retail,SYS-ONLINE,Aksesoris,Keyboard Mekanik K7,2,0.3,Completed,650000.0,910000.0,800400.0
ORD-104203,2025-12-12,Jakarta,Offline,C00985,UMKM,SR02,Aksesoris,Mouse Wireless M20,6,0.0,Completed,180000.0,1080000.0,630600.0
ORD-104204,2025-12-12,Sumatera,Offline,C01821,Retail,SR11,Laptop,Laptop Axio Pro 15,1,0.0,Completed,13000000.0,13000000.0,11553200.0
ORD-104205,2025-12-12,Jakarta,Offline,C01008,UMKM,SR01,Smartphone,Smartphone Lumo A5,4,0.0,Completed,2800000.0,11200000.0,9604400.0
ORD-104206,2025-12-12,Sumatera,Offline,K0051,Korporat,SR10,Networking,Router WiFi 6 R600,12,0.0,Completed,1200000.0,14400000.0,
ORD-104207,2025-12-12,Jawa Barat,Offline,C01667,Retail,SR06,Laptop,Laptop Axio Pro 15,1,0.0,Completed,13000000.0,13000000.0,11619700.0
ORD-104208,2025-12-12,Jakarta,Online,C00821,Retail,SYS-ONLINE,Aksesoris,Mouse Wireless M20,1,0.0,Completed,180000.0,180000.0,104000.0
ORD-104209,2025-12-12,Sulawesi,Offline,C01894,Retail,SR17,Laptop,Laptop Axio Pro 15,2,0.0,Completed,13000000.0,26000000.0,23352600.0
ORD-104210,2025-12-12,Sumatera,Offline,C00228,UMKM,SR11,Printer&Tinta,Printer InkJet P200,1,5.0,Completed,2100000.0,1995000.0,1674700.0
ORD-104211,2025-12-12,Jawa Timur,Offline,C00215,Retail,SR07,Printer&Tinta,Printer InkJet P200,2,0.0,Completed,2100000.0,4200000.0,3442200.0
ORD-104212,2025-12-12,jakarta,Offline,C00044,Retail,SR03,Printer & Tinta,Tinta Botol Set CMYK,1,0.0,Completed,280000.0,280000.0,165900.0
ORD-104213,2025-12-12,Sumatera,Online,C01663,Retail,SYS-ONLINE,Networking,Switch 8 Port S8,5,0.05,Completed,450000.0,2137500.0,
ORD-104214,2025-12-12,Sumatera,Offline,C00399,Retail,SR10,Smartphone,Smartphone Lumo A5,1,0.0,Completed,2800000.0,2800000.0,2461700.0
ORD-104215,2025-12-12,Jakarta,Offline,C01814,Retail,SR01,Networking,Router WiFi 6 R600,1,0.0,Completed,1200000.0,1200000.0,
RET-104060,2025-12-12,Jawa Timur,Offline,C01805,Retail,SR09,Smartphone,Smartphone Lumo A5,-1,0.3,Returned,2800000.0,-1960000.0,-2453400.0
ORD-104216,2025-12-13,Jawa Barat,Offline,C01362,Retail,SR05,Aksesoris,Mouse Wireless M20,5,0.05,Completed,180000.0,855000.0,524500.0
ORD-104217,2025-12-13,Jakarta,Offline,C00812,UMKM,SR02,Laptop,Laptop Veno 13,2,0.0,Completed,6200000.0,12400000.0,11158800.0
ORD-104218,2025-12-13,Jawa Timur,Online,C00134,Retail,SYS-ONLINE,Laptop,Laptop Veno 13,2,0.1,Completed,6200000.0,11160000.0,10939600.0
ORD-104219,2025-12-13,Jakarta,Offline,C01045,UMKM,SR01,Aksesoris,Mouse Wireless M20,3,0.05,Completed,180000.0,513000.0,316800.0
ORD-104220,2025-12-13,Jakarta,Offline,C00601,Retail,SR01,Aksesoris,Headset USB H3,1,0.0,Completed,350000.0,350000.0,207600.0
ORD-104221,2025-12-13,Jakarta,Online,C01468,UMKM,SYS-ONLINE,Printer & Tinta,Printer InkJet P200,3,0.0,Completed,2100000.0,6300000.0,5077200.0
ORD-104222,2025-12-13,Sumatera,Offline,C00135,UMKM,SR12,Peralatan Kantor,Kertas A4 80gsm (rim),5,0.0,Completed,55000.0,275000.0,190500.0
ORD-104223,2025-12-14,Sumatera,Offline,K0158,Korporat,SR10,Peralatan Kantor,Kursi Ergonomis E1,18,0.0,Completed,1900000.0,34200000.0,23500800.0
ORD-104224,2025-12-14,Jawa Timur,Offline,C00020,UMKM,SR08,Laptop,Laptop Axio 14,4,0.0,Completed,8500000.0,34000000.0,29966800.0
ORD-104225,2025-12-14,Jakarta,Offline,C00746,UMKM,SR01,HP,Smartphone Lumo A5,1,0.1,Completed,2800000.0,2520000.0,2396500.0
ORD-104226,2025-12-14,Sulawesi,Offline,C01349,UMKM,SR17,Smartphone,Smartphone Lumo X,3,0.0,Completed,5500000.0,16500000.0,14499000.0
ORD-104227,2025-12-14,Jakarta,Offline,C01200,UMKM,SR02,Peralatan Kantor,Kursi Ergonomis E1,10,0.0,Completed,1900000.0,19000000.0,12983000.0
ORD-104228,2025-12-14,Jakarta,Offline,C01789,Retail,SR02,Laptop,Laptop Veno 13,2,0.0,Completed,6200000.0,12400000.0,11262400.0
ORD-104229,2025-12-14,Kalimantan,Offline,C01354,Retail,SR15,Laptop,Laptop Veno 13,1,0.0,Completed,6200000.0,6200000.0,5570700.0
ORD-104230,2025-12-14,Jakarta,Online,C00485,UMKM,SYS-ONLINE,Laptop,Laptop Axio 14,3,0.0,Completed,8500000.0,25500000.0,22491300.0
ORD-104231,2025-12-14,Jakarta,Offline,C00926,Retail,SR01,Aksesoris,Power Bank 20000mAh,5,0.05,Completed,320000.0,1520000.0,996000.0
ORD-104232,2025-12-14,Kalimantan,Offline,K0006,Korporat,SR13,Networking,Switch 8 Port S8,7,0.05,Completed,450000.0,2992500.0,
ORD-104233,2025-12-14,Jawa Barat,Online,C00294,Retail,SYS-ONLINE,Laptop,Laptop Axio 14,2,0.25,Completed,8500000.0,12750000.0,15014800.0
ORD-104234,2025-12-14,Jakarta,Online,C00808,Retail,SYS-ONLINE,Aksesoris,Power Bank 20000mAh,5,0.0,Completed,320000.0,1600000.0,1011000.0
ORD-104235,2025-12-14,JKT ,Offline,C01303,UMKM,SR01,Laptop,Laptop Axio 14,2,0.1,Completed,8500000.0,15300000.0,15150000.0
ORD-104236,2025-12-14,Jakarta,Offline,K0171,Korporat,SR03,Aksesori,Power Bank 20000mAh,43,0.05,Completed,320000.0,13072000.0,8539800.0
ORD-104237,2025-12-14,Sumatera,Offline,C00881,UMKM,SR11,Laptop,Laptop Axio Pro 15,5,0.0,Completed,13000000.0,65000000.0,58631000.0
ORD-104238,2025-12-14,Sumatera,Online,C00376,Retail,SYS-ONLINE,aksesoris ,Keyboard Mekanik K7,3,0.0,Completed,650000.0,1950000.0,1191600.0
ORD-104239,2025-12-15,Jawa Barat,Offline,K0164,Korporat,SR05,Laptop,Laptop Axio Pro 15,8,0.1,Cancelled,13000000.0,93600000.0,93024800.0
ORD-104240,2025-12-15,Jawa Barat,Offline,C00791,UMKM,SR04,Aksesoris,Mouse Wireless M20,13,0.0,Completed,180000.0,2340000.0,1374100.0
ORD-104241,2025-12-15,Jawa Timur,Offline,C00120,Retail,SR08,Printer & Tinta,Tinta Botol Set CMYK,1,0.3,Completed,280000.0,196000.0,164100.0
ORD-104242,2025-12-15,Jawa Timur,Offline,C02080,Retail,SR08,Smartphone,Smartphone Lumo A5,1,0.1,Completed,2800000.0,2520000.0,2433800.0
ORD-104243,2025-12-15,Sulawesi,Offline,K0140,Korporat,SR16,Networking,Router WiFi 6 R600,6,0.0,Completed,1200000.0,7200000.0,
ORD-104244,2025-12-15,Jawa Timur,Offline,C02189,UMKM,SR07,Printer&Tinta,Printer InkJet P200,5,25.0,Completed,2100000.0,7875000.0,8558000.0
ORD-104245,2025-12-15,Jakarta,Offline,C00001,UMKM,SR02,Peralatan Kantor,Kursi Ergonomis E1,1,0.0,Completed,1900000.0,1900000.0,1291300.0
ORD-104246,2025-12-15,Sumatera,Offline,C01757,Retail,SR11,Smartphone,Smartphone Lumo X,2,0.0,Completed,5500000.0,11000000.0,9708200.0
ORD-104247,2025-12-15,Jawa Barat,Offline,C01365,Retail,SR06,Laptop,Laptop Axio Pro 15,1,0.1,Completed,13000000.0,11700000.0,11705500.0
ORD-104248,2025-12-15,Jawa Timur,Offline,C00256,Retail,SR07,Laptop,Laptop Axio Pro 15,2,0.0,Completed,13000000.0,26000000.0,23552200.0
ORD-104249,2025-12-15,Jawa Barat,Offline,C02375,Retail,SR05,Peralatan Kantor,Kertas A4 80gsm (rim),1,0.05,Completed,55000.0,52250.0,38500.0
ORD-104250,2025-12-15,Jawa Timur,Offline,C01767,UMKM,SR08,Networking,Switch 8 Port S8,10,0.2,Completed,450000.0,3600000.0,2998000.0
ORD-104251,2025-12-16,DKI Jakarta,Offline,C02120,Retail,SR01,Networking,Switch 8 Port S8,5,0.0,Completed,450000.0,2250000.0,
ORD-104252,2025-12-16,Kalimantan,Offline,C02203,UMKM,SR15,Networking,Router WiFi 6 R600,4,0.0,Completed,1200000.0,4800000.0,3445200.0
ORD-104253,2025-12-16,Jawa Timur,Offline,C01814,UMKM,SR09,Peralatan Kantor,Kursi Ergonomis E1,12,0.0,Completed,1900000.0,22800000.0,15664800.0
ORD-104254,2025-12-16,Jawa Timur,Offline,C01552,Retail,SR08,LAPTOP,Laptop Veno 13,2,0.0,Completed,6200000.0,12400000.0,11024600.0
ORD-104255,2025-12-16,Jawa Barat,Offline,C00887,Retail,SR06,Printer & Tinta,Tinta Botol Set CMYK,2,0.0,Completed,280000.0,560000.0,327400.0
ORD-104256,2025-12-16,Jakarta,Offline,C01231,UMKM,SR01,Networking,Switch 8 Port S8,10,0.0,Completed,450000.0,4500000.0,3044000.0
ORD-104257,2025-12-16,Sumatera,Online,C01263,Retail,SYS-ONLINE,Aksesoris,Power Bank 20000mAh,4,0.25,Completed,320000.0,960000.0,810000.0
ORD-104258,2025-12-16,Kalimantan,Online,C01254,Retail,SYS-ONLINE,Printer & Tinta,Tinta Botol Set CMYK,2,0.05,Completed,280000.0,532000.0,331400.0
ORD-104259,2025-12-16,Jakarta,Offline,C02063,UMKM,SR02,Printer & Tinta,Tinta Botol Set CMYK,2,0.0,Completed,280000.0,560000.0,325400.0
ORD-104260,2025-12-16,Sulawesi,Offline,C00042,UMKM,SR18,ATK,Kursi Ergonomis E1,10,0.05,Completed,1900000.0,18050000.0,13016000.0
ORD-104261,2025-12-16,Sumatera,Offline,K0151,Korporat,SR12,Laptop,Laptop Axio Pro 15,10,0.0,Completed,13000000.0,130000000.0,114885000.0
ORD-104262,2025-12-17,Jawa Barat,ONLINE,C02227,UMKM,SYS-ONLINE,Networking,Switch 8 Port S8,3,0.2,Completed,450000.0,1080000.0,907200.0
ORD-104263,2025-12-17,Jawa Barat,Online,C00376,Retail,SYS-ONLINE,Networking,Router WiFi 6 R600,3,0.3,Completed,1200000.0,2520000.0,
ORD-104264,2025-12-17,Jakarta,Offline,C01045,UMKM,SR03,Networking,Switch 8 Port S8,2,0.1,Completed,450000.0,810000.0,594800.0
ORD-104265,2025-12-17,Jabar,Offline,C00690,UMKM,SR04,Printer & Tinta,Printer InkJet P200,5,0.0,Completed,2100000.0,10500000.0,8413000.0
ORD-104266,2025-12-17,Sumatera,Offline,K0139,Korporat,SR11,Laptop,Laptop Axio Pro 15,10,0.0,Completed,13000000.0,130000000.0,117929000.0
ORD-104267,2025-12-17,Kalimantan,Online,C00038,UMKM,SYS-ONLINE,Laptop,Laptop Axio 14,4,0.2,Completed,8500000.0,27200000.0,30042000.0
ORD-104268,2025-12-17,Jakarta,Online,C01052,UMKM,SYS-ONLINE,Printer & Tinta,Tinta Botol Set CMYK,5,0.1,Completed,280000.0,1260000.0,827500.0
ORD-104269,2025-12-17,Jakarta,Online,C02180,UMKM,SYS-ONLINE,Laptop,Laptop Veno 13,4,0.05,Completed,6200000.0,23560000.0,21922400.0
ORD-104270,2025-12-17,Kalimantan,Offline,C00262,UMKM,SR13,Laptop,Laptop Axio Pro 15,1,0.0,Completed,13000000.0,13000000.0,11584800.0
ORD-104271,2025-12-17,Jawa Barat,Offline,C01593,Retail,SR06,Networking,Router WiFi 6 R600,4,0.0,Completed,1200000.0,4800000.0,
ORD-104272,2025-12-17,Sulawesi,Offline,C01006,UMKM,SR17,Aksesoris,Keyboard Mekanik K7,14,0.0,Completed,650000.0,9100000.0,5677000.0
ORD-104273,2025-12-17,Jawa Barat,Offline,C00169,UMKM,SR04,Networking,Switch 8 Port S8,1,0.05,Completed,450000.0,427500.0,295900.0
ORD-106970,2025-12-17,Sulawesi,Offline,C01006,UMKM,SR17,Aksesoris,Keyboard Mekanik K7,14,0.0,Completed,650000.0,9100000.0,5570600.0
ORD-104274,2025-12-18,Jawa Timur,Offline,C00792,Retail,SR09,Aksesoris,Keyboard Mekanik K7,2,0.05,Completed,650000.0,1235000.0,801600.0
ORD-104275,2025-12-18,Jawa Timur,Offline,C00084,Retail,SR09,Smartphone,Smartphone Lumo X,1,0.05,Completed,5500000.0,5225000.0,4764100.0
ORD-104276,2025-12-18,Jawa Barat,Offline,C01908,Retail,SR05,Aksesoris,Mouse Wireless M20,5,0.1,Completed,180000.0,810000.0,531000.0
ORD-104277,2025-12-18,Kalimantan,Offline,C00725,Retail,SR15,smartphone,Smartphone Lumo A5,2,0.0,Completed,2800000.0,5600000.0,4806200.0
ORD-104278,2025-12-18,Jatim,Offline,C01098,Retail,SR07,Aksesoris,Keyboard Mekanik K7,4,0.0,Completed,650000.0,2600000.0,1589200.0
ORD-104279,2025-12-18,Jawa barat ,Online,C00344,UMKM,SYS-ONLINE,Laptop,Laptop Axio 14,1,0.1,Completed,8500000.0,7650000.0,7533100.0
ORD-104280,2025-12-18,Jakarta,Online,C00356,UMKM,SYS-ONLINE,Aksesoris,Power Bank 20000mAh,5,0.1,Completed,320000.0,1440000.0,988000.0
ORD-104281,2025-12-18,Jawa Timur,Online,C00477,Retail,SYS-ONLINE,Laptop,Laptop Axio 14,2,0.15,Completed,8500000.0,14450000.0,15211600.0
ORD-104282,2025-12-18,Jawa Timur,Online,C01152,Retail,SYS-ONLINE,Smartphone,Smartphone Lumo X,1,0.05,Completed,5500000.0,5225000.0,4792100.0
ORD-104283,2025-12-18,Jakarta,Offline,C00894,Retail,SR03,Peralatan Kantor,Kertas A4 80gsm (rim),5,0.05,Completed,55000.0,261250.0,187500.0
ORD-104284,2025-12-18,Sumatera,Offline,C02050,Retail,SR11,Peralatan Kantor,Kursi Ergonomis E1,4,0.0,Completed,1900000.0,7600000.0,5228800.0
ORD-104285,2025-12-19,Jawa Timur,Offline,K0101,Korporat,SR07,Peralatan Kantor,Kursi Ergonomis E1,11,0.0,Completed,1900000.0,20900000.0,14237300.0
ORD-104286,2025-12-19,Jawa Timur,Offline,C00672,Retail,SR08,Networking,Router WiFi 6 R600,2,0.0,Completed,1200000.0,2400000.0,1676200.0
ORD-104287,2025-12-19,Jawa Timur,Offline,C01010,UMKM,SR09,Aksesoris,Power Bank 20000mAh,7,0.0,Completed,320000.0,2240000.0,1383900.0
ORD-104288,2025-12-19,Jawa Barat,Offline,C01302,Retail,SR05,Smartphone,Smartphone Lumo X,2,0.0,Completed,5500000.0,11000000.0,9526200.0
ORD-104289,2025-12-19,Sumatra,Offline,K0023,Korporat,SR12,Networking,Router WiFi 6 R600,15,0.05,Cancelled,1200000.0,17100000.0,
ORD-104290,2025-12-19,Jawa Timur,Offline,C00909,Retail,SR08,Aksesoris,Mouse Wireless M20,5,0.0,Completed,180000.0,900000.0,520000.0
ORD-104291,2025-12-19,Jawa Timur,Online,C02154,Retail,SYS-ONLINE,Aksesoris,Mouse Wireless M20,4,0.25,Completed,180000.0,540000.0,416800.0
ORD-104292,2025-12-19,Sulawesi,Offline,C02218,UMKM,SR18,Laptop,Laptop Axio 14,2,0.05,Completed,8500000.0,16150000.0,15207600.0
ORD-104293,2025-12-19,Jawa Timur,Online,C01371,Retail,SYS-ONLINE,Networking,Router WiFi 6 R600,2,0.05,Completed,1200000.0,2280000.0,1719800.0
ORD-104294,2025-12-19,Jakarta,Offline,C00808,Retail,SR03,Laptop,Laptop Axio 14,2,0.0,Completed,8500000.0,17000000.0,15024200.0
ORD-104295,2025-12-19,Jawa Timur,Offline,C01480,Retail,SR08,Laptop,Laptop Veno 13,2,0.05,Completed,6200000.0,11780000.0,10940600.0
ORD-104296,2025-12-19,Jawa Barat,Offline,C01620,Retail,SR05,Smartphone,Smartphone Lumo A5,2,0.0,Completed,2800000.0,5600000.0,4792600.0
ORD-104297,2025-12-19,Jawa Barat,Offline,C01490,Retail,SR06,Aksesoris,Power Bank 20000mAh,5,0.0,Completed,320000.0,1600000.0,987500.0
ORD-104298,2025-12-19,Kalimantan,Offline,C00418,UMKM,SR15,Laptop,Laptop Axio Pro 15,5,0.0,Completed,13000000.0,65000000.0,57394000.0
ORD-104299,2025-12-19,Jawa Barat,Offline,C01903,Retail,SR05,Laptop,Laptop Axio Pro 15,2,0.05,Completed,13000000.0,24700000.0,23424000.0
ORD-104300,2025-12-20,Kalimantan,Offline,C00239,UMKM,SR15,Aksesoris,Keyboard Mekanik K7,13,5.0,Completed,650000.0,8027500.0,5233800.0
ORD-104301,2025-12-20,Jakarta,Offline,C01942,Retail,SR01,Networking,Router WiFi 6 R600,3,0.0,Completed,1200000.0,3600000.0,
ORD-104302,2025-12-20,Kalimantan,Offline,C01461,Retail,SR13,Printer & Tinta,Printer InkJet P200,1,0.0,Completed,2100000.0,2100000.0,1678700.0
ORD-104303,2025-12-20,Sulawesi,Online,C02342,Retail,SYS-ONLINE,Smartphone,Smartphone Lumo X,1,0.2,Completed,5500000.0,4400000.0,4853600.0
ORD-104304,2025-12-20,Jakarta,Offline,C02158,Retail,SR02,Smartphone,Smartphone Lumo X,2,0.0,Completed,5500000.0,11000000.0,9701400.0
ORD-104305,2025-12-20,Jakarta,Offline,C00918,Retail,SR03,Laptop,Laptop Axio Pro 15,2,0.0,Completed,13000000.0,26000000.0,23563200.0
ORD-104306,2025-12-20,Jakarta,Offline,C01893,Retail,SR03,Smartphone,Smartphone Lumo A5,2,0.05,Completed,2800000.0,5320000.0,4816600.0
ORD-104307,2025-12-20,Jakarta,Offline,C01455,Retail,SR01,Printer & Tinta,Tinta Botol Set CMYK,1,0.1,Completed,280000.0,252000.0,165700.0
ORD-104308,2025-12-20,Jawa Timur,Online,C00456,UMKM,SYS-ONLINE,Laptop,Laptop Axio Pro 15,1,0.05,Completed,13000000.0,12350000.0,11522200.0
ORD-104309,2025-12-20,Jawa Timur,Online,C02163,UMKM,SYS-ONLINE,Printer & Tinta,Tinta Botol Set CMYK,4,0.05,Completed,280000.0,1064000.0,658000.0
ORD-104310,2025-12-20,Jawa Barat,Offline,C01491,Retail,SR04,Laptop,Laptop Axio Pro 15,1,0.0,Completed,13000000.0,13000000.0,11723700.0
ORD-104311,2025-12-20,Jawa Timur,Online,C00984,UMKM,SYS-ONLINE,Smartphone,Smartphone Lumo A5,4,0.2,Completed,2800000.0,8960000.0,9604800.0
ORD-104312,2025-12-20,Sumatra,Offline,C02123,Retail,SR10,Printer & Tinta,Printer InkJet P200,1,0.1,Completed,2100000.0,1890000.0,1711200.0
ORD-104313,2025-12-20,Jawa Timur,Offline,C02301,Retail,SR07,Aksesoris,Headset USB H3,5,5.0,Completed,350000.0,1662500.0,1056000.0
ORD-104314,2025-12-20,Jawa Barat,Online,C01269,Retail,SYS-ONLINE,Smartphone,Smartphone Lumo X,1,0.1,Completed,5500000.0,4950000.0,4832700.0
ORD-104315,2025-12-21,Jakarta,Online,C01419,Retail,SYS-ONLINE,Networking,Router WiFi 6 R600,4,0.25,Completed,1200000.0,3600000.0,3402800.0
ORD-104316,2025-12-21,Jawa Timur,Offline,C00097,UMKM,SR09,Laptop,Laptop Axio Pro 15,1,0.25,Completed,13000000.0,9750000.0,11690100.0
ORD-104317,2025-12-21,Jawa Timur,Offline,C00483,Retail,SR07,Aksesoris,Headset USB H3,4,5.0,Completed,350000.0,1330000.0,838800.0
ORD-104318,2025-12-21,kalimantan,Offline,C00096,Retail,SR14,Aksesoris,Power Bank 20000mAh,5,0.0,Completed,320000.0,1600000.0,995500.0
ORD-104319,2025-12-21,Jakarta,Offline,C00363,Retail,SR02,Smartphone,Smartphone Lumo A5,2,0.0,Completed,2800000.0,5600000.0,4857600.0
ORD-104320,2025-12-21,Sumatera,Online,C01700,Retail,SYS-ONLINE,Networking,Switch 8 Port S8,1,0.1,Completed,450000.0,405000.0,
ORD-104321,2025-12-21,Jakarta,Online,C02383,UMKM,SYS-ONLINE,Aksesoris,Headset USB H3,7,0.0,Completed,350000.0,2450000.0,1464400.0
ORD-104322,2025-12-21,Jakarta,Online,C01379,Retail,SYS-ONLINE,Smartphone,Smartphone Lumo X,1,0.0,Completed,5500000.0,5500000.0,4774400.0
ORD-104323,2025-12-21,Jakarta,Online,C01470,Retail,SYS-ONLINE,Networking,Switch 8 Port S8,2,0.2,Completed,450000.0,720000.0,
ORD-104324,2025-12-21,Kalimantan,Offline,C01292,UMKM,SR14,Aksesoris,Mouse Wireless M20,9,0.0,Completed,180000.0,1620000.0,954000.0
ORD-104325,2025-12-21,Jawa Barat,Offline,C00700,Retail,SR05,Aksesoris,Power Bank 20000mAh,4,0.0,Completed,320000.0,1280000.0,789600.0
ORD-104326,2025-12-22,Kalimantan,Offline,C00618,UMKM,SR14,Peralatan Kantor,Kertas A4 80gsm (rim),2,0.0,Completed,55000.0,110000.0,76600.0
ORD-104327,2025-12-22,Jawa Barat,Online,K0034,Korporat,SYS-ONLINE,Smartphone,Smartphone Lumo A5,9,0.1,Completed,2800000.0,22680000.0,22009500.0
ORD-104328,2025-12-22,,Online,K0105,Korporat,SYS-ONLINE,Smartphone,Smartphone Lumo A5,9,0.15,Completed,2800000.0,21420000.0,21565800.0
ORD-104329,2025-12-22,Jakarta,Offline,C02235,Retail,SR03,Aksesoris,Headset USB H3,2,0.05,Completed,350000.0,665000.0,423800.0
ORD-104330,2025-12-22,Sumatera,Offline,C01670,Retail,SR11,Smartphone,Smartphone Lumo A5,1,0.0,Completed,2800000.0,2800000.0,2464800.0
RET-104295,2025-12-22,Jawa Timur,Offline,C01480,Retail,SR08,Laptop,Laptop Veno 13,-2,0.05,Returned,6200000.0,-11780000.0,-10940600.0
ORD-104331,2025-12-23,Jawa Timur,Online,C01170,UMKM,SYS-ONLINE,Peralatan Kantor,Kertas A4 80gsm (rim),8,0.25,Completed,55000.0,330000.0,304800.0
ORD-104332,2025-12-23,Jakarta,Offline,C01323,UMKM,SR02,Aksesoris,Headset USB H3,11,0.0,Completed,350000.0,3850000.0,2289100.0
ORD-104333,2025-12-23,Jawa Barat,Offline,C00146,UMKM,SR06,Laptop,Laptop Axio Pro 15,3,0.05,Completed,13000000.0,37050000.0,35230800.0
ORD-104334,2025-12-23,Jakarta,Offline,C01566,UMKM,SR02,Printer&Tinta,Tinta Botol Set CMYK,5,0.0,Completed,280000.0,1400000.0,
ORD-104335,2025-12-23,Jawa Timur,Offline,K0119,Korporat,SR07,Aksesoris,Power Bank 20000mAh,141,10.0,Completed,320000.0,40608000.0,28030800.0
ORD-104336,2025-12-23,Sumatera,Online,C01771,UMKM,SYS-ONLINE,Aksesoris,Mouse Wireless M20,11,0.25,Completed,180000.0,1485000.0,1155000.0
ORD-104337,2025-12-23,Jakarta,Online,C00780,UMKM,SYS-ONLINE,Laptop,Laptop Axio Pro 15,2,0.05,Completed,13000000.0,24700000.0,23119000.0
ORD-104338,2025-12-23,Jakarta,Offline,C01439,Retail,SR03,Laptop,Laptop Axio Pro 15,1,0.05,Completed,13000000.0,12350000.0,11703400.0
ORD-104339,2025-12-23,Jatim,Offline,C01504,UMKM,SR08,Aksesoris,Headset USB H3,3,0.25,Completed,350000.0,787500.0,624000.0
RET-104179,2025-12-23,Jawa Timur,Offline,C01369,Retail,SR07,Smartphone,Smartphone Lumo A5,-2,30.0,Returned,2800000.0,-3920000.0,-4840400.0
RET-104248,2025-12-23,Jawa Timur,Offline,C00256,Retail,SR07,laptop,Laptop Axio Pro 15,-2,0.0,Returned,13000000.0,-26000000.0,-23552200.0
ORD-104340,2025-12-24,Jakarta,Offline,K0028,Korporat,SR02,Smartphone,Smartphone Lumo A5,5,0.0,Completed,2800000.0,14000000.0,12015500.0
ORD-104341,2025-12-24,jakarta,Offline,C00032,Retail,SR03,Aksesoris,Mouse Wireless M20,1,0.1,Completed,180000.0,162000.0,104300.0
ORD-104342,2025-12-24,Sulawesi,Offline,C00733,UMKM,SR16,Smartphone,Smartphone Lumo A5,4,0.05,Completed,2800000.0,10640000.0,9755600.0
ORD-104343,2025-12-24,Jakarta,Offline,C00386,Retail,SR01,Networking,Switch 8 Port S8,4,0.1,Completed,450000.0,1620000.0,1202800.0
ORD-104344,2025-12-24,Jakarta,Online,C01250,Retail,SYS-ONLINE,Peralatan Kantor,Kertas A4 80gsm (rim),4,0.05,Completed,55000.0,209000.0,153200.0
ORD-104345,2025-12-24,Jawa Timur,Offline,C00200,UMKM,SR09,Aksesoris,Keyboard Mekanik K7,10,0.0,Completed,650000.0,6500000.0,3944000.0
ORD-104346,2025-12-24,Kalimantan,Offline,C00378,UMKM,SR13,Smartphone,Smartphone Lumo X,4,0.05,Cancelled,5500000.0,20900000.0,19303200.0
ORD-104347,2025-12-24,Jawa Barat,Online,C01595,Retail,SYS-ONLINE,Aksesoris,Headset USB H3,5,0.3,Completed,350000.0,1225000.0,1053000.0
ORD-104348,2025-12-24,Jakarta,Offline,C00694,UMKM,SR02,Printer & Tinta,Tinta Botol Set CMYK,3,0.05,Completed,280000.0,798000.0,493500.0
ORD-104349,2025-12-24,Jawa Barat,Offline,C01917,Retail,SR06,Aksesoris,Mouse Wireless M20,3,0.0,Completed,180000.0,540000.0,313800.0
ORD-104350,2025-12-24,Jawa Timur,Offline,C01869,Retail,SR07,Printer & Tinta,Printer InkJet P200,2,5.0,Completed,2100000.0,3990000.0,3353400.0
ORD-104351,2025-12-24,Jakarta,Online,C01535,Retail,SYS-ONLINE,Smartphone,Smartphone Lumo A5,1,0.05,Completed,2800000.0,2660000.0,2393900.0
ORD-104352,2025-12-24,Jakarta,online,C01898,UMKM,SYS-ONLINE,Laptop,Laptop Axio 14,5,0.05,Completed,8500000.0,40375000.0,38519000.0
ORD-104353,2025-12-24,Jakarta,Online,C01817,Retail,SYS-ONLINE,Aksesoris,Mouse Wireless M20,2,0.1,Completed,180000.0,324000.0,212400.0
ORD-104354,2025-12-24,Sumatera,E-Commerce,C00006,UMKM,SYS-ONLINE,Peralatan Kantor,Kursi Ergonomis E1,3,0.0,Completed,1900000.0,5700000.0,3890700.0
ORD-104355,2025-12-24,Sulawesi,Offline,C01476,Retail,SR18,Smartphone,Smartphone Lumo A5,2,0.0,Completed,2800000.0,5600000.0,4865600.0
ORD-104356,2025-12-25,Sumatera,Online,C00367,UMKM,SYS-ONLINE,Printer & Tinta,Printer InkJet P200,1,0.0,Completed,2100000.0,2100000.0,1711600.0
ORD-104357,2025-12-25,Kalimantan,online,C02126,Retail,SYS-ONLINE,Printer & Tinta,Tinta Botol Set CMYK,1,0.1,Completed,280000.0,252000.0,166800.0
ORD-104358,2025-12-25,Sumatera,Offline,C00081,Retail,SR10,Smartphone,Smartphone Lumo A5,2,0.05,Completed,2800000.0,5320000.0,4815200.0
ORD-104359,2025-12-25,Jawa Timur,Offline,C02193,UMKM,SR08,Smartphone,Smartphone Lumo A5,1,0.2,Completed,2800000.0,2240000.0,2421200.0
ORD-104360,2025-12-25,Jakarta,Offline,C01096,Retail,SR02,Laptop,Laptop Veno 13,2,0.1,Completed,6200000.0,11160000.0,11092600.0
ORD-104361,2025-12-25,Jakarta,Offline,C01343,UMKM,SR01,Peralatan Kantor,Kertas A4 80gsm (rim),2,0.0,Completed,55000.0,110000.0,76800.0
ORD-104362,2025-12-25,Jatim,Offline,C00575,Retail,SR08,Aksesoris,Headset USB H3,3,0.2,Completed,350000.0,840000.0,636900.0
ORD-104363,2025-12-25,Jawa Barat,Offline,C02358,Retail,SR04,Printer & Tinta,Tinta Botol Set CMYK,1,0.1,Completed,280000.0,252000.0,166500.0
ORD-104364,2025-12-25,Jakarta,Offline,C00147,Retail,SR02,Printer & Tinta,Tinta Botol Set CMYK,1,0.0,Completed,280000.0,280000.0,163100.0
ORD-104365,2025-12-25,Sulawesi,Offline,K0100,Korporat,SR17,Printer & Tinta,Tinta Botol Set CMYK,8,0.0,Completed,280000.0,2240000.0,1335200.0
ORD-104366,2025-12-25,Kalimantan,Offline,C01912,Retail,SR14,laptop,Laptop Axio 14,2,0.0,Completed,8500000.0,17000000.0,15130400.0
ORD-104367,2025-12-25,Jakarta,Online,C01336,UMKM,SYS-ONLINE,Printer & Tinta,Printer InkJet P200,2,0.2,Completed,2100000.0,3360000.0,
ORD-104368,2025-12-25,Kalimantan,Online,C02359,Retail,SYS-ONLINE,Smartphone,Smartphone Lumo X,2,0.2,Completed,5500000.0,8800000.0,9630800.0
ORD-104369,2025-12-26,Sumatera,Online,C01273,UMKM,SYS-ONLINE,Smartphone,Smartphone Lumo A5,2,0.05,Completed,2800000.0,5320000.0,4795600.0
ORD-104370,2025-12-26,Jawa Barat,Online,C01734,UMKM,SYS-ONLINE,Laptop,Laptop Axio 14,2,0.0,Completed,8500000.0,17000000.0,15277200.0
ORD-104371,2025-12-26,Jawa Barat,Offline,C01787,Retail,SR05,Printer & Tinta,Printer InkJet P200,1,0.0,Completed,2100000.0,2100000.0,1725100.0
ORD-104372,2025-12-26,Jawa Barat,online,C00399,UMKM,SYS-ONLINE,Peralatan Kantor,Kertas A4 80gsm (rim),10,0.05,Completed,55000.0,522500.0,377000.0
ORD-104373,2025-12-26,Sumatera,Online,C00806,UMKM,SYS-ONLINE,Smartphone,Smartphone Lumo X,3,0.05,Completed,5500000.0,15675000.0,14475600.0
ORD-104374,2025-12-26,Jakarta,Offline,C01909,Retail,SR01,Printer & Tinta,Tinta Botol Set CMYK,1,0.0,Completed,280000.0,280000.0,163200.0
ORD-104375,2025-12-26,Sulawesi,Offline,C00850,UMKM,SR17,Aksesoris,Power Bank 20000mAh,8,0.05,Completed,320000.0,2432000.0,1599200.0
ORD-104376,2025-12-26,DKI Jakarta,Online,K0068,Korporat,SYS-ONLINE,Peralatan Kantor,Kertas A4 80gsm (rim),111,0.08,Completed,55000.0,5616600.0,4273500.0
ORD-104377,2025-12-26,Jakarta,Online,C02241,Retail,SYS-ONLINE,Aksesoris,Headset USB H3,5,0.05,Completed,350000.0,1662500.0,1043000.0
ORD-104378,2025-12-26,Jawa Barat,Offline,C01416,UMKM,SR05,Peralatan Kantor,Kertas A4 80gsm (rim),7,0.0,Completed,55000.0,385000.0,266700.0
ORD-104379,2025-12-26,Jawa Barat,Offline,C01232,UMKM,SR05,Networking,Switch 8 Port S8,10,0.0,Completed,450000.0,4500000.0,
ORD-104380,2025-12-26,Jawa Barat,Offline,C01069,UMKM,SR04,Networking,Switch 8 Port S8,3,0.05,Completed,450000.0,1282500.0,
ORD-104381,2025-12-26,Jakarta,Offline,C02271,UMKM,SR01,Aksesoris,Power Bank 20000mAh,1,0.05,Completed,320000.0,304000.0,199500.0
ORD-106967,2025-12-26,Jawa Barat,Offline,C01232,UMKM,SR05,Networking,Switch 8 Port S8,10,0.0,Completed,450000.0,4500000.0,3011000.0
ORD-104382,2025-12-27,Sumatera,Offline,C00549,Retail,SR10,Smartphone,Smartphone Lumo X,1,0.05,Completed,5500000.0,5225000.0,4734300.0
ORD-104383,2025-12-27,Kalimantan,Offline,C00095,UMKM,SR15,Laptop,Laptop Axio 14,3,0.0,Completed,8500000.0,25500000.0,23000100.0
ORD-104384,2025-12-27,Sumatera,Offline,K0177,Korporat,SR10,Peralatan Kantor,Kursi Ergonomis E1,18,0.05,Completed,1900000.0,32490000.0,23646600.0
ORD-104385,2025-12-27,Sumatera,Offline,C00287,UMKM,SR12,Networking,Switch 8 Port S8,12,0.0,Completed,450000.0,5400000.0,3591600.0
ORD-104386,2025-12-27,Jawa Timur,Offline,K0104,Korporat,SR07,Printer & Tinta,Printer InkJet P200,4,10.0,Completed,2100000.0,7560000.0,6840800.0
ORD-104387,2025-12-27,Jawa Timur,Offline,C02065,Retail,SR08,Aksesoris,Keyboard Mekanik K7,3,0.0,Completed,650000.0,1950000.0,
ORD-104388,2025-12-27,Jakarta,Offline,C00389,Retail,SR03,Printer&Tinta,Tinta Botol Set CMYK,1,0.05,Completed,280000.0,266000.0,163700.0
ORD-104389,2025-12-27,Jakarta,Offline,C01265,Retail,SR01,Networking,Router WiFi 6 R600,4,0.05,Cancelled,1200000.0,4560000.0,3425600.0
ORD-104390,2025-12-27,DKI Jakarta,Offline,K0177,Korporat,SR01,Peralatan Kantor,Kursi Ergonomis E1,24,0.0,Completed,1900000.0,45600000.0,31358400.0
ORD-104391,2025-12-27,Jakarta,Offline,K0058,Korporat,SR01,Aksesoris,Mouse Wireless M20,40,0.0,Completed,180000.0,7200000.0,4180000.0
ORD-104392,2025-12-27,Jakarta,Online,C01363,UMKM,SYS-ONLINE,Aksesoris,Keyboard Mekanik K7,12,0.25,Completed,650000.0,5850000.0,4789200.0
ORD-104393,2025-12-27,Jakarta,Offline,C00324,Retail,SR02,Aksesoris,Power Bank 20000mAh,3,0.0,Completed,320000.0,960000.0,597900.0
ORD-104394,2025-12-28,SULAWESI,Offline,C02255,Retail,SR17,Smartphone,Smartphone Lumo A5,1,0.0,Completed,2800000.0,2800000.0,2431500.0
ORD-104395,2025-12-28,Jakarta,Offline,C00741,UMKM,SR03,Printer & Tinta,Tinta Botol Set CMYK,3,0.0,Completed,280000.0,840000.0,490800.0
ORD-104396,2025-12-28,Jakarta,Offline,C02153,Retail,SR02,Networking,Switch 8 Port S8,1,0.05,Completed,450000.0,427500.0,301100.0
ORD-104397,2025-12-28,Jakarta,Online,C01890,UMKM,SYS-ONLINE,Printer & Tinta,Tinta Botol Set CMYK,2,0.05,Completed,280000.0,532000.0,329200.0
ORD-104398,2025-12-28,Jakarta,Online,C01734,Retail,SYS-ONLINE,Smartphone,Smartphone Lumo X,1,0.0,Completed,5500000.0,5500000.0,4809700.0
ORD-104399,2025-12-28,Sulawesi,Offline,C01840,UMKM,SR18,Printer & Tinta,Tinta Botol Set CMYK,3,0.0,Completed,280000.0,840000.0,493500.0
ORD-104400,2025-12-28,Jakarta,Offline,C01571,UMKM,SR03,Aksesoris,Power Bank 20000mAh,2,0.1,Completed,320000.0,576000.0,398200.0
ORD-104401,2025-12-28,Jawa Timur,Offline,C01841,Retail,SR09,Peralatan Kantor,Kursi Ergonomis E1,1,0.0,Completed,1900000.0,1900000.0,1287500.0
ORD-104402,2025-12-28,Jawa Timur,Offline,C00817,Retail,SR09,Smartphone,Smartphone Lumo X,2,0.0,Completed,5500000.0,11000000.0,9479200.0
ORD-104403,2025-12-28,Kalimantan,Online,C01425,Retail,SYS-ONLINE,Printer & Tinta,Printer InkJet P200,2,0.1,Completed,2100000.0,3780000.0,3434200.0
ORD-104404,2025-12-28,Jawa Timur,Online,C02099,Retail,SYS-ONLINE,Aksesoris,Keyboard Mekanik K7,3,0.0,Completed,650000.0,1950000.0,1212000.0
RET-104268,2025-12-28,Jakarta,Online,C01052,UMKM,SYS-ONLINE,Printer & Tinta,Tinta Botol Set CMYK,-5,0.1,Returned,280000.0,-1260000.0,-827500.0
ORD-104405,2025-12-29,Kalimantan,Online,C00430,Retail,SYS-ONLINE,Aksesoris,Keyboard Mekanik K7,3,0.15,Completed,650000.0,1657500.0,1215000.0
ORD-104406,2025-12-29,Jakarta,Offline,K0011,Korporat,SR02,Aksesoris,Headset USB H3,42,0.05,Completed,350000.0,13965000.0,8723400.0
ORD-104407,2025-12-29,Jawa Timur,Offline,C01887,Retail,SR09,Laptop,Laptop Axio Pro 15,2,0.0,Completed,13000000.0,26000000.0,22982800.0
ORD-104408,2025-12-29,Kalimantan,Offline,C00168,Retail,SR14,Networking,Router WiFi 6 R600,3,0.0,Completed,1200000.0,3600000.0,
ORD-104409,2025-12-29,Jakarta,Offline,C02175,Retail,SR03,Aksesoris,Mouse Wireless M20,5,0.05,Completed,180000.0,855000.0,529000.0
ORD-104410,2025-12-29,Sumatra,Offline,C01632,Retail,SR11,Aksesoris,Headset USB H3,1,0.0,Completed,350000.0,350000.0,210300.0
ORD-104411,2025-12-29,Jawa Barat,Online,C02025,Retail,SYS-ONLINE,Networking,Router WiFi 6 R600,2,0.1,Completed,1200000.0,2160000.0,
ORD-104412,2025-12-29,Jawa Barat,Offline,C00785,UMKM,SR05,Networking,Router WiFi 6 R600,10,0.0,Completed,1200000.0,12000000.0,
ORD-104413,2025-12-29,DKI Jakarta,Online,C00638,Retail,SYS-ONLINE,Aksesoris,Headset USB H3,2,0.05,Completed,350000.0,665000.0,416200.0
ORD-104414,2025-12-29,Sulawesi,Offline,C02225,Retail,SR18,Laptop,Laptop Veno 13,1,0.0,Completed,6200000.0,6200000.0,5543100.0
ORD-104415,2025-12-29,Jawa Barat,Online,C00873,Retail,SYS-ONLINE,Aksesoris,Headset USB H3,4,0.2,Completed,350000.0,1120000.0,832400.0
ORD-104416,2025-12-29,Sumatera,Offline,C00453,Retail,SR11,Printer & Tinta,Printer InkJet P200,2,5.0,Completed,2100000.0,3990000.0,3440200.0
ORD-104417,2025-12-29,Jawa Timur,Offline,C00072,Retail,SR08,Peralatan Kantor,Kursi Ergonomis E1,2,0.0,Cancelled,1900000.0,3800000.0,2561000.0
ORD-104418,2025-12-29,Kalimantan,Offline,K0026,Korporat,SR13,Networking,Router WiFi 6 R600,20,0.0,Completed,1200000.0,24000000.0,17236000.0
ORD-104419,2025-12-29,Kalimantan,Offline,C01696,Retail,SR15,Laptop,Laptop Axio Pro 15,2,0.0,Cancelled,13000000.0,26000000.0,23054800.0
ORD-104420,2025-12-29,Jakarta,Online,C00031,Retail,SYS-ONLINE,Printer & Tinta,Printer InkJet P200,1,0.0,Completed,2100000.0,2100000.0,1704200.0
ORD-104421,2025-12-30,Jakarta,Offline,C01977,Retail,SR01,Smartphone,Smartphone Lumo X,1,0.0,Completed,5500000.0,5500000.0,4866200.0
ORD-104422,2025-12-30,Jawa Barat,Offline,C00228,UMKM,SR04,Peralatan Kantor,Kursi Ergonomis E1,12,0.0,Completed,1900000.0,22800000.0,15492000.0
ORD-104423,2025-12-30,Sulawesi,Offline,C02276,UMKM,SR17,Aksesoris,Keyboard Mekanik K7,5,0.1,Completed,650000.0,2925000.0,1976500.0
ORD-104424,2025-12-30,Jawa Timur,E-Commerce,C02013,Retail,SYS-ONLINE,Smartphone,Smartphone Lumo X,2,0.0,Completed,5500000.0,11000000.0,9710200.0
ORD-104425,2025-12-30,Jawa Timur,Offline,C02373,Retail,SR07,networking,Switch 8 Port S8,4,25.0,Completed,450000.0,1350000.0,1183600.0
ORD-104426,2025-12-30,Sulawesi,Offline,K0017,Korporat,SR17,Aksesoris,Power Bank 20000mAh,8,0.0,Completed,320000.0,2560000.0,1592000.0
ORD-104427,2025-12-30,Jawa Barat,Offline,C00781,Retail,SR05,Networking,Router WiFi 6 R600,2,0.1,Completed,1200000.0,2160000.0,1709400.0
ORD-104428,2025-12-30,Jawa Timur,Online,C00341,Retail,SYS-ONLINE,Networking,Switch 8 Port S8,3,0.05,Completed,450000.0,1282500.0,
ORD-104429,2025-12-30,Jawa Timur,Offline,C00198,Retail,SR09,Printer & Tinta,Tinta Botol Set CMYK,2,0.3,Completed,280000.0,392000.0,332600.0
ORD-104430,2025-12-30,Jakarta,online,C00985,Retail,SYS-ONLINE,Smartphone,Smartphone Lumo X,2,0.2,Completed,5500000.0,8800000.0,9699400.0
ORD-104431,2025-12-30,Jawa Timur,Online,C00911,Retail,SYS-ONLINE,Peralatan Kantor,Kursi Ergonomis E1,4,0.1,Cancelled,1900000.0,6840000.0,5139600.0
ORD-104432,2025-12-30,Jawa Timur,Offline,C01485,Retail,SR09,Peralatan Kantor,Kertas A4 80gsm (rim),3,0.0,Completed,55000.0,165000.0,113100.0
ORD-104433,2025-12-30,Jawa Timur,E-Commerce,K0050,Korporat,SYS-ONLINE,Laptop,Laptop Veno 13,10,0.2,Completed,6200000.0,49600000.0,55268000.0
ORD-104434,2025-12-30,DKI Jakarta,Offline,C01988,Retail,SR01,networking,Router WiFi 6 R600,3,0.0,Completed,1200000.0,3600000.0,
ORD-104435,2025-12-30,Jawa Barat,Online,C02376,Retail,SYS-ONLINE,Peralatan Kantor,Kursi Ergonomis E1,5,0.25,Completed,1900000.0,7125000.0,6479000.0
ORD-104436,2025-12-30,Jakarta,Offline,C01499,UMKM,SR03,Aksesoris,Headset USB H3,5,0.05,Completed,350000.0,1662500.0,1046500.0
ORD-104436,2025-12-30,Jakarta,Offline,C01499,UMKM,SR03,Aksesoris,Headset USB H3,5,0.05,Completed,350000.0,1662500.0,1046500.0
ORD-104437,2025-12-31,Jawa Timur,Offline,C01193,Retail,SR09,Smartphone,Smartphone Lumo X,1,0.25,Completed,5500000.0,4125000.0,4855000.0
ORD-104438,2025-12-31,Jawa Barat,Offline,K0107,Korporat,SR06,Aksesoris,Mouse Wireless M20,5,0.0,Cancelled,180000.0,900000.0,522500.0
ORD-104439,2025-12-31,Jakarta,Offline,C00495,UMKM,SR01,Laptop,Laptop Axio 14,5,0.05,Completed,8500000.0,40375000.0,38118000.0
ORD-104440,2025-12-31,Jakarta,Online,C02137,Retail,SYS-ONLINE,Networking,Switch 8 Port S8,4,0.1,Completed,450000.0,1620000.0,
ORD-104441,2025-12-31,Jakarta,Online,C01900,Retail,SYS-ONLINE,Aksesoris,Mouse Wireless M20,4,0.1,Completed,180000.0,648000.0,416400.0
ORD-104441,2025-12-31,Jakarta,Online,C01900,Retail,SYS-ONLINE,Aksesoris,Mouse Wireless M20,4,0.1,Completed,180000.0,648000.0,416400.0
ORD-104442,2025-12-31,Jakarta,Online,C01043,UMKM,SYS-ONLINE,Networking,Switch 8 Port S8,1,0.05,Completed,450000.0,427500.0,301100.0
ORD-104443,2025-12-31,Sulawesi,Offline,K0079,Korporat,SR18,Peralatan Kantor,Kursi Ergonomis E1,23,0.0,Completed,1900000.0,43700000.0,30136900.0
ORD-104444,2025-12-31,jakarta,Online,C01575,Retail,SYS-ONLINE,Smartphone,Smartphone Lumo X,2,0.25,Completed,5500000.0,8250000.0,9592600.0
ORD-104445,2025-12-31,Jatim,Online,C00899,UMKM,SYS-ONLINE,Peralatan Kantor,Kursi Ergonomis E1,12,0.0,Completed,1900000.0,22800000.0,15721200.0
ORD-104446,2025-12-31,Jawa Timur,Online,C02192,Retail,SYS-ONLINE,Printer & Tinta,Printer InkJet P200,1,0.05,Completed,2100000.0,1995000.0,1708500.0
ORD-104447,2025-12-31,Jakarta,Online,K0143,Korporat,SYS-ONLINE,Smartphone,Smartphone Lumo A5,4,0.1,Completed,2800000.0,10080000.0,9742400.0
ORD-104448,2025-12-31,Kalimantan,Offline,C02316,UMKM,SR15,Networking,Switch 8 Port S8,10,5.0,Completed,450000.0,4275000.0,
ORD-104449,2025-12-31,Jawa Barat,Offline,C01991,Retail,SR04,Aksesoris,Headset USB H3,2,0.0,Completed,350000.0,700000.0,424000.0
ORD-104450,2025-12-31,Kalimantan,Offline,C01059,Retail,SR15,Peralatan Kantor,Kursi Ergonomis E1,5,0.0,Completed,1900000.0,9500000.0,6577500.0
RET-104335,2025-12-31,jawa timur,Offline,K0119,Korporat,SR07,Aksesoris,Power Bank 20000mAh,-141,10.0,Returned,320000.0,-40608000.0,-28030800.0
ORD-104451,2026-01-01,Jawa Timur,Online,C02171,Retail,SYS-ONLINE,Laptop,Laptop Veno 13,1,0.1,Completed,6200000.0,5580000.0,5600600.0
ORD-104452,2026-01-01,Jawa Timur,Online,C01612,Retail,SYS-ONLINE,Smartphone,Smartphone Lumo X,1,0.25,Completed,5500000.0,4125000.0,4788400.0
ORD-104453,2026-01-01,Jakarta,Offline,C00683,Retail,SR02,aksesoris ,Headset USB H3,4,0.05,Completed,350000.0,1330000.0,830800.0
ORD-104454,2026-01-01,Jawa Timur,Offline,C01325,Retail,SR08,Laptop,Laptop Axio 14,1,0.3,Completed,8500000.0,5950000.0,7711800.0
ORD-104455,2026-01-01,Jawa Timur,Offline,C01049,Retail,SR09,Smartphone,Smartphone Lumo X,2,0.0,Completed,5500000.0,11000000.0,9576200.0
ORD-104456,2026-01-01,Jawa Timur,Offline,C00636,UMKM,SR09,Smartphone,Smartphone Lumo A5,5,0.05,Completed,2800000.0,13300000.0,12088000.0
ORD-104457,2026-01-01,Jawa Timur,Offline,C01227,UMKM,SR09,Networking,Switch 8 Port S8,8,0.05,Completed,450000.0,3420000.0,
ORD-104458,2026-01-01,Jakarta,Offline,C00549,UMKM,SR01,Peralatan Kantor,Kertas A4 80gsm (rim),13,0.0,Completed,55000.0,715000.0,491400.0
ORD-104459,2026-01-01,Jawa Barat,Offline,K0149,Korporat,SR05,Aksesoris,Power Bank 20000mAh,2,0.0,Completed,320000.0,640000.0,399400.0
ORD-104460,2026-01-01,Sumatera,Offline,C01257,UMKM,SR12,Smartphone,Smartphone Lumo X,2,0.0,Completed,5500000.0,11000000.0,9638200.0
ORD-104461,2026-01-01,Jawa Barat,Offline,C02150,UMKM,SR04,Smartphone,Smartphone Lumo X,5,0.0,Completed,5500000.0,27500000.0,24236000.0
ORD-104706,2026-02-01,Sulawesi,Offline,C00076,Retail,SR18,Smartphone,Smartphone Lumo X,1,0.1,Completed,5500000.0,4950000.0,4756200.0
ORD-104707,2026-02-01,Jawa Barat,Offline,C01110,Retail,SR06,Laptop,Laptop Axio Pro 15,2,0.0,Completed,13000000.0,26000000.0,23399600.0
ORD-104708,2026-02-01,Jawa Timur,Offline,C00255,UMKM,SR09,Laptop,Laptop Axio Pro 15,2,0.0,Completed,13000000.0,26000000.0,23445600.0
ORD-104709,2026-02-01,Jawa Barat,Offline,C00948,Retail,SR05,Printer & Tinta,Tinta Botol Set CMYK,2,0.1,Completed,280000.0,504000.0,332600.0
ORD-104710,2026-02-01,Jawa Timur,Offline,C00670,UMKM,SR08,LAPTOP,Laptop Axio 14,2,0.0,Completed,8500000.0,17000000.0,15323400.0
ORD-104711,2026-02-01,Sulawesi,Online,C01720,Retail,SYS-ONLINE,Printer & Tinta,Tinta Botol Set CMYK,1,0.15,Completed,280000.0,238000.0,163200.0
ORD-104712,2026-02-01,Jawa Timur,Online,C01659,UMKM,SYS-ONLINE,Laptop,Laptop Axio 14,3,0.0,Completed,8500000.0,25500000.0,22666200.0
ORD-104713,2026-02-01,Sumatera,Online,C01240,UMKM,SYS-ONLINE,Smartphone,Smartphone Lumo A5,5,0.0,Completed,2800000.0,14000000.0,12042500.0
ORD-104714,2026-02-01,Sumatera,Offline,C02105,UMKM,SR11,Smartphone,Smartphone Lumo A5,3,0.0,Completed,2800000.0,8400000.0,7243800.0
RET-104661,2026-02-01,Jakarta,Online,C02188,Retail,SYS-ONLINE,Printer & Tinta,Printer InkJet P200,-1,0.05,Returned,2100000.0,-1995000.0,-1680200.0
ORD-105001,2026-03-01,SULAWESI,Online,C02215,Retail,SYS-ONLINE,Aksesoris,Keyboard Mekanik K7,1,0.1,Completed,650000.0,585000.0,400500.0
ORD-105002,2026-03-01,Sulawesi,Online,C00072,Retail,SYS-ONLINE,Laptop,Laptop Axio 14,1,0.2,Completed,8500000.0,6800000.0,7569100.0
ORD-105003,2026-03-01,Jawa Timur,Online,C01754,Retail,SYS-ONLINE,aksesoris ,Mouse Wireless M20,4,0.05,Completed,180000.0,684000.0,420800.0
ORD-105004,2026-03-01,Jawa Timur,Offline,C01992,Retail,SR09,Aksesoris,Headset USB H3,5,0.2,Completed,350000.0,1400000.0,1034500.0
ORD-105005,2026-03-01,Jawa Timur,Offline,K0045,Korporat,SR08,Laptop,Laptop Veno 13,8,0.0,Completed,6200000.0,49600000.0,43898400.0
ORD-105006,2026-03-01,Jawa Timur,Offline,C02375,UMKM,SR08,Networking,Switch 8 Port S8,13,0.2,Completed,450000.0,4680000.0,3842800.0
ORD-105007,2026-03-01,Jawa Barat,Online,K0075,Korporat,SYS-ONLINE,Laptop,Laptop Axio 14,8,0.0,Completed,8500000.0,68000000.0,61141600.0
ORD-105008,2026-03-01,Jawa Barat,Offline,C00310,Retail,SR04,Laptop,Laptop Veno 13,1,0.0,Completed,6200000.0,6200000.0,5469400.0
ORD-105009,2026-03-01,Sumatera,Offline,C01885,Retail,SR11,Networking,Switch 8 Port S8,5,5.0,Completed,450000.0,2137500.0,1519500.0
ORD-105010,2026-03-01,Kalimantan,Online,C00714,Retail,SYS-ONLINE,Aksesoris,Keyboard Mekanik K7,2,0.3,Completed,650000.0,910000.0,794200.0
ORD-105011,2026-03-01,Jawa Timur,Online,C01432,UMKM,SYS-ONLINE,Peralatan Kantor,Kertas A4 80gsm (rim),14,0.3,Completed,55000.0,539000.0,534800.0
ORD-105012,2026-03-01,Sumatera,Online,C01576,UMKM,SYS-ONLINE,Networking,Router WiFi 6 R600,11,0.2,Completed,1200000.0,10560000.0,
ORD-105013,2026-03-01,Kalimantan,Offline,C01766,Retail,SR13,Peralatan Kantor,Kursi Ergonomis E1,3,0.05,Completed,1900000.0,5415000.0,3841800.0
ORD-105014,2026-03-01,Sumatera,Offline,K0168,Korporat,SR11,Laptop,Laptop Axio Pro 15,5,0.0,Completed,13000000.0,65000000.0,57527500.0
ORD-105015,2026-03-01,Jakarta,Online,C01451,Retail,SYS-ONLINE,Aksesoris,Keyboard Mekanik K7,3,0.25,Completed,650000.0,1462500.0,1201200.0
ORD-105406,2026-04-01,Jakarta,Online,C00140,Retail,SYS-ONLINE,Aksesoris,Mouse Wireless M20,4,0.15,Completed,180000.0,612000.0,417200.0
ORD-105408,2026-04-01,Jawa Barat,Online,K0097,Korporat,SYS-ONLINE,Peralatan Kantor,Kertas A4 80gsm (rim),49,0.0,Completed,55000.0,2695000.0,1866900.0
ORD-105411,2026-04-01,,Online,C01240,Retail,SYS-ONLINE,Printer & Tinta,Tinta Botol Set CMYK,2,0.1,Completed,280000.0,504000.0,329000.0
ORD-105413,2026-04-01,Jawa Timur,Online,C01526,UMKM,SYS-ONLINE,Aksesoris,Mouse Wireless M20,8,0.05,Completed,180000.0,1368000.0,850400.0
ORD-105419,2026-04-01,Sulawesi,Online,C00421,Retail,SYS-ONLINE,Peralatan Kantor,Kursi Ergonomis E1,4,0.2,Completed,1900000.0,6080000.0,5236000.0
ORD-105420,2026-04-01,Sulawesi,Online,C01523,Retail,SYS-ONLINE,Peralatan Kantor,Kursi Ergonomis E1,5,0.3,Completed,1900000.0,6650000.0,6415000.0
ORD-105650,2026-05-01,Jawa Timur,Online,C00495,UMKM,SYS-ONLINE,Smartphone,Smartphone Lumo X,4,0.3,Completed,5500000.0,15400000.0,19330800.0
ORD-105651,2026-05-01,Jawa Barat,Online,C00734,UMKM,SYS-ONLINE,Smartphone,Smartphone Lumo A5,1,0.2,Completed,2800000.0,2240000.0,2429500.0
ORD-105653,2026-05-01,Sumatera,Online,C00178,UMKM,SYS-ONLINE,Laptop,Laptop Veno 13,1,0.2,Completed,6200000.0,4960000.0,5494400.0
ORD-105654,2026-05-01,Jawa Barat,Online,C00640,Retail,SYS-ONLINE,Aksesoris,Headset USB H3,5,0.25,Completed,350000.0,1312500.0,1037000.0
ORD-105657,2026-05-01,Jawa barat ,online,C00492,Retail,SYS-ONLINE,Laptop,Laptop Veno 13,1,0.0,Completed,6200000.0,6200000.0,5569800.0
ORD-105891,2026-06-01,Jawa Barat,Online,C01887,Retail,SYS-ONLINE,Aksesoris,Headset USB H3,1,0.2,Completed,350000.0,280000.0,206900.0
ORD-106170,2026-07-01,Kalimantan,Online,C01179,Retail,SYS-ONLINE,Aksesoris,Keyboard Mekanik K7,2,0.0,Completed,650000.0,1300000.0,791600.0
ORD-106173,2026-07-01,Jakarta,Online,C01996,UMKM,SYS-ONLINE,Aksesori,Keyboard Mekanik K7,5,0.05,Completed,650000.0,3087500.0,2017000.0
ORD-106174,2026-07-01,Jakarta,Online,C00052,Retail,SYS-ONLINE,Smartphone,Smartphone Lumo X,1,0.0,Completed,5500000.0,5500000.0,4808500.0
ORD-106176,2026-07-01,Jakarta,Online,C00108,Retail,SYS-ONLINE,Laptop,Laptop Veno 13,2,0.2,Completed,6200000.0,9920000.0,11013800.0
ORD-106179,2026-07-01,,online,C01218,Retail,SYS-ONLINE,Aksesoris,Mouse Wireless M20,1,0.05,Completed,180000.0,171000.0,105100.0
ORD-106514,2026-08-01,Jakarta,online,K0033,Korporat,SYS-ONLINE,Laptop,Laptop Veno 13,5,0.2,Completed,6200000.0,24800000.0,27399000.0
ORD-106517,2026-08-01,Jakarta,Online,C01033,Retail,SYS-ONLINE,Networking,Switch 8 Port S8,2,0.0,Completed,450000.0,900000.0,602400.0
ORD-106518,2026-08-01,DKI Jakarta,Online,C00219,Retail,SYS-ONLINE,Peralatan Kantor,Kertas A4 80gsm (rim),1,0.1,Completed,55000.0,49500.0,38400.0
ORD-106520,2026-08-01,Jawa Barat,Online,C00318,UMKM,SYS-ONLINE,Smartphone,Smartphone Lumo A5,4,0.05,Completed,2800000.0,10640000.0,9608000.0
ORD-106521,2026-08-01,Jawa Timur,Online,C01759,Retail,SYS-ONLINE,Laptop,Laptop Veno 13,1,0.15,Completed,6200000.0,5270000.0,5608300.0
ORD-106813,2026-09-01,Sumatera,Online,C02214,Retail,SYS-ONLINE,laptop,Laptop Axio 14,2,0.05,Completed,8500000.0,16150000.0,15152000.0
ORD-104559,2026-01-13,Jakarta,Online,C00743,Retail,SYS-ONLINE,Peralatan Kantor,Kursi Ergonomis E1,4,0.1,Completed,1900000.0,6840000.0,5195200.0
ORD-104560,2026-01-13,Jakarta,Online,C01489,UMKM,SYS-ONLINE,Aksesoris,Headset USB H3,1,0.0,Completed,350000.0,350000.0,209500.0
ORD-104561,2026-01-13,Sumatra,Offline,C00108,UMKM,SR12,Smartphone,Smartphone Lumo X,5,0.1,Completed,5500000.0,24750000.0,23934000.0
ORD-104562,2026-01-13,Sumatera,Offline,C01370,UMKM,SR10,Aksesoris,Keyboard Mekanik K7,2,0.0,Cancelled,650000.0,1300000.0,799800.0
ORD-104563,2026-01-13,Kalimantan,E-Commerce,C00512,UMKM,SYS-ONLINE,Peralatan Kantor,Kertas A4 80gsm (rim),5,0.05,Completed,55000.0,261250.0,191000.0
ORD-104564,2026-01-13,Jawa Barat,Online,K0157,Korporat,SYS-ONLINE,Aksesoris,Headset USB H3,5,0.0,Completed,350000.0,1750000.0,1055500.0
RET-104470,2026-01-13,Sulawesi,Offline,C01680,Retail,SR18,Peralatan Kantor,Kursi Ergonomis E1,-2,0.1,Returned,1900000.0,-3420000.0,-2575800.0
ORD-104565,2026-01-14,Kalimantan,Online,C01593,UMKM,SYS-ONLINE,Networking,Router WiFi 6 R600,5,0.3,Completed,1200000.0,4200000.0,
ORD-104566,2026-01-14,Jawa Timur,Offline,C01372,UMKM,SR08,Laptop,Laptop Veno 13,1,0.0,Completed,6200000.0,6200000.0,5484900.0
ORD-104567,2026-01-14,Jakarta,Online,C00497,Retail,SYS-ONLINE,Laptop,Laptop Axio 14,2,0.25,Completed,8500000.0,12750000.0,15027000.0
ORD-104568,2026-01-14,Sumatera,Online,C00559,Retail,SYS-ONLINE,Networking,Switch 8 Port S8,5,0.1,Completed,450000.0,2025000.0,
ORD-104569,2026-01-14,Sumatera,Offline,C00164,Retail,SR10,Aksesoris,Keyboard Mekanik K7,5,0.0,Completed,650000.0,3250000.0,2004500.0
ORD-104570,2026-01-14,Jawa Barat,Offline,C02094,Retail,SR04,Laptop,Laptop Veno 13,1,0.05,Completed,6200000.0,5890000.0,5494000.0
ORD-104571,2026-01-14,Sumatera,Offline,C01631,Retail,SR11,Printer & Tinta,Printer InkJet P200,1,0.0,Completed,2100000.0,2100000.0,1699200.0
ORD-104572,2026-01-14,Jawa Timur,Offline,K0130,Korporat,SR09,Peralatan Kantor,Kursi Ergonomis E1,13,0.2,Completed,1900000.0,19760000.0,17039100.0
ORD-104573,2026-01-15,Jawa Barat,Offline,C01083,Retail,SR05,Smartphone,Smartphone Lumo A5,1,0.0,Completed,2800000.0,2800000.0,2417500.0
ORD-104574,2026-01-15,Jakarta,Offline,C01873,Retail,SR01,Aksesoris,Headset USB H3,4,0.0,Completed,350000.0,1400000.0,850000.0
ORD-104575,2026-01-15,Jawa Barat,Online,C02259,Retail,SYS-ONLINE,Smartphone,Smartphone Lumo X,1,0.2,Completed,5500000.0,4400000.0,4793500.0
ORD-104576,2026-01-15,Sulawesi,Online,C02347,UMKM,SYS-ONLINE,Smartphone,Smartphone Lumo A5,5,0.0,Cancelled,2800000.0,14000000.0,12066500.0
ORD-104576,2026-01-15,Sulawesi,Online,C02347,UMKM,SYS-ONLINE,Smartphone,Smartphone Lumo A5,5,0.0,Cancelled,2800000.0,14000000.0,12066500.0
ORD-104577,2026-01-15,Jawa Timur,Online,C00554,UMKM,SYS-ONLINE,Smartphone,Smartphone Lumo X,5,0.1,Completed,5500000.0,24750000.0,24237000.0
ORD-104578,2026-01-15,Jakarta,E-Commerce,C01618,Retail,SYS-ONLINE,Peralatan Kantor,Kertas A4 80gsm (rim),2,0.05,Completed,55000.0,104500.0,76000.0
ORD-104579,2026-01-15,Jawa Barat,Offline,C00307,Retail,SR06,Aksesoris,Mouse Wireless M20,2,0.05,Completed,180000.0,342000.0,213000.0
ORD-104580,2026-01-15,Sumatera,Offline,C00743,Retail,SR10,Laptop,Laptop Veno 13,2,0.0,Completed,6200000.0,12400000.0,11186800.0
ORD-104581,2026-01-15,Kalimantan,Offline,C02086,UMKM,SR14,Aksesoris,Keyboard Mekanik K7,6,0.0,Completed,650000.0,3900000.0,2376000.0
ORD-104582,2026-01-15,Sulawesi,Offline,C02151,Retail,SR16,Laptop,Laptop Veno 13,2,0.0,Completed,6200000.0,12400000.0,11204600.0
ORD-104583,2026-01-15,Sumatera,Offline,C01773,Retail,SR12,LAPTOP,Laptop Axio Pro 15,2,0.0,Completed,13000000.0,26000000.0,23153600.0
ORD-104584,2026-01-15,Jawa Timur,Offline,C01981,UMKM,SR07,Smartphone,Smartphone Lumo X,1,10.0,Completed,5500000.0,4950000.0,4761200.0
ORD-104585,2026-01-16,Jawa Barat,Online,C00110,Retail,SYS-ONLINE,Aksesoris,Keyboard Mekanik K7,2,0.25,Completed,650000.0,975000.0,806200.0
ORD-104586,2026-01-16,Jakarta,Offline,C00813,Retail,SR01,aksesoris ,Power Bank 20000mAh,4,0.0,Completed,320000.0,1280000.0,810800.0
ORD-104587,2026-01-16,Jawa Timur,Online,C01527,Retail,SYS-ONLINE,Peralatan Kantor,Kertas A4 80gsm (rim),2,0.0,Completed,55000.0,110000.0,76200.0
ORD-104587,2026-01-16,Jawa Timur,Online,C01527,Retail,SYS-ONLINE,Peralatan Kantor,Kertas A4 80gsm (rim),2,0.0,Completed,55000.0,110000.0,76200.0
ORD-104588,2026-01-16,DKI Jakarta,Offline,C00540,Retail,SR01,Peralatan Kantor,Kertas A4 80gsm (rim),1,0.0,Completed,55000.0,55000.0,37700.0
ORD-104589,2026-01-16,Jakarta,Offline,C01426,Retail,SR01,Networking,Router WiFi 6 R600,2,0.0,Completed,1200000.0,2400000.0,
ORD-104590,2026-01-16,Sumatera,Online,C01787,Retail,SYS-ONLINE,Printer & Tinta,Printer InkJet P200,2,0.1,Completed,2100000.0,3780000.0,3389400.0
ORD-104591,2026-01-16,Jawa Timur,Offline,C02181,Retail,SR07,Laptop,Laptop Axio Pro 15,1,30.0,Completed,13000000.0,9100000.0,11598900.0
ORD-104592,2026-01-17,Jakarta,Online,C00870,Retail,SYS-ONLINE,Printer & Tinta,Printer InkJet P200,2,0.05,Completed,2100000.0,3990000.0,3356000.0
ORD-104593,2026-01-17,Jawa Barat,Offline,C00723,Retail,SR04,Networking,Switch 8 Port S8,3,0.0,Completed,450000.0,1350000.0,
ORD-104594,2026-01-17,Jawa Barat,Online,C01705,Retail,SYS-ONLINE,Printer & Tinta,Printer InkJet P200,1,0.2,Completed,2100000.0,1680000.0,1699200.0
ORD-104595,2026-01-17,Jawa Barat,Online,C01413,Retail,SYS-ONLINE,Peralatan Kantor,Kursi Ergonomis E1,5,0.0,Completed,1900000.0,9500000.0,6434000.0
ORD-104596,2026-01-17,Jakarta,Offline,C01491,UMKM,SR03,Smartphone,Smartphone Lumo X,3,0.1,Completed,5500000.0,14850000.0,14546700.0
ORD-104597,2026-01-17,Jakarta,Offline,C00917,Retail,SR03,Aksesoris,Keyboard Mekanik K7,4,0.05,Completed,650000.0,2470000.0,1588000.0
ORD-104598,2026-01-17,Jakarta,Offline,C00290,Retail,SR02,Printer & Tinta,Tinta Botol Set CMYK,2,0.0,Completed,280000.0,560000.0,331000.0
ORD-104599,2026-01-17,Jawa Timur,Offline,C02196,Retail,SR08,Printer & Tinta,Printer InkJet P200,1,0.0,Completed,2100000.0,2100000.0,1717300.0
ORD-104600,2026-01-17,jawa timur,Offline,C02059,UMKM,SR08,Aksesoris,Mouse Wireless M20,7,0.0,Completed,180000.0,1260000.0,739200.0
ORD-104601,2026-01-17,Jawa Barat,Offline,C00037,UMKM,SR04,Smartphone,Smartphone Lumo A5,4,0.0,Completed,2800000.0,11200000.0,9741200.0
ORD-104602,2026-01-17,Sulawesi,Offline,C01011,Retail,SR17,Printer & Tinta,Tinta Botol Set CMYK,2,0.05,Completed,280000.0,532000.0,334200.0
ORD-106960,2026-01-17,Jakarta,Offline,C00917,Retail,SR03,Aksesoris,Keyboard Mekanik K7,4,0.05,Completed,650000.0,2470000.0,1580800.0
RET-104572,2026-01-17,Jawa Timur,Offline,K0130,Korporat,SR09,Peralatan Kantor,Kursi Ergonomis E1,-13,0.2,Returned,1900000.0,-19760000.0,-17039100.0
ORD-104603,2026-01-18,Sumatra,Offline,C00887,UMKM,SR11,Aksesoris,Keyboard Mekanik K7,14,0.0,Completed,650000.0,9100000.0,5544000.0
ORD-104604,2026-01-18,Sumatra,Offline,C00165,Retail,SR12,Laptop,Laptop Axio Pro 15,2,0.1,Completed,13000000.0,23400000.0,23284600.0
ORD-104605,2026-01-18,Jawa Barat,Offline,C01824,UMKM,SR06,Smartphone,Smartphone Lumo A5,4,0.0,Completed,2800000.0,11200000.0,9696400.0
ORD-104606,2026-01-18,Jawa Barat,Offline,C02376,Retail,SR06,Aksesoris,Keyboard Mekanik K7,5,0.05,Completed,650000.0,3087500.0,2027000.0
ORD-104607,2026-01-19,Jakarta,Offline,C01140,Retail,SR01,Smartphone,Smartphone Lumo A5,2,0.0,Completed,2800000.0,5600000.0,4818800.0
ORD-104608,2026-01-19,Jawa Timur,Offline,C00661,Retail,SR07,Aksesoris,Power Bank 20000mAh,4,0.0,Completed,320000.0,1280000.0,795200.0
ORD-104609,2026-01-19,Jawa Barat,Offline,C01769,Retail,SR05,Peralatan Kantor,Kertas A4 80gsm (rim),5,0.0,Completed,55000.0,275000.0,191000.0
ORD-104610,2026-01-19,Jakarta,Online,C00480,UMKM,SYS-ONLINE,Aksesori,Keyboard Mekanik K7,2,0.3,Completed,650000.0,910000.0,807400.0
ORD-104611,2026-01-19,Jawa Timur,Offline,K0083,Korporat,SR09,Aksesoris,Headset USB H3,13,0.0,Completed,350000.0,4550000.0,2693600.0
ORD-104612,2026-01-19,Jakarta,Online,C01592,Retail,SYS-ONLINE,Networking,Switch 8 Port S8,3,0.25,Completed,450000.0,1012500.0,
ORD-104613,2026-01-19,Jawa Barat,Offline,C00122,Retail,SR05,Smartphone,Smartphone Lumo X,1,0.05,Completed,5500000.0,5225000.0,4756300.0
ORD-104614,2026-01-20,Jawa Timur,Online,C02047,Retail,SYS-ONLINE,Aksesoris,Headset USB H3,2,0.1,Completed,350000.0,630000.0,418600.0
ORD-104615,2026-01-20,Jawa Timur,Online,K0036,Korporat,SYS-ONLINE,Smartphone,Smartphone Lumo A5,10,0.3,Completed,2800000.0,19600000.0,24600000.0
ORD-104616,2026-01-20,Jawa Timur,Online,C00395,UMKM,SYS-ONLINE,Laptop,Laptop Axio 14,5,0.15,Completed,8500000.0,36125000.0,38372000.0
ORD-104617,2026-01-20,Jakarta,Offline,C00083,UMKM,SR02,Printer & Tinta,Printer InkJet P200,2,0.0,Completed,2100000.0,4200000.0,3364600.0
ORD-104618,2026-01-20,Jawa Timur,Offline,C00589,UMKM,SR07,Aksesoris,Mouse Wireless M20,3,30.0,Completed,180000.0,378000.0,313500.0
ORD-104619,2026-01-20,Jawa Timur,Offline,C01376,Retail,SR09,Printer & Tinta,Printer InkJet P200,2,0.0,Completed,2100000.0,4200000.0,3373600.0
ORD-104620,2026-01-20,Kalimantan,Online,C01919,Retail,SYS-ONLINE,Peralatan Kantor,Kursi Ergonomis E1,1,0.15,Completed,1900000.0,1615000.0,1312800.0
ORD-104621,2026-01-20,Jawa Barat,Online,C01232,Retail,SYS-ONLINE,Networking,Router WiFi 6 R600,1,0.05,Completed,1200000.0,1140000.0,852900.0
ORD-104622,2026-01-20,Jawa Barat,Offline,K0149,Korporat,SR06,Peralatan Kantor,Kertas A4 80gsm (rim),8,0.0,Completed,55000.0,440000.0,308000.0
ORD-104623,2026-01-20,Jawa barat ,Online,C01642,UMKM,SYS-ONLINE,Aksesoris,Keyboard Mekanik K7,12,0.3,Completed,650000.0,5460000.0,4850400.0
ORD-104624,2026-01-20,Jakarta,Offline,C01394,UMKM,SR03,Peralatan Kantor,Kursi Ergonomis E1,4,0.0,Completed,1900000.0,7600000.0,5177600.0
ORD-104625,2026-01-20,Jawa Barat,Offline,C02321,UMKM,SR04,Laptop,Laptop Axio 14,2,0.05,Completed,8500000.0,16150000.0,15081000.0
ORD-104626,2026-01-21,Jakarta,Offline,C02187,Retail,SR03,Smartphone,Smartphone Lumo X,2,0.05,Completed,5500000.0,10450000.0,9723400.0
ORD-104627,2026-01-21,Jawa Timur,Offline,C00233,UMKM,SR07,Laptop,Laptop Veno 13,1,0.0,Completed,6200000.0,6200000.0,5506500.0
ORD-104628,2026-01-21,Jawa Timur,Offline,K0137,Korporat,SR07,Aksesoris,Mouse Wireless M20,25,0.0,Completed,180000.0,4500000.0,
ORD-104629,2026-01-21,Jawa Barat,Offline,C00811,UMKM,SR05,Peralatan Kantor,Kursi Ergonomis E1,4,0.05,Completed,1900000.0,7220000.0,5242800.0
ORD-104630,2026-01-21,Jakarta,Online,C00015,Retail,SYS-ONLINE,Aksesoris,Headset USB H3,2,0.25,Completed,350000.0,525000.0,414000.0
ORD-104631,2026-01-21,Kalimantan,Offline,C01599,Retail,SR15,Networking,Switch 8 Port S8,4,0.0,Completed,450000.0,1800000.0,
ORD-104632,2026-01-21,Jawa Barat,Offline,C01652,Retail,SR04,Laptop,Laptop Veno 13,2,0.05,Completed,6200000.0,11780000.0,11209600.0
ORD-104633,2026-01-22,Jawa Timur,Offline,K0061,Korporat,SR07,Peralatan Kantor,Kursi Ergonomis E1,13,0.0,Cancelled,1900000.0,24700000.0,17117100.0
ORD-104634,2026-01-22,Jawa Timur,Offline,C00825,UMKM,SR09,Printer&Tinta,Tinta Botol Set CMYK,3,0.2,Completed,280000.0,672000.0,496800.0
ORD-104635,2026-01-22,Jakarta,Offline,C02030,Retail,SR02,Peralatan Kantor,Kertas A4 80gsm (rim),4,0.1,Completed,55000.0,198000.0,151200.0
ORD-104636,2026-01-22,Sumatera,Offline,C00774,UMKM,SR11,Smartphone,Smartphone Lumo A5,3,0.0,Completed,2800000.0,8400000.0,7310700.0
ORD-104637,2026-01-23,Kalimantan,Online,C00066,Retail,SYS-ONLINE,Peralatan Kantor,Kertas A4 80gsm (rim),1,0.2,Completed,55000.0,44000.0,37800.0
ORD-104637,2026-01-23,Kalimantan,Online,C00066,Retail,SYS-ONLINE,Peralatan Kantor,Kertas A4 80gsm (rim),1,0.2,Completed,55000.0,44000.0,37800.0
ORD-104638,2026-01-23,Jakarta,Offline,C01746,Retail,SR03,Aksesoris,Mouse Wireless M20,1,0.0,Completed,180000.0,180000.0,104600.0
ORD-104639,2026-01-23,Jawa Barat,Online,C01995,Retail,SYS-ONLINE,Printer & Tinta,Tinta Botol Set CMYK,2,0.0,Completed,280000.0,560000.0,332600.0
ORD-104640,2026-01-23,Jawa Barat,Online,C01525,UMKM,SYS-ONLINE,Printer & Tinta,Tinta Botol Set CMYK,4,0.15,Completed,280000.0,952000.0,662400.0
ORD-104641,2026-01-24,Jawa Barat,Offline,C00026,Retail,SR05,Smartphone,Smartphone Lumo A5,2,0.05,Completed,2800000.0,5320000.0,4898600.0
ORD-104642,2026-01-24,Jawa Barat,Online,C01586,UMKM,SYS-ONLINE,Printer & Tinta,Printer InkJet P200,3,0.1,Completed,2100000.0,5670000.0,5161500.0
ORD-104643,2026-01-24,Jawa Barat,Offline,C01290,Retail,SR05,Aksesoris,Headset USB H3,1,0.1,Completed,350000.0,315000.0,212700.0
ORD-104644,2026-01-24,Jakarta,Offline,C01678,Retail,SR01,Aksesoris,Mouse Wireless M20,3,0.0,Completed,180000.0,540000.0,315300.0
ORD-104645,2026-01-24,Jawa Barat,Online,C00996,UMKM,SYS-ONLINE,Smartphone,Smartphone Lumo X,3,0.3,Completed,5500000.0,11550000.0,14574000.0
ORD-104646,2026-01-24,jawa timur,Online,C01972,UMKM,SYS-ONLINE,Laptop,Laptop Veno 13,1,0.2,Completed,6200000.0,4960000.0,5628900.0
ORD-104647,2026-01-24,SULAWESI,Offline,C00394,Retail,SR16,laptop,Laptop Axio 14,1,0.0,Completed,8500000.0,8500000.0,7488000.0
ORD-104648,2026-01-25,Jawa Barat,Offline,C01227,UMKM,SR05,Smartphone,Smartphone Lumo X,3,0.05,Completed,5500000.0,15675000.0,14317200.0
ORD-104649,2026-01-25,Jawa Barat,Offline,C01104,Retail,SR05,Smartphone,Smartphone Lumo A5,1,0.0,Completed,2800000.0,2800000.0,2457400.0
ORD-104650,2026-01-25,Jawa Barat,Online,C00439,Retail,SYS-ONLINE,Aksesoris,Mouse Wireless M20,4,0.05,Completed,180000.0,684000.0,426400.0
ORD-104651,2026-01-25,Jakarta,Online,C00679,Retail,SYS-ONLINE,Peralatan Kantor,Kertas A4 80gsm (rim),1,0.0,Completed,55000.0,55000.0,38500.0
ORD-104652,2026-01-25,Jawa Barat,Online,C02030,Retail,SYS-ONLINE,Laptop,Laptop Axio 14,1,0.05,Completed,8500000.0,8075000.0,7583800.0
ORD-104653,2026-01-26,Jakarta,Offline,C01818,Retail,SR03,Aksesoris,Power Bank 20000mAh,3,0.1,Completed,320000.0,864000.0,595800.0
ORD-104654,2026-01-26,Sulawesi,Offline,C01866,Retail,SR17,Aksesoris,Mouse Wireless M20,3,0.0,Completed,180000.0,540000.0,311100.0
ORD-104655,2026-01-26,Jawa Timur,Online,C01536,UMKM,SYS-ONLINE,Networking,Switch 8 Port S8,5,0.1,Completed,450000.0,2025000.0,
ORD-104656,2026-01-26,Kalimantan,Offline,C00960,Retail,SR13,Laptop,Laptop Axio Pro 15,2,0.1,Completed,13000000.0,23400000.0,23183000.0
ORD-104657,2026-01-26,jakarta,Online,C00853,Retail,SYS-ONLINE,Aksesoris,Keyboard Mekanik K7,2,0.05,Completed,650000.0,1235000.0,804600.0
ORD-104658,2026-01-26,Jakarta,Online,C01142,Retail,SYS-ONLINE,Peralatan Kantor,Kertas A4 80gsm (rim),5,0.3,Cancelled,55000.0,192500.0,191500.0
ORD-104659,2026-01-26,Sulawesi,Offline,C01884,Retail,SR18,Aksesoris,Keyboard Mekanik K7,5,0.1,Completed,650000.0,2925000.0,2005500.0
ORD-104660,2026-01-26,Jawa Timur,Offline,C02289,UMKM,SR08,Aksesoris,Headset USB H3,6,0.0,Completed,350000.0,2100000.0,1255200.0
ORD-104661,2026-01-26,Jakarta,Online,C02188,Retail,SYS-ONLINE,Printer & Tinta,Printer InkJet P200,1,0.05,Completed,2100000.0,1995000.0,1680200.0
ORD-104662,2026-01-26,Jakarta,Online,C02143,Retail,SYS-ONLINE,Printer & Tinta,Printer InkJet P200,2,0.25,Completed,2100000.0,3150000.0,3410800.0
ORD-104663,2026-01-26,Jakarta,Offline,C01635,Retail,SR03,Smartphone,Smartphone Lumo A5,2,0.0,Completed,2800000.0,5600000.0,4916600.0
RET-104617,2026-01-26,Jakarta,Offline,C00083,UMKM,SR02,Printer & Tinta,Printer InkJet P200,-2,0.0,Returned,2100000.0,-4200000.0,-3364600.0
ORD-104664,2026-01-27,Sumatera,Offline,C01389,Retail,SR12,Peralatan Kantor,Kursi Ergonomis E1,2,0.0,Completed,1900000.0,3800000.0,2579200.0
ORD-104665,2026-01-27,Jakarta,Offline,C01276,Retail,SR03,Peralatan Kantor,Kursi Ergonomis E1,3,0.0,Completed,1900000.0,5700000.0,3877500.0
ORD-104666,2026-01-27,Jawa Timur,Online,C00233,UMKM,SYS-ONLINE,Networking,Switch 8 Port S8,10,0.1,Completed,450000.0,4050000.0,3039000.0
ORD-104667,2026-01-28,Jatim,Online,C02374,Retail,SYS-ONLINE,Smartphone,Smartphone Lumo X,100,0.1,Completed,5500000.0,495000000.0,474780000.0
ORD-104668,2026-01-28,Jakarta,Online,K0176,Korporat,SYS-ONLINE,Networking,Switch 8 Port S8,6,0.05,Completed,450000.0,2565000.0,
ORD-104669,2026-01-28,Jakarta,Online,C00620,Retail,SYS-ONLINE,Aksesoris,Keyboard Mekanik K7,1,0.0,Completed,650000.0,650000.0,399400.0
ORD-104670,2026-01-28,Jakarta,Offline,C00822,Retail,SR01,Smartphone,Smartphone Lumo X,1,0.0,Completed,5500000.0,5500000.0,4800500.0
ORD-104671,2026-01-28,Kalimantan,Offline,C01329,Retail,SR13,Smartphone,Smartphone Lumo A5,2,0.0,Completed,2800000.0,5600000.0,4919400.0
ORD-104672,2026-01-28,Sumatera,Offline,C01561,Retail,SR11,Smartphone,Smartphone Lumo A5,1,5.0,Completed,2800000.0,2660000.0,2412500.0
ORD-104673,2026-01-28,Sumatera,Offline,C00106,Retail,SR12,Aksesoris,Headset USB H3,2,0.0,Completed,350000.0,700000.0,425200.0
ORD-104674,2026-01-28,Jakarta,Offline,C01430,Retail,SR02,Smartphone,Smartphone Lumo A5,1,0.0,Completed,2800000.0,2800000.0,2437300.0
ORD-104675,2026-01-28,Jakarta,Offline,K0157,Korporat,SR03,Aksesoris,Power Bank 20000mAh,6,0.0,Completed,320000.0,1920000.0,1187400.0
ORD-104676,2026-01-28,Jakarta,Offline,C01446,Retail,SR02,Printer & Tinta,Printer InkJet P200,1,0.0,Completed,2100000.0,2100000.0,1698200.0
ORD-104677,2026-01-28,Jakarta,Offline,C00884,Retail,SR01,Smartphone,Smartphone Lumo X,2,0.0,Completed,5500000.0,11000000.0,9611200.0
ORD-104678,2026-01-29,Sumatera,Offline,C01679,Retail,SR11,Peralatan Kantor,Kursi Ergonomis E1,4,10.0,Completed,1900000.0,6840000.0,5215200.0
ORD-104679,2026-01-29,Sumatera,Offline,K0099,Korporat,SR12,Smartphone,Smartphone Lumo A5,7,0.05,Completed,2800000.0,18620000.0,16988300.0
ORD-104680,2026-01-29,Jakarta,Offline,K0162,Korporat,SR03,Printer & Tinta,Tinta Botol Set CMYK,8,0.05,Completed,280000.0,2128000.0,1328000.0
ORD-104681,2026-01-29,Jawa Timur,Offline,K0035,Korporat,SR09,Smartphone,Smartphone Lumo A5,3,0.05,Completed,2800000.0,7980000.0,7258200.0
ORD-104682,2026-01-29,Jakarta,Online,K0040,Korporat,SYS-ONLINE,Printer & Tinta,Tinta Botol Set CMYK,110,0.1,Completed,280000.0,27720000.0,17919000.0
ORD-104683,2026-01-29,,Online,C00491,UMKM,SYS-ONLINE,Peralatan Kantor,Kertas A4 80gsm (rim),10,0.05,Completed,55000.0,522500.0,384000.0
ORD-104684,2026-01-29,Jawa Timur,Offline,C01939,UMKM,SR09,Networking,Switch 8 Port S8,9,0.05,Completed,450000.0,3847500.0,
ORD-104685,2026-01-29,Jawa Timur,Offline,C01489,Retail,SR08,Laptop,Laptop Axio Pro 15,2,0.05,Completed,13000000.0,24700000.0,23333600.0
ORD-104686,2026-01-29,Jawa Timur,Online,C00684,Retail,SYS-ONLINE,Aksesoris,Power Bank 20000mAh,1,0.0,Completed,320000.0,320000.0,200700.0
ORD-104687,2026-01-29,Sumatera,Online,C01243,UMKM,SYS-ONLINE,Networking,Router WiFi 6 R600,3,0.05,Completed,1200000.0,3420000.0,
ORD-104688,2026-01-29,Jawa Timur,Offline,C01532,UMKM,SR08,Printer & Tinta,Printer InkJet P200,5,0.0,Cancelled,2100000.0,10500000.0,8528500.0
ORD-104689,2026-01-29,Sumatra,Online,C01843,Retail,SYS-ONLINE,Smartphone,Smartphone Lumo A5,2,0.05,Completed,2800000.0,5320000.0,4816400.0
ORD-104690,2026-01-30,Jawa Barat,Offline,C00072,UMKM,SR04,Printer & Tinta,Tinta Botol Set CMYK,2,0.0,Completed,280000.0,560000.0,325600.0
ORD-104691,2026-01-30,Jakarta,Online,C01501,UMKM,SYS-ONLINE,Aksesoris,Power Bank 20000mAh,5,0.25,Completed,320000.0,1200000.0,1009000.0
ORD-104692,2026-01-30,Jakarta,Online,C00977,Retail,SYS-ONLINE,Networking,Switch 8 Port S8,1,0.3,Completed,450000.0,315000.0,
ORD-104693,2026-01-30,Jawa Barat,Offline,C00345,UMKM,SR04,Peralatan Kantor,Kursi Ergonomis E1,13,0.0,Completed,1900000.0,24700000.0,16682900.0
ORD-104694,2026-01-30,Sumatera,Offline,K0001,Korporat,SR11,Networking,Switch 8 Port S8,13,0.0,Completed,450000.0,5850000.0,
ORD-104695,2026-01-30,JKT ,Offline,K0059,Korporat,SR03,Networking,Switch 8 Port S8,2,0.05,Completed,450000.0,855000.0,
ORD-104696,2026-01-30,Jawa Barat,Online,C02262,UMKM,SYS-ONLINE,Laptop,Laptop Axio Pro 15,5,0.3,Completed,13000000.0,45500000.0,58575500.0
ORD-104697,2026-01-30,Jawa Barat,online,C00198,Retail,SYS-ONLINE,Aksesoris,Headset USB H3,4,0.05,Completed,350000.0,1330000.0,844800.0
ORD-104698,2026-01-30,Jakarta,Online,K0042,Korporat,SYS-ONLINE,Peralatan Kantor,Kertas A4 80gsm (rim),49,0.0,Completed,55000.0,2695000.0,1876700.0
ORD-104699,2026-01-30,Jawa Timur,Online,C00990,Retail,SYS-ONLINE,Smartphone,Smartphone Lumo A5,1,0.3,Completed,2800000.0,1960000.0,2444700.0
ORD-104700,2026-01-30,Jawa Timur,Online,C01032,Retail,SYS-ONLINE,Aksesoris,Keyboard Mekanik K7,3,0.25,Completed,650000.0,1462500.0,1182300.0
ORD-104701,2026-01-30,JKT ,Offline,C01386,UMKM,SR02,Aksesoris,Headset USB H3,1,0.05,Completed,350000.0,332500.0,212500.0
ORD-104702,2026-01-31,Jawa Barat,Offline,C00554,Retail,SR06,Smartphone,Smartphone Lumo X,1,0.05,Completed,5500000.0,5225000.0,4728500.0
ORD-104703,2026-01-31,Jakarta,Online,C02219,Retail,SYS-ONLINE,Aksesoris,Keyboard Mekanik K7,5,0.0,Completed,650000.0,3250000.0,1977000.0
ORD-104704,2026-01-31,Sulawesi,Online,C01946,UMKM,SYS-ONLINE,Peralatan Kantor,Kertas A4 80gsm (rim),12,0.1,Completed,55000.0,594000.0,453600.0
ORD-104705,2026-01-31,Jawa Barat,Online,C01014,UMKM,SYS-ONLINE,Smartphone,Smartphone Lumo X,2,0.25,Completed,5500000.0,8250000.0,9717400.0
ORD-104462,2026-01-02,Kalimantan,Offline,C01424,Retail,SR14,Laptop,Laptop Axio Pro 15,1,0.1,Completed,13000000.0,11700000.0,11650100.0
ORD-104463,2026-01-02,Kalimantan,Online,C00769,Retail,SYS-ONLINE,Aksesoris,Keyboard Mekanik K7,5,0.05,Completed,650000.0,3087500.0,2007000.0
ORD-104464,2026-01-02,Jawa Timur,Online,C01980,Retail,SYS-ONLINE,Printer & Tinta,Tinta Botol Set CMYK,1,0.05,Completed,280000.0,266000.0,165100.0
ORD-104465,2026-01-02,,E-Commerce,C00924,UMKM,SYS-ONLINE,Laptop,Laptop Veno 13,1,0.15,Completed,6200000.0,5270000.0,5601800.0
ORD-104466,2026-01-02,Jawa Barat,Offline,C00504,Retail,SR06,Printer & Tinta,Printer InkJet P200,1,0.0,Completed,2100000.0,2100000.0,1704500.0
ORD-104467,2026-01-02,Jawa Barat,Offline,C01671,UMKM,SR06,Smartphone,Smartphone Lumo X,5,0.0,Completed,5500000.0,27500000.0,23955000.0
ORD-104468,2026-01-02,Jawa Barat,Offline,C00717,UMKM,SR04,Laptop,Laptop Axio 14,5,0.1,Completed,8500000.0,38250000.0,38512500.0
ORD-104469,2026-01-02,Jakarta,Online,C01982,UMKM,SYS-ONLINE,networking,Switch 8 Port S8,11,0.3,Completed,450000.0,3465000.0,
ORD-104470,2026-01-02,Sulawesi,Offline,C01680,Retail,SR18,Peralatan Kantor,Kursi Ergonomis E1,2,0.1,Completed,1900000.0,3420000.0,2575800.0
ORD-104471,2026-01-02,Jakarta,Offline,C01759,UMKM,SR03,Networking,Router WiFi 6 R600,7,0.0,Completed,1200000.0,8400000.0,5985700.0
ORD-104472,2026-01-02,Jawa Timur,Offline,C01664,UMKM,SR07,Laptop,Laptop Axio 14,1,10.0,Completed,8500000.0,7650000.0,7577700.0
ORD-104473,2026-01-02,Jawa barat ,Offline,C01868,UMKM,SR05,Printer & Tinta,Printer InkJet P200,3,0.05,Completed,2100000.0,5985000.0,5111700.0
ORD-104715,2026-02-02,,Online,C01253,UMKM,SYS-ONLINE,Peralatan Kantor,Kursi Ergonomis E1,1,0.1,Completed,1900000.0,1710000.0,1306000.0
ORD-104716,2026-02-02,Sumatera,Offline,C01681,UMKM,SR12,Aksesoris,Mouse Wireless M20,6,0.0,Completed,180000.0,1080000.0,636000.0
ORD-104717,2026-02-02,Kalimantan,Online,C01370,Retail,SYS-ONLINE,Aksesoris,Headset USB H3,3,0.2,Completed,350000.0,840000.0,627900.0
ORD-104718,2026-02-02,Jawa Barat,Offline,C01698,UMKM,SR06,Peralatan Kantor,Kertas A4 80gsm (rim),10,0.05,Completed,55000.0,522500.0,377000.0
ORD-104719,2026-02-02,Sulawesi,Online,C00775,UMKM,SYS-ONLINE,Laptop,Laptop Axio Pro 15,4,0.3,Completed,13000000.0,36400000.0,46263200.0
ORD-104720,2026-02-02,Jawa Barat,Offline,C00062,Retail,SR04,Networking,Switch 8 Port S8,3,0.0,Completed,450000.0,1350000.0,906300.0
ORD-104721,2026-02-02,Jawa Barat,Offline,K0054,Korporat,SR06,Smartphone,Smartphone Lumo X,7,0.0,Completed,5500000.0,38500000.0,33273100.0
ORD-104722,2026-02-02,Jakarta,Offline,C01838,UMKM,SR03,Aksesoris,Mouse Wireless M20,2,0.0,Completed,180000.0,360000.0,208000.0
ORD-104723,2026-02-02,,Online,C00572,Retail,SYS-ONLINE,Aksesoris,Keyboard Mekanik K7,2,0.05,Completed,650000.0,1235000.0,790600.0
ORD-105016,2026-03-02,Jakarta,Offline,K0154,Korporat,SR03,LAPTOP,Laptop Axio 14,8,0.1,Completed,8500000.0,61200000.0,60753600.0
ORD-105017,2026-03-02,Jawa Barat,Online,C02089,Retail,SYS-ONLINE,Peralatan Kantor,Kursi Ergonomis E1,2,0.2,Completed,1900000.0,3040000.0,
ORD-105018,2026-03-02,Kalimantan,Online,C02126,UMKM,SYS-ONLINE,Smartphone,Smartphone Lumo X,1,0.05,Completed,5500000.0,5225000.0,4813900.0
ORD-105018,2026-03-02,Kalimantan,Online,C02126,UMKM,SYS-ONLINE,Smartphone,Smartphone Lumo X,1,0.05,Completed,5500000.0,5225000.0,4813900.0
ORD-105019,2026-03-02,Sumatera,Online,C01891,UMKM,SYS-ONLINE,Laptop,Laptop Axio Pro 15,1,0.1,Completed,13000000.0,11700000.0,11676300.0
ORD-105020,2026-03-02,Jakarta,Offline,C01006,UMKM,SR01,Smartphone,Smartphone Lumo A5,4,0.0,Cancelled,2800000.0,11200000.0,9666400.0
ORD-105021,2026-03-02,Jawa Barat,Online,C01930,Retail,SYS-ONLINE,Laptop,Laptop Axio Pro 15,1,0.1,Completed,13000000.0,11700000.0,11807800.0
ORD-105022,2026-03-02,Jakarta,Offline,K0179,Korporat,SR01,Smartphone,Smartphone Lumo X,10,0.0,Completed,5500000.0,55000000.0,47744000.0
ORD-105023,2026-03-02,Sulawesi,Offline,C01052,Retail,SR16,Printer & Tinta,Tinta Botol Set CMYK,2,0.0,Completed,280000.0,560000.0,328800.0
ORD-105024,2026-03-02,Jawa Timur,Offline,C01168,UMKM,SR07,Smartphone,Smartphone Lumo X,2,0.0,Completed,5500000.0,11000000.0,9554000.0
ORD-105025,2026-03-02,Jawa Timur,Offline,C01267,UMKM,SR08,Laptop,Laptop Axio 14,2,0.25,Completed,8500000.0,12750000.0,15350800.0
ORD-105026,2026-03-02,Jawa Timur,Offline,C02071,UMKM,SR09,Networking,Router WiFi 6 R600,12,0.0,Completed,1200000.0,14400000.0,10076400.0
ORD-105422,2026-04-02,Jakarta,Online,C01475,Retail,SYS-ONLINE,Printer&Tinta,Tinta Botol Set CMYK,2,0.05,Completed,280000.0,532000.0,333400.0
ORD-105423,2026-04-02,Sumatera,Online,C00471,UMKM,SYS-ONLINE,Peralatan Kantor,Kursi Ergonomis E1,5,0.25,Completed,1900000.0,7125000.0,6593000.0
ORD-105424,2026-04-02,Jawa Timur,Online,C00571,Retail,SYS-ONLINE,Smartphone,Smartphone Lumo A5,2,0.1,Completed,2800000.0,5040000.0,4810200.0
ORD-105425,2026-04-02,Jawa Timur,Online,C01875,UMKM,SYS-ONLINE,Printer & Tinta,Printer InkJet P200,5,0.3,Completed,2100000.0,7350000.0,8432500.0
ORD-105428,2026-04-02,Jawa Timur,Online,C00915,Retail,SYS-ONLINE,Aksesoris,Headset USB H3,4,0.05,Completed,350000.0,1330000.0,828000.0
ORD-105431,2026-04-02,Sulawesi,Online,C01947,UMKM,SYS-ONLINE,Smartphone,Smartphone Lumo A5,4,0.05,Completed,2800000.0,10640000.0,9835600.0
ORD-105658,2026-05-02,Jakarta,Online,K0143,Korporat,SYS-ONLINE,Laptop,Laptop Veno 13,2,0.05,Completed,6200000.0,11780000.0,11178600.0
ORD-105662,2026-05-02,Sulawesi,Online,C00589,Retail,SYS-ONLINE,Aksesori,Power Bank 20000mAh,3,0.25,Completed,320000.0,720000.0,601500.0
ORD-105663,2026-05-02,Sulawesi,Online,C01239,Retail,SYS-ONLINE,Laptop,Laptop Veno 13,2,0.25,Completed,6200000.0,9300000.0,11175200.0
ORD-105901,2026-06-02,Jawa Timur,Online,C01978,Retail,SYS-ONLINE,Aksesoris,Keyboard Mekanik K7,1,0.3,Completed,650000.0,455000.0,404900.0
ORD-105903,2026-06-02,Jawa Barat,Online,C02270,Retail,SYS-ONLINE,Laptop,Laptop Veno 13,2,0.0,Cancelled,6200000.0,12400000.0,11020800.0
ORD-106182,2026-07-02,Jawa Barat,Online,C02240,UMKM,SYS-ONLINE,Printer & Tinta,Printer InkJet P200,1,0.05,Completed,2100000.0,1995000.0,1677400.0
ORD-106183,2026-07-02,Jawa Barat,online,C00275,UMKM,SYS-ONLINE,Printer & Tinta,Tinta Botol Set CMYK,4,0.1,Completed,280000.0,1008000.0,668000.0
ORD-106185,2026-07-02,Kalimantan,Online,C02000,UMKM,SYS-ONLINE,Networking,Switch 8 Port S8,8,0.25,Completed,450000.0,2700000.0,
ORD-106190,2026-07-02,Jakarta,Online,C02014,Retail,SYS-ONLINE,Aksesoris,Headset USB H3,5,0.0,Completed,350000.0,1750000.0,1042500.0
ORD-106191,2026-07-02,Jakarta,Online,C00277,Retail,SYS-ONLINE,Laptop,Laptop Axio 14,1,0.05,Completed,8500000.0,8075000.0,7703000.0
ORD-106197,2026-07-02,,Online,C01816,UMKM,SYS-ONLINE,Printer & Tinta,Tinta Botol Set CMYK,2,0.25,Completed,280000.0,420000.0,327400.0
ORD-106200,2026-07-02,Jawa Timur,Online,C00323,Retail,SYS-ONLINE,Networking,Switch 8 Port S8,4,0.05,Completed,450000.0,1710000.0,1206000.0
ORD-106529,2026-08-02,Sumatera,Online,C01329,Retail,SYS-ONLINE,Laptop,Laptop Axio 14,1,0.05,Completed,8500000.0,8075000.0,7674600.0
ORD-106819,2026-09-02,Jawa Barat,Online,C02044,Retail,SYS-ONLINE,smartphone,Smartphone Lumo A5,1,0.05,Completed,2800000.0,2660000.0,2448300.0
ORD-106822,2026-09-02,Sulawesi,Online,C02068,Retail,SYS-ONLINE,Networking,Router WiFi 6 R600,5,0.25,Completed,1200000.0,4500000.0,
ORD-104846,2026-02-13,Sulawesi,ONLINE,K0137,Korporat,SYS-ONLINE,Smartphone,Smartphone Lumo A5,4,0.1,Completed,2800000.0,10080000.0,9612800.0
ORD-104847,2026-02-13,Jawa Barat,Offline,C00740,Retail,SR04,Laptop,Laptop Axio Pro 15,2,0.05,Completed,13000000.0,24700000.0,23229600.0
ORD-104848,2026-02-13,Jawa Barat,Online,C01771,Retail,SYS-ONLINE,Printer & Tinta,Tinta Botol Set CMYK,2,0.15,Completed,280000.0,476000.0,327000.0
ORD-104848,2026-02-13,Jawa Barat,Online,C01771,Retail,SYS-ONLINE,Printer & Tinta,Tinta Botol Set CMYK,2,0.15,Completed,280000.0,476000.0,327000.0
ORD-104849,2026-02-13,Jawa Timur,Offline,C02315,Retail,SR08,Networking,Router WiFi 6 R600,1,0.05,Completed,1200000.0,1140000.0,858900.0
ORD-104850,2026-02-13,Jakarta,Offline,C00613,UMKM,SR02,Peralatan Kantor,Kertas A4 80gsm (rim),14,0.0,Completed,55000.0,770000.0,533400.0
ORD-104851,2026-02-14,Jawa Barat,Offline,C00902,Retail,SR05,Printer & Tinta,Printer InkJet P200,2,0.0,Completed,2100000.0,4200000.0,3424600.0
ORD-104852,2026-02-14,Sulawesi,ONLINE,K0087,Korporat,SYS-ONLINE,Aksesoris,Power Bank 20000mAh,37,0.2,Completed,320000.0,9472000.0,7403700.0
ORD-104853,2026-02-14,SULAWESI,Online,C01258,UMKM,SYS-ONLINE,Aksesoris,Headset USB H3,8,0.05,Completed,350000.0,2660000.0,1702400.0
ORD-104854,2026-02-14,Jawa barat ,Offline,C01739,Retail,SR06,Aksesori,Headset USB H3,5,0.05,Completed,350000.0,1662500.0,1055000.0
ORD-104855,2026-02-14,SULAWESI,Offline,C00566,Retail,SR18,Smartphone,Smartphone Lumo X,2,0.1,Completed,5500000.0,9900000.0,9477600.0
ORD-104856,2026-02-14,Jakarta,Offline,K0024,Korporat,SR01,Printer & Tinta,Tinta Botol Set CMYK,8,0.05,Completed,280000.0,2128000.0,1304000.0
ORD-104857,2026-02-14,Jakarta,Offline,C00560,Retail,SR02,Smartphone,Smartphone Lumo A5,2,0.0,Completed,2800000.0,5600000.0,4807400.0
ORD-104858,2026-02-14,Sumatera,Online,C00277,UMKM,SYS-ONLINE,Networking,Switch 8 Port S8,4,0.05,Completed,450000.0,1710000.0,
ORD-104859,2026-02-14,Sumatera,Online,K0034,Korporat,SYS-ONLINE,Smartphone,Smartphone Lumo A5,9,0.25,Completed,2800000.0,18900000.0,21783600.0
ORD-104860,2026-02-14,Sulawesi,Online,C00615,Retail,SYS-ONLINE,Printer & Tinta,Printer InkJet P200,2,0.1,Completed,2100000.0,3780000.0,3397000.0
ORD-104861,2026-02-14,Jawa Timur,Online,K0097,Korporat,SYS-ONLINE,Peralatan Kantor,Kertas A4 80gsm (rim),31,0.3,Completed,55000.0,1193500.0,1181100.0
ORD-104862,2026-02-14,Jawa Barat,Online,C00086,Retail,SYS-ONLINE,Aksesoris,Mouse Wireless M20,1,0.2,Completed,180000.0,144000.0,103600.0
ORD-104863,2026-02-15,Jakarta,Online,K0151,Korporat,SYS-ONLINE,Smartphone,Smartphone Lumo X,9,0.0,Completed,5500000.0,49500000.0,43358400.0
ORD-104864,2026-02-15,Sumatera,Offline,C00858,Retail,SR12,Aksesoris,Power Bank 20000mAh,3,0.1,Completed,320000.0,864000.0,603600.0
ORD-104865,2026-02-15,Jakarta,Offline,C01169,UMKM,SR02,Smartphone,Smartphone Lumo X,3,0.0,Completed,5500000.0,16500000.0,14381100.0
ORD-104866,2026-02-15,Jawa Barat,Offline,C01288,Retail,SR05,Smartphone,Smartphone Lumo A5,2,0.0,Completed,2800000.0,5600000.0,4824200.0
ORD-104867,2026-02-15,Jawa Barat,Online,C00630,UMKM,SYS-ONLINE,Smartphone,Smartphone Lumo A5,3,0.25,Completed,2800000.0,6300000.0,7185300.0
ORD-104868,2026-02-15,Sulawesi,Offline,C01047,Retail,SR16,Printer & Tinta,Tinta Botol Set CMYK,2,0.0,Completed,280000.0,560000.0,334600.0
ORD-104869,2026-02-15,Jakarta,Offline,C01043,UMKM,SR03,Printer & Tinta,Tinta Botol Set CMYK,1,0.0,Completed,280000.0,280000.0,165200.0
ORD-104870,2026-02-15,Jawa Barat,Offline,C01809,UMKM,SR06,Printer&Tinta,Tinta Botol Set CMYK,2,0.05,Completed,280000.0,532000.0,331200.0
ORD-104871,2026-02-15,Jawa Barat,Online,C01536,Retail,SYS-ONLINE,Aksesoris,Headset USB H3,4,0.25,Completed,350000.0,1050000.0,844000.0
ORD-104872,2026-02-15,Jawa Barat,Online,C00830,Retail,SYS-ONLINE,Smartphone,Smartphone Lumo A5,1,0.0,Completed,2800000.0,2800000.0,2440600.0
ORD-104873,2026-02-15,Jawa Barat,Online,C00804,UMKM,SYS-ONLINE,Aksesoris,Headset USB H3,5,0.3,Completed,350000.0,1225000.0,1063500.0
ORD-104874,2026-02-15,Jabar,Online,C01448,Retail,SYS-ONLINE,Laptop,Laptop Axio Pro 15,2,0.1,Completed,13000000.0,23400000.0,23060600.0
ORD-104875,2026-02-15,Sumatera,Online,C01252,UMKM,SYS-ONLINE,Aksesoris,Power Bank 20000mAh,12,0.1,Completed,320000.0,3456000.0,2414400.0
ORD-104876,2026-02-15,Sumatera,Online,C01716,UMKM,SYS-ONLINE,Printer & Tinta,Printer InkJet P200,1,0.25,Completed,2100000.0,1575000.0,1684300.0
ORD-104877,2026-02-15,Kalimantan,Offline,C01495,Retail,SR14,Peralatan Kantor,Kursi Ergonomis E1,5,0.0,Completed,1900000.0,9500000.0,6575000.0
ORD-104877,2026-02-15,Kalimantan,Offline,C01495,Retail,SR14,Peralatan Kantor,Kursi Ergonomis E1,5,0.0,Completed,1900000.0,9500000.0,6575000.0
ORD-104878,2026-02-15,Jakarta,Online,C00901,UMKM,SYS-ONLINE,Smartphone,Smartphone Lumo X,5,0.1,Completed,5500000.0,24750000.0,24018000.0
ORD-104879,2026-02-16,Jakarta,Online,C00223,UMKM,SYS-ONLINE,Peralatan Kantor,Kertas A4 80gsm (rim),10,0.15,Completed,55000.0,467500.0,377000.0
ORD-104880,2026-02-16,Jawa Barat,Online,C01049,Retail,SYS-ONLINE,Aksesoris,Power Bank 20000mAh,3,0.2,Completed,320000.0,768000.0,593700.0
ORD-104881,2026-02-16,Jawa Barat,Online,C01370,Retail,SYS-ONLINE,Aksesoris,Keyboard Mekanik K7,1,0.2,Cancelled,650000.0,520000.0,396900.0
ORD-104882,2026-02-16,Sumatera,Online,C00056,Retail,SYS-ONLINE,Laptop,Laptop Veno 13,1,0.0,Completed,6200000.0,6200000.0,5489000.0
ORD-104883,2026-02-16,Jawa Timur,Online,C01767,UMKM,SYS-ONLINE,Aksesoris,Mouse Wireless M20,11,0.1,Completed,180000.0,1782000.0,1153900.0
ORD-104884,2026-02-16,Jawa Barat,Online,C00794,Retail,SYS-ONLINE,Aksesoris,Keyboard Mekanik K7,3,0.0,Completed,650000.0,1950000.0,1203600.0
ORD-104885,2026-02-17,Sulawesi,Offline,C02177,Retail,SR18,Aksesoris,Mouse Wireless M20,5,0.0,Completed,180000.0,900000.0,524500.0
ORD-104886,2026-02-17,Jawa Barat,Offline,C01758,UMKM,SR05,Aksesoris,Keyboard Mekanik K7,8,0.1,Completed,650000.0,4680000.0,3224800.0
ORD-104887,2026-02-17,Jawa Timur,Online,C02395,UMKM,SYS-ONLINE,Laptop,Laptop Axio Pro 15,5,0.15,Completed,13000000.0,55250000.0,58712000.0
ORD-104888,2026-02-17,Jawa Timur,Online,C01282,UMKM,SYS-ONLINE,Peralatan Kantor,Kertas A4 80gsm (rim),5,0.25,Completed,55000.0,206250.0,187500.0
ORD-104889,2026-02-17,Jawa Barat,Online,C02369,Retail,SYS-ONLINE,Aksesoris,Keyboard Mekanik K7,2,0.1,Completed,650000.0,1170000.0,788600.0
ORD-104890,2026-02-17,Jawa Barat,Online,C02294,UMKM,SYS-ONLINE,Smartphone,Smartphone Lumo A5,3,0.1,Completed,2800000.0,7560000.0,7379400.0
ORD-104891,2026-02-17,Sulawesi,Online,C00873,UMKM,SYS-ONLINE,Printer & Tinta,Tinta Botol Set CMYK,1,0.05,Completed,280000.0,266000.0,166100.0
ORD-104892,2026-02-17,,Online,C01169,Retail,SYS-ONLINE,Smartphone,Smartphone Lumo A5,1,0.1,Completed,2800000.0,2520000.0,2454900.0
ORD-104893,2026-02-17,SULAWESI,Offline,C01235,UMKM,SR18,Aksesoris,Mouse Wireless M20,6,0.0,Completed,180000.0,1080000.0,627000.0
ORD-104894,2026-02-17,Sumatera,Offline,K0012,Korporat,SR12,Aksesoris,Power Bank 20000mAh,42,0.0,Completed,320000.0,13440000.0,8484000.0
ORD-104895,2026-02-17,Jawa Timur,Online,C00952,Retail,SYS-ONLINE,Smartphone,Smartphone Lumo X,1,0.05,Completed,5500000.0,5225000.0,4729700.0
ORD-104896,2026-02-17,Sulawesi,Online,C01530,Retail,SYS-ONLINE,Aksesoris,Mouse Wireless M20,4,0.2,Completed,180000.0,576000.0,423200.0
ORD-104896,2026-02-17,Sulawesi,Online,C01530,Retail,SYS-ONLINE,Aksesoris,Mouse Wireless M20,4,0.2,Completed,180000.0,576000.0,423200.0
ORD-104897,2026-02-17,Kalimantan,Offline,C00683,UMKM,SR15,Aksesoris,Mouse Wireless M20,5,0.0,Completed,180000.0,900000.0,525500.0
ORD-104898,2026-02-17,Jawa Timur,Offline,C00623,Retail,SR09,Printer & Tinta,Printer InkJet P200,2,0.2,Completed,2100000.0,3360000.0,3399600.0
ORD-104899,2026-02-18,Jawa Timur,Offline,C01984,UMKM,SR08,Printer & Tinta,Tinta Botol Set CMYK,4,0.1,Completed,280000.0,1008000.0,655200.0
ORD-104900,2026-02-18,Jawa Barat,Offline,C02395,Retail,SR06,Peralatan Kantor,Kursi Ergonomis E1,5,0.0,Completed,1900000.0,9500000.0,6483500.0
ORD-104901,2026-02-18,Sumatera,Online,K0178,Korporat,SYS-ONLINE,Aksesoris,Keyboard Mekanik K7,15,0.05,Completed,650000.0,9262500.0,6049500.0
ORD-104902,2026-02-19,Jawa Barat,Offline,C02366,Retail,SR06,Networking,Switch 8 Port S8,2,0.05,Completed,450000.0,855000.0,
ORD-104903,2026-02-19,Jawa Barat,Offline,C01475,Retail,SR04,Printer & Tinta,Tinta Botol Set CMYK,2,0.05,Completed,280000.0,532000.0,325400.0
ORD-104904,2026-02-19,Jawa Timur,Offline,C01478,Retail,SR09,Smartphone,Smartphone Lumo X,1,0.05,Completed,5500000.0,5225000.0,4798900.0
ORD-104905,2026-02-19,Sulawesi,Offline,C00582,Retail,SR16,Smartphone,Smartphone Lumo A5,2,0.0,Completed,2800000.0,5600000.0,4902600.0
ORD-104906,2026-02-19,Jakarta,Online,C01583,Retail,SYS-ONLINE,HP,Smartphone Lumo X,2,0.0,Completed,5500000.0,11000000.0,9628200.0
ORD-104907,2026-02-19,Jawa Timur,Offline,C00080,UMKM,SR08,Laptop,Laptop Axio 14,5,0.0,Completed,8500000.0,42500000.0,37966000.0
ORD-104908,2026-02-19,Jakarta,Offline,C01657,Retail,SR01,Aksesoris,Power Bank 20000mAh,1,0.0,Completed,320000.0,320000.0,197000.0
ORD-104909,2026-02-19,Sumatera,Offline,C01545,Retail,SR10,Laptop,Laptop Axio Pro 15,2,0.1,Completed,13000000.0,23400000.0,23298200.0
ORD-104910,2026-02-19,Sulawesi,Offline,C00738,Retail,SR16,Aksesori,Power Bank 20000mAh,3,0.05,Completed,320000.0,912000.0,608400.0
ORD-104911,2026-02-20,Sumatra,Offline,C00775,UMKM,SR11,Networking,Switch 8 Port S8,6,0.0,Completed,450000.0,2700000.0,
ORD-104912,2026-02-20,Jakarta,Offline,K0004,Korporat,SR01,Aksesoris,Keyboard Mekanik K7,31,0.05,Completed,650000.0,19142500.0,12334900.0
ORD-104913,2026-02-20,Jakarta,Online,C01787,UMKM,SYS-ONLINE,Aksesoris,Keyboard Mekanik K7,4,0.05,Completed,650000.0,2470000.0,1613200.0
ORD-104914,2026-02-20,Jakarta,Online,C02123,UMKM,SYS-ONLINE,Peralatan Kantor,Kursi Ergonomis E1,10,0.1,Completed,1900000.0,17100000.0,12892000.0
ORD-104915,2026-02-20,Sulawesi,Online,C00818,Retail,SYS-ONLINE,Printer & Tinta,Tinta Botol Set CMYK,1,0.1,Completed,280000.0,252000.0,167300.0
ORD-104916,2026-02-20,Kalimantan,Offline,K0039,Korporat,SR15,Peralatan Kantor,Kertas A4 80gsm (rim),40,5.0,Completed,55000.0,2090000.0,1512000.0
ORD-104917,2026-02-20,Jakarta,Online,K0142,Korporat,SYS-ONLINE,Aksesoris,Keyboard Mekanik K7,16,0.05,Completed,650000.0,9880000.0,6488000.0
ORD-104918,2026-02-20,jawa timur,Online,C00628,Retail,SYS-ONLINE,Laptop,Laptop Axio Pro 15,1,0.0,Completed,13000000.0,13000000.0,11773300.0
ORD-104919,2026-02-20,Jakarta,Offline,C01422,Retail,SR02,Laptop,Laptop Axio 14,2,0.0,Completed,8500000.0,17000000.0,15198000.0
ORD-104920,2026-02-20,Sumatera,Offline,C00947,Retail,SR11,Laptop,Laptop Axio Pro 15,1,5.0,Completed,13000000.0,12350000.0,11824200.0
ORD-104921,2026-02-20,Jawa Barat,Online,C00040,UMKM,SYS-ONLINE,Aksesoris,Mouse Wireless M20,5,0.0,Completed,180000.0,900000.0,529000.0
ORD-104922,2026-02-20,Jakarta,Online,C00294,UMKM,SYS-ONLINE,Laptop,Laptop Axio 14,3,0.05,Completed,8500000.0,24225000.0,22498200.0
ORD-104922,2026-02-20,Jakarta,Online,C00294,UMKM,SYS-ONLINE,Laptop,Laptop Axio 14,3,0.05,Completed,8500000.0,24225000.0,22498200.0
ORD-104923,2026-02-21,Jawa Timur,Online,C02244,Retail,SYS-ONLINE,Laptop,Laptop Axio Pro 15,2,0.15,Completed,13000000.0,22100000.0,23493800.0
ORD-104924,2026-02-21,Jawa Timur,Online,C00496,UMKM,SYS-ONLINE,Peralatan Kantor,Kertas A4 80gsm (rim),4,0.25,Completed,55000.0,165000.0,150000.0
ORD-104925,2026-02-21,Sumatra,Offline,C00042,Retail,SR11,Aksesoris,Keyboard Mekanik K7,3,5.0,Completed,650000.0,1852500.0,1196700.0
ORD-104926,2026-02-21,jawa timur,Offline,C02260,Retail,SR08,Laptop,Laptop Veno 13,1,0.0,Completed,6200000.0,6200000.0,5522400.0
ORD-104927,2026-02-21,Jawa Timur,Offline,C01318,Retail,SR08,Smartphone,Smartphone Lumo X,2,0.0,Completed,5500000.0,11000000.0,9697400.0
ORD-104928,2026-02-21,Jawa Timur,Online,K0072,Korporat,SYS-ONLINE,Smartphone,Smartphone Lumo A5,3,0.3,Completed,2800000.0,5880000.0,7262100.0
ORD-104929,2026-02-21,Jawa Barat,Online,C02389,Retail,SYS-ONLINE,Peralatan Kantor,Kertas A4 80gsm (rim),2,0.1,Completed,55000.0,99000.0,75200.0
ORD-104930,2026-02-21,Jawa Barat,Offline,C00651,Retail,SR05,Laptop,Laptop Axio 14,1,0.0,Completed,8500000.0,8500000.0,
ORD-104931,2026-02-21,Jakarta,Offline,C00932,Retail,SR02,Peralatan Kantor,Kursi Ergonomis E1,3,0.0,Completed,1900000.0,5700000.0,3939900.0
ORD-104932,2026-02-21,Jawa Barat,Offline,C01400,Retail,SR05,Laptop,Laptop Axio Pro 15,2,0.05,Completed,13000000.0,24700000.0,23184400.0
ORD-104932,2026-02-21,Jawa Barat,Offline,C01400,Retail,SR05,Laptop,Laptop Axio Pro 15,2,0.05,Completed,13000000.0,24700000.0,23184400.0
ORD-104933,2026-02-21,Jawa barat ,Offline,C01961,Retail,SR06,Printer & Tinta,Tinta Botol Set CMYK,1,0.1,Completed,280000.0,252000.0,167500.0
ORD-104934,2026-02-21,Sumatera,Offline,C01929,Retail,SR10,Aksesoris,Headset USB H3,5,0.05,Completed,350000.0,1662500.0,1053500.0
ORD-104935,2026-02-22,Jawa Barat,Offline,C00672,UMKM,SR06,Smartphone,Smartphone Lumo A5,1,0.05,Completed,2800000.0,2660000.0,2461400.0
ORD-104936,2026-02-22,Jakarta,Online,C00654,Retail,SYS-ONLINE,Networking,Router WiFi 6 R600,1,0.05,Completed,1200000.0,1140000.0,
ORD-104937,2026-02-22,Jawa Barat,Online,C01669,UMKM,SYS-ONLINE,Networking,Switch 8 Port S8,12,0.0,Completed,450000.0,5400000.0,3643200.0
ORD-104938,2026-02-22,Jakarta,Offline,C01849,UMKM,SR03,Peralatan Kantor,Kursi Ergonomis E1,8,0.1,Completed,1900000.0,13680000.0,10461600.0
ORD-104939,2026-02-22,Jakarta,Offline,C01835,UMKM,SR01,Aksesoris,Headset USB H3,11,0.0,Completed,350000.0,3850000.0,2314400.0
ORD-104940,2026-02-22,Jawa Barat,Online,C00552,UMKM,SYS-ONLINE,Networking,Router WiFi 6 R600,10,0.25,Completed,1200000.0,9000000.0,
ORD-104941,2026-02-22,Jawa Barat,Online,C00934,UMKM,SYS-ONLINE,Aksesoris,Mouse Wireless M20,6,0.05,Completed,180000.0,1026000.0,639000.0
ORD-104942,2026-02-22,Jakarta,Offline,C00752,Retail,SR02,Laptop,Laptop Axio 14,1,0.0,Completed,8500000.0,8500000.0,7696900.0
ORD-104943,2026-02-22,Jawa Barat,Offline,C00905,Retail,SR04,Aksesoris,Mouse Wireless M20,5,0.05,Completed,180000.0,855000.0,528000.0
ORD-104944,2026-02-22,Kalimantan,Offline,C02366,UMKM,SR13,Laptop,Laptop Axio 14,5,0.1,Completed,8500000.0,38250000.0,38048000.0
ORD-104945,2026-02-23,Jawa Timur,Offline,C02266,Retail,SR07,Laptop,Laptop Axio 14,1,30.0,Completed,8500000.0,5950000.0,7665000.0
ORD-104946,2026-02-23,Sumatera,Online,C00583,Retail,SYS-ONLINE,Smartphone,Smartphone Lumo A5,2,0.05,Completed,2800000.0,5320000.0,4843200.0
ORD-104947,2026-02-23,Sumatera,Offline,K0004,Korporat,SR12,Peralatan Kantor,Kursi Ergonomis E1,27,0.0,Completed,1900000.0,51300000.0,35505000.0
ORD-104948,2026-02-23,Jawa Barat,Online,C01497,Retail,SYS-ONLINE,Networking,Router WiFi 6 R600,4,0.05,Completed,1200000.0,4560000.0,
ORD-104949,2026-02-23,Jawa barat ,Offline,C01592,Retail,SR04,Printer & Tinta,Tinta Botol Set CMYK,2,0.0,Completed,280000.0,560000.0,332600.0
ORD-104950,2026-02-23,Jawa Barat,Online,C02108,Retail,SYS-ONLINE,Laptop,Laptop Veno 13,1,0.05,Completed,6200000.0,5890000.0,5552900.0
ORD-104951,2026-02-23,Kalimantan,Offline,C01252,Retail,SR15,Laptop,Laptop Axio Pro 15,2,10.0,Completed,13000000.0,23400000.0,23104200.0
ORD-104952,2026-02-23,,Online,C01563,Retail,SYS-ONLINE,Aksesoris,Keyboard Mekanik K7,4,0.2,Completed,650000.0,2080000.0,1616800.0
ORD-104953,2026-02-23,Sumatera,Offline,C02298,Retail,SR11,Printer & Tinta,Printer InkJet P200,1,10.0,Completed,2100000.0,1890000.0,1693700.0
ORD-104954,2026-02-23,Jawa Timur,Offline,C01553,Retail,SR09,Laptop,Laptop Veno 13,2,0.1,Completed,6200000.0,11160000.0,10940600.0
ORD-104955,2026-02-23,Jakarta,Online,K0159,Korporat,SYS-ONLINE,Smartphone,Smartphone Lumo A5,8,0.1,Completed,2800000.0,20160000.0,19561600.0
ORD-104956,2026-02-24,Sumatera,Offline,C00914,UMKM,SR10,Laptop,Laptop Axio Pro 15,1,0.0,Completed,13000000.0,13000000.0,11670800.0
ORD-104957,2026-02-24,,Online,C00532,UMKM,SYS-ONLINE,Aksesoris,Keyboard Mekanik K7,1,0.1,Completed,650000.0,585000.0,402600.0
ORD-104958,2026-02-24,Sulawesi,Online,C01181,UMKM,SYS-ONLINE,Laptop,Laptop Veno 13,1,0.05,Completed,6200000.0,5890000.0,5595400.0
ORD-104959,2026-02-24,Jakarta,Online,C01588,UMKM,SYS-ONLINE,Peralatan Kantor,Kertas A4 80gsm (rim),3,0.1,Completed,55000.0,148500.0,115500.0
ORD-104960,2026-02-24,Sumatera,Online,C02212,UMKM,SYS-ONLINE,Smartphone,Smartphone Lumo A5,1,0.1,Completed,2800000.0,2520000.0,2457400.0
ORD-104961,2026-02-24,Sumatera,Offline,C02307,Retail,SR10,Laptop,Laptop Veno 13,1,0.0,Completed,6200000.0,6200000.0,5605300.0
ORD-104962,2026-02-24,Kalimantan,Offline,C01363,UMKM,SR15,Aksesoris,Power Bank 20000mAh,9,0.0,Completed,320000.0,2880000.0,
ORD-104963,2026-02-24,Jawa Barat,Offline,C01118,Retail,SR05,Aksesoris,Keyboard Mekanik K7,3,0.0,Completed,650000.0,1950000.0,1216500.0
ORD-104964,2026-02-24,Sumatera,Offline,C01731,Retail,SR11,Peralatan Kantor,Kursi Ergonomis E1,4,0.0,Completed,1900000.0,7600000.0,5254400.0
ORD-104965,2026-02-24,Jakarta,Offline,K0038,Korporat,SR02,Laptop,Laptop Veno 13,5,0.0,Completed,6200000.0,31000000.0,28071000.0
ORD-104966,2026-02-24,Jakarta,Online,C01131,UMKM,SYS-ONLINE,Laptop,Laptop Axio 14,2,0.0,Completed,8500000.0,17000000.0,
ORD-104967,2026-02-24,Jatim,Offline,C00695,Retail,SR09,Smartphone,Smartphone Lumo X,1,0.3,Completed,5500000.0,3850000.0,4797700.0
ORD-104968,2026-02-24,Jawa Barat,Offline,C01754,Retail,SR04,networking,Router WiFi 6 R600,5,0.05,Completed,1200000.0,5700000.0,
ORD-104969,2026-02-25,Kalimantan,Offline,C00840,Retail,SR14,Laptop,Laptop Axio Pro 15,1,0.0,Completed,13000000.0,13000000.0,11621800.0
ORD-104970,2026-02-25,Jawa Timur,Offline,C00330,Retail,SR09,Aksesoris,Power Bank 20000mAh,2,0.05,Completed,320000.0,608000.0,397200.0
ORD-104971,2026-02-25,Jawa Timur,ONLINE,C01302,UMKM,SYS-ONLINE,Aksesoris,Headset USB H3,12,0.05,Completed,350000.0,3990000.0,2522400.0
ORD-104972,2026-02-25,Sumatera,Offline,K0169,Korporat,SR11,Smartphone,Smartphone Lumo A5,6,0.0,Completed,2800000.0,16800000.0,14659800.0
ORD-104973,2026-02-25,Jawa Timur,Online,K0037,Korporat,SYS-ONLINE,Peralatan Kantor,Kertas A4 80gsm (rim),49,0.1,Completed,55000.0,2425500.0,1881600.0
ORD-104974,2026-02-25,Sulawesi,Offline,C00326,Retail,SR17,Smartphone,Smartphone Lumo A5,1,0.1,Completed,2800000.0,2520000.0,2414300.0
ORD-104975,2026-02-25,Sulawesi,Offline,C00172,Retail,SR16,Aksesoris,Mouse Wireless M20,3,0.0,Completed,180000.0,540000.0,310200.0
ORD-104976,2026-02-25,Sumatera,Online,C01352,UMKM,SYS-ONLINE,Aksesoris,Power Bank 20000mAh,3,0.2,Completed,320000.0,768000.0,595200.0
ORD-104977,2026-02-25,Sumatera,Offline,C00500,Retail,SR10,Printer & Tinta,Tinta Botol Set CMYK,2,0.1,Completed,280000.0,504000.0,334600.0
ORD-104978,2026-02-25,Kalimantan,Offline,C01649,UMKM,SR15,Laptop,Laptop Veno 13,3,0.0,Completed,6200000.0,18600000.0,16812600.0
ORD-104979,2026-02-25,Sumatera,Online,C01816,Retail,SYS-ONLINE,Aksesoris,Headset USB H3,4,0.0,Completed,350000.0,1400000.0,851200.0
ORD-104980,2026-02-25,Kalimantan,Offline,C01617,Retail,SR15,Printer & Tinta,Printer InkJet P200,2,0.0,Completed,2100000.0,4200000.0,3430000.0
ORD-104981,2026-02-26,Jakarta,Online,C01394,UMKM,SYS-ONLINE,Smartphone,Smartphone Lumo X,5,0.1,Completed,5500000.0,24750000.0,23964000.0
ORD-104982,2026-02-26,Sumatera,Online,C00616,Retail,SYS-ONLINE,Peralatan Kantor,Kertas A4 80gsm (rim),3,0.15,Completed,55000.0,140250.0,114600.0
ORD-104983,2026-02-26,Sumatera,Online,C01526,UMKM,SYS-ONLINE,Aksesoris,Power Bank 20000mAh,10,0.1,Completed,320000.0,2880000.0,2024000.0
ORD-104984,2026-02-26,Jawa Barat,Offline,C01199,Retail,SR04,Networking,Switch 8 Port S8,2,0.0,Completed,450000.0,900000.0,605800.0
ORD-104985,2026-02-26,,Online,C01158,Retail,SYS-ONLINE,Aksesoris,Mouse Wireless M20,3,0.3,Completed,180000.0,378000.0,315000.0
ORD-104985,2026-02-26,,Online,C01158,Retail,SYS-ONLINE,Aksesoris,Mouse Wireless M20,3,0.3,Completed,180000.0,378000.0,315000.0
ORD-104986,2026-02-26,Kalimantan,Online,C01218,Retail,SYS-ONLINE,Aksesoris,Keyboard Mekanik K7,5,0.2,Completed,650000.0,2600000.0,1975000.0
ORD-104987,2026-02-26,Sumatera,Offline,C02398,UMKM,SR10,aksesoris ,Power Bank 20000mAh,6,0.0,Completed,320000.0,1920000.0,1202400.0
ORD-104988,2026-02-26,Jakarta,Offline,C00692,Retail,SR01,Aksesoris,Keyboard Mekanik K7,4,0.05,Completed,650000.0,2470000.0,1596000.0
RET-104863,2026-02-26,Jakarta,Online,K0151,Korporat,SYS-ONLINE,Smartphone,Smartphone Lumo X,-9,0.0,Returned,5500000.0,-49500000.0,-43358400.0
ORD-104989,2026-02-27,Sumatera,Online,C01513,UMKM,SYS-ONLINE,Aksesoris,Keyboard Mekanik K7,2,0.1,Completed,650000.0,1170000.0,804400.0
ORD-104990,2026-02-27,Sulawesi,Online,C00001,Retail,SYS-ONLINE,Peralatan Kantor,Kursi Ergonomis E1,1,0.05,Completed,1900000.0,1805000.0,1313500.0
ORD-104991,2026-02-27,Jawa Barat,Offline,C01173,Retail,SR05,Aksesoris,Power Bank 20000mAh,4,0.1,Completed,320000.0,1152000.0,810000.0
ORD-104992,2026-02-27,Jakarta,Online,C00516,Retail,SYS-ONLINE,Peralatan Kantor,Kursi Ergonomis E1,3,0.15,Completed,1900000.0,4845000.0,3927900.0
ORD-104993,2026-02-27,Kalimantan,Online,C00084,Retail,SYS-ONLINE,Laptop,Laptop Axio Pro 15,2,0.2,Completed,13000000.0,20800000.0,23544800.0
ORD-104994,2026-02-27,Jawa Timur,Offline,C00930,Retail,SR07,Smartphone,Smartphone Lumo X,1,25.0,Completed,5500000.0,4125000.0,4765300.0
ORD-104995,2026-02-27,Jakarta,Online,C01045,UMKM,SYS-ONLINE,Laptop,Laptop Axio 14,5,0.2,Cancelled,8500000.0,34000000.0,38181500.0
ORD-104996,2026-02-28,Jawa Barat,Offline,K0086,Korporat,SR04,Smartphone,Smartphone Lumo X,10,0.05,Completed,5500000.0,52250000.0,47441000.0
ORD-104997,2026-02-28,Jawa Timur,Online,C01465,Retail,SYS-ONLINE,Laptop,Laptop Axio 14,1,0.0,Completed,8500000.0,8500000.0,7628600.0
ORD-104998,2026-02-28,Sulawesi,Offline,C01497,Retail,SR18,Peralatan Kantor,Kursi Ergonomis E1,3,0.0,Completed,1900000.0,5700000.0,3942000.0
ORD-104999,2026-02-28,Jakarta,Online,C01582,UMKM,SYS-ONLINE,Aksesoris,Headset USB H3,13,0.15,Completed,350000.0,3867500.0,2744300.0
ORD-105000,2026-02-28,Sulawesi,Offline,C01268,Retail,SR16,Smartphone,Smartphone Lumo A5,2,0.0,Completed,2800000.0,5600000.0,4894400.0
ORD-104474,2026-01-03,Jawa Timur,Offline,C01834,Retail,SR07,Printer & Tinta,Tinta Botol Set CMYK,2,20.0,Completed,280000.0,448000.0,327600.0
ORD-104475,2026-01-03,Sumatera,Online,K0151,Korporat,SYS-ONLINE,Peralatan Kantor,Kursi Ergonomis E1,34,0.25,Completed,1900000.0,48450000.0,44448200.0
ORD-104476,2026-01-03,Sumatera,Offline,C00945,UMKM,SR10,Peralatan Kantor,Kertas A4 80gsm (rim),9,0.0,Completed,55000.0,495000.0,337500.0
ORD-104477,2026-01-03,Jawa barat ,Offline,K0024,Korporat,SR04,Laptop,Laptop Veno 13,10,0.0,Completed,6200000.0,62000000.0,55858000.0
ORD-104478,2026-01-03,Jawa Barat,Offline,C01497,UMKM,SR06,Aksesoris,Headset USB H3,14,0.0,Completed,350000.0,4900000.0,2906400.0
ORD-104479,2026-01-03,Jawa Timur,Offline,C00552,Retail,SR08,Peralatan Kantor,Kursi Ergonomis E1,3,0.2,Completed,1900000.0,4560000.0,3897000.0
ORD-104480,2026-01-03,Jawa Timur,Offline,C01783,Retail,SR07,Networking,Switch 8 Port S8,2,20.0,Completed,450000.0,720000.0,
RET-104321,2026-01-03,Jakarta,Online,C02383,UMKM,SYS-ONLINE,Aksesoris,Headset USB H3,-7,0.0,Returned,350000.0,-2450000.0,-1464400.0
RET-104399,2026-01-03,Sulawesi,Offline,C01840,UMKM,SR18,Printer & Tinta,Tinta Botol Set CMYK,-3,0.0,Returned,280000.0,-840000.0,-493500.0
RET-104428,2026-01-03,,ONLINE,C00341,Retail,SYS-ONLINE,Networking,Switch 8 Port S8,-3,0.05,Returned,450000.0,-1282500.0,-888600.0
ORD-104724,2026-02-03,Sumatera,Offline,C01172,UMKM,SR11,Peralatan Kantor,Kertas A4 80gsm (rim),7,0.0,Completed,55000.0,385000.0,263200.0
ORD-104725,2026-02-03,Sumatera,Offline,C00002,Retail,SR11,Networking,Router WiFi 6 R600,5,0.0,Completed,1200000.0,6000000.0,
ORD-104726,2026-02-03,Sumatera,online,C01745,Retail,SYS-ONLINE,Aksesoris,Power Bank 20000mAh,2,0.05,Completed,320000.0,608000.0,396200.0
ORD-104727,2026-02-03,Sumatera,Offline,C02137,UMKM,SR11,Laptop,Laptop Axio 14,1,5.0,Completed,8500000.0,8075000.0,7642500.0
ORD-104728,2026-02-03,Jakarta,Offline,C00873,UMKM,SR01,Aksesoris,Keyboard Mekanik K7,11,0.0,Completed,650000.0,7150000.0,4437400.0
ORD-104729,2026-02-03,Jawa Barat,Offline,C02080,Retail,SR05,Smartphone,Smartphone Lumo A5,2,0.0,Completed,2800000.0,5600000.0,4886000.0
ORD-104730,2026-02-03,Kalimantan,Online,C01333,Retail,SYS-ONLINE,Networking,Switch 8 Port S8,3,0.15,Completed,450000.0,1147500.0,
ORD-104731,2026-02-03,Jawa Barat,Offline,C01161,Retail,SR06,Smartphone,Smartphone Lumo A5,2,0.0,Completed,2800000.0,5600000.0,4922600.0
ORD-104732,2026-02-03,Jakarta,Online,C02200,Retail,SYS-ONLINE,Laptop,Laptop Axio 14,2,0.25,Completed,8500000.0,12750000.0,15262000.0
ORD-104733,2026-02-03,Sumatera,Offline,C00783,Retail,SR11,Aksesoris,Headset USB H3,2,0.0,Completed,350000.0,700000.0,421600.0
ORD-104734,2026-02-03,Kalimantan,Offline,C00811,Retail,SR15,Smartphone,Smartphone Lumo A5,1,0.0,Completed,2800000.0,2800000.0,2402200.0
ORD-104735,2026-02-03,Jawa Timur,Online,C01282,Retail,SYS-ONLINE,Aksesoris,Keyboard Mekanik K7,2,0.1,Cancelled,650000.0,1170000.0,805000.0
ORD-104736,2026-02-03,Jawa Timur,Online,C02348,UMKM,SYS-ONLINE,Aksesoris,Power Bank 20000mAh,5,0.05,Completed,320000.0,1520000.0,998500.0
ORD-104737,2026-02-03,Sumatera,Offline,C00310,Retail,SR10,Aksesoris,Power Bank 20000mAh,5,0.05,Completed,320000.0,1520000.0,1010000.0
ORD-104738,2026-02-03,kalimantan,Offline,K0133,Korporat,SR15,Peralatan Kantor,Kursi Ergonomis E1,17,0.0,Completed,1900000.0,32300000.0,21984400.0
RET-104629,2026-02-03,Jawa Barat,Offline,C00811,UMKM,SR05,Peralatan Kantor,Kursi Ergonomis E1,-4,0.05,Returned,1900000.0,-7220000.0,-5242800.0
ORD-105027,2026-03-03,jakarta,Offline,C01408,Retail,SR03,Aksesoris,Headset USB H3,5,0.05,Completed,350000.0,1662500.0,1052000.0
ORD-105028,2026-03-03,Jawa Timur,Offline,C01864,Retail,SR09,Laptop,Laptop Axio Pro 15,1,0.05,Completed,13000000.0,12350000.0,11785200.0
ORD-105029,2026-03-03,Sumatra,Offline,C00354,Retail,SR11,Peralatan Kantor,Kursi Ergonomis E1,2,0.0,Completed,1900000.0,3800000.0,2572600.0
ORD-105030,2026-03-03,Kalimantan,Online,C01488,Retail,SYS-ONLINE,Networking,Switch 8 Port S8,1,0.0,Completed,450000.0,450000.0,303900.0
ORD-105031,2026-03-03,Kalimantan,Online,C01191,UMKM,SYS-ONLINE,Aksesoris,Headset USB H3,5,0.05,Completed,350000.0,1662500.0,1065500.0
ORD-105032,2026-03-03,Sumatera,Offline,C00506,UMKM,SR10,Smartphone,Smartphone Lumo X,4,0.0,Completed,5500000.0,22000000.0,19002000.0
ORD-105033,2026-03-03,Jakarta,Online,K0033,Korporat,SYS-ONLINE,Peralatan Kantor,Kertas A4 80gsm (rim),48,0.05,Completed,55000.0,2508000.0,1809600.0
ORD-105034,2026-03-03,Jakarta,Offline,C01465,UMKM,SR02,Smartphone,Smartphone Lumo X,5,0.0,Completed,5500000.0,27500000.0,24095500.0
ORD-105035,2026-03-03,Jawa Barat,Offline,C01782,Retail,SR04,Aksesoris,Headset USB H3,4,0.05,Completed,350000.0,1330000.0,834000.0
ORD-105036,2026-03-03,JKT ,Offline,C00771,Retail,SR01,Networking,Router WiFi 6 R600,1,0.0,Completed,1200000.0,1200000.0,
ORD-105037,2026-03-03,Sulawesi,Offline,C01635,UMKM,SR17,Networking,Router WiFi 6 R600,12,0.05,Completed,1200000.0,13680000.0,
ORD-105038,2026-03-03,Jawa Barat,Online,C01482,UMKM,SYS-ONLINE,Smartphone,Smartphone Lumo A5,3,0.1,Completed,2800000.0,7560000.0,7279200.0
ORD-105433,2026-04-03,Jawa Barat,Online,K0060,Korporat,SYS-ONLINE,Peralatan Kantor,Kertas A4 80gsm (rim),14,0.25,Completed,55000.0,577500.0,536200.0
ORD-105435,2026-04-03,Sumatera,Online,C01952,Retail,SYS-ONLINE,Aksesoris,Keyboard Mekanik K7,5,0.2,Completed,650000.0,2600000.0,2021000.0
ORD-105436,2026-04-03,Jawa Timur,Online,C01542,Retail,SYS-ONLINE,Printer & Tinta,Printer InkJet P200,1,0.3,Completed,2100000.0,1470000.0,1704000.0
ORD-105440,2026-04-03,Sumatera,Online,C00145,Retail,SYS-ONLINE,Networking,Switch 8 Port S8,1,0.15,Completed,450000.0,382500.0,
ORD-105906,2026-06-03,Jakarta,Online,C00920,UMKM,SYS-ONLINE,Peralatan Kantor,Kertas A4 80gsm (rim),14,0.25,Completed,55000.0,577500.0,529200.0
ORD-105907,2026-06-03,Jakarta,Online,C00289,UMKM,SYS-ONLINE,LAPTOP,Laptop Axio 14,4,0.0,Completed,8500000.0,34000000.0,30325200.0
ORD-105908,2026-06-03,Jawa Timur,Online,C01238,Retail,SYS-ONLINE,Aksesoris,Keyboard Mekanik K7,5,0.2,Completed,650000.0,2600000.0,1982500.0
ORD-105909,2026-06-03,Jawa Timur,Online,C01347,UMKM,SYS-ONLINE,Peralatan Kantor,Kertas A4 80gsm (rim),7,0.25,Completed,55000.0,288750.0,268800.0
ORD-105914,2026-06-03,Jakarta,Online,K0105,Korporat,SYS-ONLINE,Smartphone,Smartphone Lumo X,10,0.05,Completed,5500000.0,52250000.0,48481000.0
ORD-106206,2026-07-03,Jawa Barat,Online,C01277,Retail,SYS-ONLINE,Aksesoris,Headset USB H3,3,0.15,Completed,350000.0,892500.0,621600.0
ORD-106211,2026-07-03,Jakarta,Online,K0160,Korporat,SYS-ONLINE,Printer & Tinta,Tinta Botol Set CMYK,9,0.2,Completed,280000.0,2016000.0,1478700.0
ORD-106540,2026-08-03,Jakarta,Online,C02125,Retail,SYS-ONLINE,Peralatan Kantor,Kursi Ergonomis E1,2,0.3,Completed,1900000.0,2660000.0,2574400.0
ORD-106828,2026-09-03,Kalimantan,Online,C01037,Retail,SYS-ONLINE,Laptop,Laptop Axio 14,1,0.3,Completed,8500000.0,5950000.0,7657500.0
ORD-106829,2026-09-03,Jakarta,Online,C01125,UMKM,SYS-ONLINE,Smartphone,Smartphone Lumo A5,1,0.0,Completed,2800000.0,2800000.0,2433700.0
ORD-106837,2026-09-03,Jakarta,Online,C00446,UMKM,SYS-ONLINE,Peralatan Kantor,Kertas A4 80gsm (rim),6,0.0,Completed,55000.0,330000.0,224400.0
ORD-106838,2026-09-03,Jawa Timur,Online,C01081,Retail,SYS-ONLINE,Networking,Switch 8 Port S8,2,0.3,Completed,450000.0,630000.0,600400.0
ORD-105138,2026-03-13,Jawa Timur,Offline,C01615,Retail,SR09,Aksesoris,Keyboard Mekanik K7,2,0.05,Completed,650000.0,1235000.0,809800.0
ORD-105139,2026-03-13,Jawa Timur,Online,C00940,Retail,SYS-ONLINE,Laptop,Laptop Axio Pro 15,1,0.05,Completed,13000000.0,12350000.0,11655300.0
ORD-105140,2026-03-13,Jawa Barat,Online,C02208,Retail,SYS-ONLINE,Aksesoris,Power Bank 20000mAh,1,0.25,Completed,320000.0,240000.0,197800.0
ORD-105141,2026-03-13,Jakarta,Online,C01948,Retail,SYS-ONLINE,Laptop,Laptop Veno 13,1,0.3,Completed,6200000.0,4340000.0,5500700.0
ORD-105142,2026-03-13,Jakarta,Online,C01292,Retail,SYS-ONLINE,Smartphone,Smartphone Lumo A5,1,0.1,Completed,2800000.0,2520000.0,2448800.0
ORD-105143,2026-03-13,Jakarta,Online,C02081,UMKM,SYS-ONLINE,Printer & Tinta,Tinta Botol Set CMYK,5,0.0,Completed,280000.0,1400000.0,826500.0
ORD-105144,2026-03-13,Sulawesi,Offline,C00810,Retail,SR18,Networking,Router WiFi 6 R600,4,0.0,Completed,1200000.0,4800000.0,3443200.0
ORD-105145,2026-03-13,Jakarta,Offline,C00353,UMKM,SR01,Peralatan Kantor,Kursi Ergonomis E1,7,0.05,Completed,1900000.0,12635000.0,9013900.0
ORD-105146,2026-03-13,Jawa Timur,Offline,C01256,Retail,SR09,Aksesoris,Keyboard Mekanik K7,2,0.0,Completed,650000.0,1300000.0,799800.0
ORD-105147,2026-03-13,Sulawesi,Online,C02086,Retail,SYS-ONLINE,Aksesoris,Keyboard Mekanik K7,4,0.15,Completed,650000.0,2210000.0,1603600.0
ORD-105148,2026-03-13,Jawa Timur,Offline,C01308,Retail,SR09,Aksesoris,Keyboard Mekanik K7,3,0.25,Completed,650000.0,1462500.0,1191000.0
ORD-105149,2026-03-13,Jawa Barat,Offline,C01797,UMKM,SR06,Smartphone,Smartphone Lumo X,2,0.05,Completed,5500000.0,10450000.0,9636800.0
ORD-105150,2026-03-13,Jakarta,Offline,C02051,Retail,SR01,Aksesoris,Power Bank 20000mAh,4,0.1,Completed,320000.0,1152000.0,794000.0
ORD-105151,2026-03-13,Jakarta,Offline,C01474,UMKM,SR02,Smartphone,Smartphone Lumo X,2,0.05,Completed,5500000.0,10450000.0,9618000.0
ORD-105152,2026-03-13,Jakarta,Offline,C00250,Retail,SR03,Printer & Tinta,Printer InkJet P200,2,0.05,Completed,2100000.0,3990000.0,3387400.0
ORD-105153,2026-03-13,Sumatera,Online,K0032,Korporat,SYS-ONLINE,Aksesoris,Headset USB H3,34,0.2,Completed,350000.0,9520000.0,7194400.0
ORD-105154,2026-03-13,Sumatera,Online,C00965,UMKM,SYS-ONLINE,Networking,Switch 8 Port S8,4,0.25,Completed,450000.0,1350000.0,1188800.0
ORD-105155,2026-03-13,Sumatera,Online,C01969,Retail,SYS-ONLINE,Aksesoris,Mouse Wireless M20,5,0.1,Completed,180000.0,810000.0,523500.0
ORD-105156,2026-03-14,Kalimantan,Online,C02345,Retail,SYS-ONLINE,Aksesoris,Headset USB H3,3,0.2,Completed,350000.0,840000.0,621900.0
ORD-105157,2026-03-14,Jawa Timur,Offline,C01571,Retail,SR07,Printer & Tinta,Printer InkJet P200,2,0.0,Completed,2100000.0,4200000.0,3439400.0
ORD-105158,2026-03-14,Jawa Timur,Offline,C01194,Retail,SR07,Peralatan Kantor,Kertas A4 80gsm (rim),3,5.0,Completed,55000.0,156750.0,114600.0
ORD-105159,2026-03-14,JKT ,Offline,C00094,Retail,SR02,Laptop,Laptop Veno 13,1,0.0,Completed,6200000.0,6200000.0,5615000.0
ORD-105160,2026-03-14,Jawa Timur,Offline,C02379,Retail,SR09,Peralatan Kantor,Kursi Ergonomis E1,3,0.0,Completed,1900000.0,5700000.0,3860700.0
ORD-105161,2026-03-14,jawa timur,Online,C01638,Retail,SYS-ONLINE,Printer & Tinta,Printer InkJet P200,2,0.25,Completed,2100000.0,3150000.0,3446200.0
ORD-105162,2026-03-14,Jakarta,Online,C00691,Retail,SYS-ONLINE,Smartphone,Smartphone Lumo X,2,0.25,Completed,5500000.0,8250000.0,9613000.0
ORD-105163,2026-03-14,Jawa Barat,Online,C01114,UMKM,SYS-ONLINE,Smartphone,Smartphone Lumo A5,1,0.15,Completed,2800000.0,2380000.0,2453300.0
ORD-105164,2026-03-14,Jakarta,Offline,C00111,Retail,SR02,Aksesoris,Headset USB H3,1,0.0,Completed,350000.0,350000.0,207500.0
ORD-105165,2026-03-14,Jawa Barat,Offline,C01569,Retail,SR04,Aksesoris,Keyboard Mekanik K7,4,0.0,Completed,650000.0,2600000.0,1582400.0
ORD-105166,2026-03-14,,Online,C00017,UMKM,SYS-ONLINE,Smartphone,Smartphone Lumo A5,5,0.05,Completed,2800000.0,13300000.0,12113500.0
ORD-105167,2026-03-14,Jawa Timur,Offline,K0177,Korporat,SR08,Smartphone,Smartphone Lumo X,4,0.0,Completed,5500000.0,22000000.0,19038800.0
ORD-105168,2026-03-14,Kalimantan,Offline,K0055,Korporat,SR14,Laptop,Laptop Axio 14,6,0.0,Completed,8500000.0,51000000.0,44955600.0
ORD-105169,2026-03-14,Jawa Timur,Offline,C00869,Retail,SR08,Peralatan Kantor,Kertas A4 80gsm (rim),5,0.0,Completed,55000.0,275000.0,190500.0
ORD-105170,2026-03-14,Sulawesi,Offline,C00926,Retail,SR16,Printer & Tinta,Tinta Botol Set CMYK,1,0.0,Completed,280000.0,280000.0,166100.0
ORD-105171,2026-03-14,Jakarta,Online,C01591,Retail,SYS-ONLINE,Peralatan Kantor,Kursi Ergonomis E1,1,0.2,Completed,1900000.0,1520000.0,1285500.0
ORD-105171,2026-03-14,Jakarta,Online,C01591,Retail,SYS-ONLINE,Peralatan Kantor,Kursi Ergonomis E1,1,0.2,Completed,1900000.0,1520000.0,1285500.0
ORD-105172,2026-03-14,Jakarta,Online,C00909,Retail,SYS-ONLINE,Laptop,Laptop Axio Pro 15,1,0.0,Completed,13000000.0,13000000.0,11743500.0
ORD-105173,2026-03-14,Jawa Timur,Offline,C01432,Retail,SR07,Aksesoris,Mouse Wireless M20,3,0.0,Completed,180000.0,540000.0,311700.0
ORD-105174,2026-03-15,Jakarta,Online,C00547,Retail,SYS-ONLINE,Smartphone,Smartphone Lumo X,2,0.1,Completed,5500000.0,9900000.0,9707000.0
ORD-105175,2026-03-15,Jawa Barat,Online,C00949,UMKM,SYS-ONLINE,Networking,Switch 8 Port S8,1,0.2,Completed,450000.0,360000.0,301500.0
ORD-105176,2026-03-15,Sulawesi,Offline,C01328,UMKM,SR18,Printer & Tinta,Printer InkJet P200,1,0.0,Completed,2100000.0,2100000.0,1719300.0
ORD-105177,2026-03-15,Jawa Timur,Offline,C00323,Retail,SR08,Smartphone,Smartphone Lumo X,1,0.0,Completed,5500000.0,5500000.0,4762800.0
ORD-105178,2026-03-15,Jakarta,Online,C00858,UMKM,SYS-ONLINE,Smartphone,Smartphone Lumo X,4,0.05,Completed,5500000.0,20900000.0,19269600.0
ORD-105179,2026-03-15,Jakarta,Online,C02244,UMKM,SYS-ONLINE,Smartphone,Smartphone Lumo A5,3,0.05,Completed,2800000.0,7980000.0,7386300.0
ORD-105180,2026-03-15,Jawa Timur,Offline,C02295,Retail,SR09,Laptop,Laptop Axio 14,2,0.3,Completed,8500000.0,11900000.0,15215200.0
ORD-105181,2026-03-15,Jawa Timur,Offline,C00807,UMKM,SR08,Aksesoris,Power Bank 20000mAh,3,0.0,Completed,320000.0,960000.0,608100.0
ORD-105182,2026-03-15,Jawa Timur,Offline,K0099,Korporat,SR08,Printer & Tinta,Printer InkJet P200,2,0.25,Completed,2100000.0,3150000.0,3383000.0
ORD-105183,2026-03-15,Jawa Timur,Offline,C00841,UMKM,SR07,Printer & Tinta,Tinta Botol Set CMYK,5,25.0,Completed,280000.0,1050000.0,821000.0
ORD-105184,2026-03-15,Sulawesi,Offline,C01266,Retail,SR18,Laptop,Laptop Axio 14,2,0.0,Completed,8500000.0,17000000.0,15088600.0
ORD-105184,2026-03-15,Sulawesi,Offline,C01266,Retail,SR18,Laptop,Laptop Axio 14,2,0.0,Completed,8500000.0,17000000.0,15088600.0
ORD-105185,2026-03-15,Kalimantan,Online,C01076,UMKM,SYS-ONLINE,Peralatan Kantor,Kertas A4 80gsm (rim),2,0.0,Completed,55000.0,110000.0,75800.0
ORD-105186,2026-03-15,Sumatera,Offline,C01912,Retail,SR10,Printer & Tinta,Tinta Botol Set CMYK,1,0.0,Completed,280000.0,280000.0,163100.0
ORD-105187,2026-03-15,Jakarta,Online,C00821,Retail,SYS-ONLINE,Smartphone,Smartphone Lumo X,1,0.0,Completed,5500000.0,5500000.0,4772400.0
ORD-105188,2026-03-15,Sumatera,Offline,C00531,Retail,SR11,Peralatan Kantor,Kertas A4 80gsm (rim),1,0.0,Completed,55000.0,55000.0,38100.0
ORD-105189,2026-03-15,Sumatra,Offline,C01863,Retail,SR11,networking,Switch 8 Port S8,4,5.0,Completed,450000.0,1710000.0,1198000.0
ORD-105190,2026-03-15,Kalimantan,Online,C01292,Retail,SYS-ONLINE,Peralatan Kantor,Kertas A4 80gsm (rim),3,0.0,Completed,55000.0,165000.0,114000.0
ORD-105191,2026-03-16,Kalimantan,Offline,C02071,UMKM,SR13,Aksesoris,Mouse Wireless M20,9,0.0,Completed,180000.0,1620000.0,950400.0
ORD-105192,2026-03-16,kalimantan,Offline,C01965,Retail,SR13,Networking,Router WiFi 6 R600,3,0.0,Completed,1200000.0,3600000.0,
ORD-105193,2026-03-16,Kalimantan,Online,C00207,Retail,SYS-ONLINE,Networking,Router WiFi 6 R600,5,0.0,Cancelled,1200000.0,6000000.0,4249500.0
ORD-105194,2026-03-16,Kalimantan,Online,C00235,Retail,SYS-ONLINE,Laptop,Laptop Axio 14,2,0.2,Completed,8500000.0,13600000.0,15309800.0
ORD-105195,2026-03-16,Sulawesi,Offline,C01281,Retail,SR18,Peralatan Kantor,Kursi Ergonomis E1,1,0.1,Completed,1900000.0,1710000.0,1297200.0
ORD-105196,2026-03-16,Jakarta,Offline,C01026,UMKM,SR01,Printer & Tinta,Printer InkJet P200,5,0.0,Completed,2100000.0,10500000.0,8578000.0
ORD-105197,2026-03-16,Jawa Timur,Offline,C00290,Retail,SR09,Laptop,Laptop Axio 14,2,0.1,Completed,8500000.0,15300000.0,15065600.0
ORD-105198,2026-03-16,Jawa Timur,Offline,C00385,Retail,SR09,Peralatan Kantor,Kursi Ergonomis E1,4,0.1,Completed,1900000.0,6840000.0,5221600.0
ORD-105199,2026-03-16,JKT ,Online,K0006,Korporat,SYS-ONLINE,Peralatan Kantor,Kertas A4 80gsm (rim),45,0.05,Completed,55000.0,2351250.0,1732500.0
ORD-105200,2026-03-16,Jawa Barat,Online,C00449,Retail,SYS-ONLINE,Laptop,Laptop Axio Pro 15,1,0.3,Completed,13000000.0,9100000.0,11720500.0
ORD-105201,2026-03-17,Jakarta,Offline,C00057,Retail,SR02,Smartphone,Smartphone Lumo X,2,0.1,Completed,5500000.0,9900000.0,9542600.0
ORD-105202,2026-03-17,Jakarta,Offline,C00494,Retail,SR03,Printer & Tinta,Printer InkJet P200,1,0.0,Completed,2100000.0,2100000.0,1696000.0
ORD-105203,2026-03-17,Jakarta,Offline,C01062,UMKM,SR02,Laptop,Laptop Axio 14,4,0.0,Completed,8500000.0,34000000.0,30564400.0
ORD-105204,2026-03-17,Jawa Barat,Offline,C02377,UMKM,SR05,Networking,Router WiFi 6 R600,2,0.05,Completed,1200000.0,2280000.0,1699800.0
ORD-105205,2026-03-17,Jawa Timur,Offline,C01198,Retail,SR07,Aksesori,Keyboard Mekanik K7,2,30.0,Completed,650000.0,910000.0,798200.0
ORD-105206,2026-03-17,Sulawesi,Offline,C01229,Retail,SR17,Smartphone,Smartphone Lumo X,2,0.0,Completed,5500000.0,11000000.0,9615000.0
ORD-105207,2026-03-17,Jakarta,Offline,C00086,UMKM,SR03,Peralatan Kantor,Kertas A4 80gsm (rim),3,0.05,Completed,55000.0,156750.0,112800.0
ORD-105208,2026-03-17,Sulawesi,Online,K0022,Korporat,SYS-ONLINE,Aksesoris,Keyboard Mekanik K7,9,0.1,Completed,650000.0,5265000.0,3582900.0
ORD-105209,2026-03-17,Sulawesi,Online,C00696,Retail,SYS-ONLINE,Networking,Router WiFi 6 R600,5,0.0,Completed,1200000.0,6000000.0,4215500.0
ORD-105210,2026-03-17,Jakarta,Offline,C01992,UMKM,SR01,Printer & Tinta,Tinta Botol Set CMYK,3,0.05,Completed,280000.0,798000.0,495600.0
ORD-105211,2026-03-17,Jawa Barat,Offline,K0017,Korporat,SR05,Smartphone,Smartphone Lumo A5,8,0.05,Completed,2800000.0,21280000.0,19481600.0
ORD-105212,2026-03-17,Sumatera,Online,C02255,Retail,SYS-ONLINE,Smartphone,Smartphone Lumo X,2,0.1,Completed,5500000.0,9900000.0,9615400.0
ORD-105213,2026-03-18,Jawa Barat,Online,K0083,Korporat,SYS-ONLINE,Peralatan Kantor,Kursi Ergonomis E1,38,0.0,Cancelled,1900000.0,72200000.0,50080200.0
ORD-105214,2026-03-18,Sumatera,Offline,C00147,Retail,SR12,Smartphone,Smartphone Lumo X,1,0.05,Completed,5500000.0,5225000.0,4800100.0
ORD-105215,2026-03-18,Jakarta,Online,K0054,Korporat,SYS-ONLINE,Peralatan Kantor,Kursi Ergonomis E1,24,0.2,Completed,1900000.0,36480000.0,31044000.0
ORD-105216,2026-03-18,Jakarta,Online,C01492,UMKM,SYS-ONLINE,Printer & Tinta,Tinta Botol Set CMYK,5,0.0,Cancelled,280000.0,1400000.0,836000.0
ORD-105217,2026-03-18,Jakarta,Offline,C00416,Retail,SR03,Aksesoris,Power Bank 20000mAh,3,0.05,Completed,320000.0,912000.0,592200.0
ORD-105218,2026-03-18,Sulawesi,Online,C00296,Retail,SYS-ONLINE,smartphone,Smartphone Lumo X,1,0.3,Completed,5500000.0,3850000.0,4801800.0
ORD-105219,2026-03-18,Kalimantan,Online,C01608,Retail,SYS-ONLINE,Laptop,Laptop Axio Pro 15,1,0.1,Completed,13000000.0,11700000.0,11665900.0
ORD-105220,2026-03-18,Kalimantan,Online,C01459,Retail,SYS-ONLINE,Peralatan Kantor,Kursi Ergonomis E1,4,0.1,Completed,1900000.0,6840000.0,5259600.0
ORD-105221,2026-03-18,Sumatera,Online,K0070,Korporat,SYS-ONLINE,Printer & Tinta,Printer InkJet P200,6,0.3,Completed,2100000.0,8820000.0,10263600.0
ORD-105222,2026-03-18,jakarta,Offline,C00241,Retail,SR01,Laptop,Laptop Axio 14,2,0.0,Completed,8500000.0,17000000.0,15103200.0
ORD-105223,2026-03-18,Jawa Barat,Offline,C02361,Retail,SR05,Smartphone,Smartphone Lumo A5,2,0.1,Completed,2800000.0,5040000.0,4874000.0
ORD-105224,2026-03-18,Jakarta,Offline,C02211,Retail,SR02,Printer & Tinta,Tinta Botol Set CMYK,2,0.0,Completed,280000.0,560000.0,326800.0
ORD-105225,2026-03-18,JKT ,Offline,C01909,UMKM,SR02,Laptop,Laptop Veno 13,2,0.0,Completed,6200000.0,12400000.0,10993400.0
ORD-105226,2026-03-18,Jakarta,Offline,C00733,Retail,SR02,Smartphone,Smartphone Lumo X,2,0.1,Completed,5500000.0,9900000.0,9670800.0
ORD-105227,2026-03-18,Jawa Timur,Online,K0035,Korporat,SYS-ONLINE,Smartphone,Smartphone Lumo A5,6,0.1,Completed,2800000.0,15120000.0,14459400.0
ORD-105228,2026-03-18,Jatim,Online,C01621,UMKM,SYS-ONLINE,Printer & Tinta,Printer InkJet P200,1,0.2,Completed,2100000.0,1680000.0,1697400.0
ORD-105229,2026-03-18,Sulawesi,Online,C00625,UMKM,SYS-ONLINE,Printer & Tinta,Tinta Botol Set CMYK,3,0.2,Completed,280000.0,672000.0,493800.0
ORD-105230,2026-03-18,Jakarta,Offline,C01817,Retail,SR02,Networking,Switch 8 Port S8,4,0.1,Completed,450000.0,1620000.0,
ORD-105231,2026-03-18,Jawa Barat,Online,C00185,Retail,SYS-ONLINE,Smartphone,Smartphone Lumo X,2,0.0,Completed,5500000.0,11000000.0,9660000.0
ORD-105232,2026-03-18,Jakarta,Offline,C00144,UMKM,SR03,Peralatan Kantor,Kertas A4 80gsm (rim),10,0.05,Completed,55000.0,522500.0,386000.0
ORD-105233,2026-03-18,Jakarta,Offline,K0076,Korporat,SR02,Aksesoris,Keyboard Mekanik K7,24,0.0,Completed,650000.0,15600000.0,9494400.0
ORD-105234,2026-03-18,Jawa Timur,Offline,C00942,Retail,SR09,Peralatan Kantor,Kertas A4 80gsm (rim),1,0.05,Completed,55000.0,52250.0,38300.0
ORD-105235,2026-03-18,Kalimantan,Online,C02298,Retail,SYS-ONLINE,Aksesoris,Headset USB H3,4,0.0,Completed,350000.0,1400000.0,836000.0
ORD-105236,2026-03-18,Kalimantan,Online,C01567,Retail,SYS-ONLINE,Aksesoris,Headset USB H3,2,0.0,Completed,350000.0,700000.0,418800.0
ORD-106979,2026-03-18,DKI Jakarta,Online,C01492,UMKM,SYS-ONLINE,Printer&Tinta,Tinta Botol Set CMYK,5,0.0,Cancelled,280000.0,1400000.0,817500.0
RET-105159,2026-03-18,Jakarta,Offline,C00094,Retail,SR02,Laptop,Laptop Veno 13,-1,0.0,Returned,6200000.0,-6200000.0,-5615000.0
ORD-105237,2026-03-19,Jakarta,Offline,C01640,UMKM,SR01,Networking,Router WiFi 6 R600,4,0.0,Completed,1200000.0,4800000.0,
ORD-105238,2026-03-19,Jawa Barat,Offline,C00282,Retail,SR04,Aksesoris,Keyboard Mekanik K7,1,0.05,Completed,650000.0,617500.0,401500.0
ORD-105239,2026-03-19,Jatim,Offline,C00693,Retail,SR09,Peralatan Kantor,Kertas A4 80gsm (rim),2,0.0,Completed,55000.0,110000.0,76800.0
ORD-105240,2026-03-19,Jawa Barat,Offline,C01945,UMKM,SR05,Aksesoris,Power Bank 20000mAh,1,0.0,Completed,320000.0,320000.0,198000.0
ORD-105240,2026-03-19,Jawa Barat,Offline,C01945,UMKM,SR05,Aksesoris,Power Bank 20000mAh,1,0.0,Completed,320000.0,320000.0,198000.0
ORD-105241,2026-03-19,Jawa Timur,Offline,K0031,Korporat,SR08,Peralatan Kantor,Kertas A4 80gsm (rim),48,0.2,Completed,55000.0,2112000.0,1838400.0
ORD-105242,2026-03-19,Jakarta,Offline,C00872,Retail,SR02,Printer & Tinta,Printer InkJet P200,2,0.0,Completed,2100000.0,4200000.0,3365400.0
ORD-105243,2026-03-19,Jakarta,Offline,K0179,Korporat,SR03,Aksesoris,Headset USB H3,8,0.05,Completed,350000.0,2660000.0,1670400.0
ORD-105244,2026-03-20,Jakarta,Offline,C01272,Retail,SR02,Smartphone,Smartphone Lumo X,2,0.0,Completed,5500000.0,11000000.0,9686200.0
ORD-105245,2026-03-20,Sumatera,Offline,C01119,Retail,SR12,Laptop,Laptop Axio 14,2,0.0,Completed,8500000.0,17000000.0,15228600.0
ORD-105246,2026-03-20,Sumatera,Online,C02076,UMKM,SYS-ONLINE,Aksesoris,Headset USB H3,7,0.0,Completed,350000.0,2450000.0,1469300.0
ORD-105247,2026-03-20,Jakarta,Offline,C02136,UMKM,SR02,Smartphone,Smartphone Lumo X,4,0.0,Completed,5500000.0,22000000.0,18940400.0
ORD-105248,2026-03-20,Jawa Barat,Offline,C01942,Retail,SR06,Printer & Tinta,Tinta Botol Set CMYK,1,0.0,Completed,280000.0,280000.0,164100.0
ORD-105249,2026-03-20,Jawa Barat,Offline,C01893,Retail,SR04,Aksesoris,Headset USB H3,3,0.0,Completed,350000.0,1050000.0,625500.0
ORD-105250,2026-03-20,Jawa Timur,Offline,C01139,Retail,SR08,Smartphone,Smartphone Lumo X,2,0.0,Completed,5500000.0,11000000.0,9623600.0
ORD-105251,2026-03-20,Jawa Timur,Offline,C02340,UMKM,SR07,Peralatan Kantor,Kursi Ergonomis E1,10,0.0,Cancelled,1900000.0,19000000.0,13055000.0
ORD-105252,2026-03-20,Sumatera,ONLINE,C02172,Retail,SYS-ONLINE,Laptop,Laptop Axio Pro 15,2,0.0,Completed,13000000.0,26000000.0,23126800.0
ORD-105253,2026-03-20,Jawa Timur,Online,C01549,Retail,SYS-ONLINE,Laptop,Laptop Axio Pro 15,2,0.05,Completed,13000000.0,24700000.0,23233800.0
RET-105088,2026-03-20,Jakarta,Offline,C00067,Retail,SR01,Smartphone,Smartphone Lumo A5,-1,0.0,Returned,2800000.0,-2800000.0,-2402800.0
RET-105136,2026-03-20,,Online,C00588,UMKM,SYS-ONLINE,Aksesoris,Mouse Wireless M20,-5,0.0,Returned,180000.0,-900000.0,-524500.0
ORD-105254,2026-03-21,Sumatera,Offline,K0004,Korporat,SR11,Aksesoris,Mouse Wireless M20,42,10.0,Completed,180000.0,6804000.0,4351200.0
ORD-105255,2026-03-21,Jawa Timur,Online,K0002,Korporat,SYS-ONLINE,Laptop,Laptop Axio 14,4,0.05,Completed,8500000.0,32300000.0,30180800.0
ORD-105256,2026-03-21,Sumatera,Online,C00333,UMKM,SYS-ONLINE,Laptop,Laptop Veno 13,3,0.0,Completed,6200000.0,18600000.0,16446600.0
ORD-105257,2026-03-21,Jawa Barat,Offline,C01399,Retail,SR05,Printer & Tinta,Printer InkJet P200,1,0.05,Completed,2100000.0,1995000.0,1677400.0
ORD-105258,2026-03-21,Kalimantan,Offline,C00475,UMKM,SR14,Networking,Switch 8 Port S8,10,0.0,Completed,450000.0,4500000.0,
ORD-105259,2026-03-21,Jawa Timur,Online,K0154,Korporat,SYS-ONLINE,Peralatan Kantor,Kursi Ergonomis E1,31,0.1,Completed,1900000.0,53010000.0,40132600.0
ORD-105260,2026-03-21,Sulawesi,Online,C00905,Retail,SYS-ONLINE,Aksesoris,Keyboard Mekanik K7,5,0.3,Completed,650000.0,2275000.0,2010500.0
ORD-105261,2026-03-21,Kalimantan,Offline,C00138,Retail,SR14,Laptop,Laptop Veno 13,1,0.0,Completed,6200000.0,6200000.0,5492100.0
ORD-105262,2026-03-21,Sumatera,Offline,C00578,Retail,SR12,Laptop,Laptop Axio Pro 15,1,0.05,Completed,13000000.0,12350000.0,11821700.0
ORD-105263,2026-03-21,Jawa Barat,Offline,C01076,UMKM,SR04,Peralatan Kantor,Kertas A4 80gsm (rim),5,0.0,Completed,55000.0,275000.0,188000.0
ORD-105264,2026-03-21,Jawa Timur,online,C00419,UMKM,SYS-ONLINE,Peralatan Kantor,Kursi Ergonomis E1,9,0.1,Completed,1900000.0,15390000.0,11855700.0
ORD-105265,2026-03-21,,Online,C02193,Retail,SYS-ONLINE,Smartphone,Smartphone Lumo X,1,0.3,Completed,5500000.0,3850000.0,4860400.0
ORD-105266,2026-03-21,Kalimantan,Offline,K0091,Korporat,SR15,Peralatan Kantor,Kertas A4 80gsm (rim),34,0.0,Completed,55000.0,1870000.0,1298800.0
ORD-105267,2026-03-21,Jakarta,Offline,C00205,Retail,SR01,Aksesoris,Power Bank 20000mAh,2,0.0,Completed,320000.0,640000.0,
ORD-105268,2026-03-22,Jawa Timur,Offline,C01772,Retail,SR07,Aksesoris,Keyboard Mekanik K7,5,5.0,Completed,650000.0,3087500.0,
ORD-105269,2026-03-22,Sulawesi,Offline,C01894,UMKM,SR16,Peralatan Kantor,Kursi Ergonomis E1,2,0.0,Completed,1900000.0,3800000.0,2590800.0
ORD-105270,2026-03-22,Jakarta,Offline,K0179,Korporat,SR01,Peralatan Kantor,Kertas A4 80gsm (rim),164,0.12,Completed,55000.0,7937600.0,6297600.0
ORD-105271,2026-03-22,kalimantan,Online,C01936,Retail,SYS-ONLINE,Networking,Switch 8 Port S8,3,0.25,Completed,450000.0,1012500.0,911400.0
ORD-105272,2026-03-22,Jakarta,Offline,C01898,Retail,SR01,Laptop,Laptop Axio Pro 15,2,0.0,Completed,13000000.0,26000000.0,23270000.0
ORD-105273,2026-03-22,Jakarta,Offline,C01573,Retail,SR02,Peralatan Kantor,Kertas A4 80gsm (rim),4,0.0,Cancelled,55000.0,220000.0,151600.0
ORD-105274,2026-03-22,Jakarta,Online,C02198,Retail,SYS-ONLINE,Networking,Switch 8 Port S8,5,0.05,Completed,450000.0,2137500.0,
ORD-105274,2026-03-22,Jakarta,Online,C02198,Retail,SYS-ONLINE,Networking,Switch 8 Port S8,5,0.05,Completed,450000.0,2137500.0,
ORD-105275,2026-03-22,Kalimantan,Offline,C00591,Retail,SR15,Printer & Tinta,Printer InkJet P200,1,0.0,Completed,2100000.0,2100000.0,1674700.0
ORD-105276,2026-03-22,Jakarta,Offline,C00952,Retail,SR03,Smartphone,Smartphone Lumo A5,1,0.05,Completed,2800000.0,2660000.0,2432500.0
ORD-105277,2026-03-22,Jawa Timur,Offline,C01772,Retail,SR07,Laptop,Laptop Axio Pro 15,1,20.0,Completed,13000000.0,10400000.0,11575000.0
ORD-105278,2026-03-22,Sumatera,Offline,C01085,UMKM,SR12,Aksesoris,Headset USB H3,11,0.0,Completed,350000.0,3850000.0,2329800.0
ORD-105279,2026-03-22,Sumatera,Offline,C00924,Retail,SR12,Peralatan Kantor,Kertas A4 80gsm (rim),2,0.0,Completed,55000.0,110000.0,75400.0
ORD-105280,2026-03-23,Jawa Barat,Offline,C00570,UMKM,SR04,Smartphone,Smartphone Lumo A5,1,0.1,Completed,2800000.0,2520000.0,2463200.0
ORD-105281,2026-03-23,Sumatera,Offline,C01130,Retail,SR11,Printer & Tinta,Printer InkJet P200,1,10.0,Completed,2100000.0,1890000.0,1704400.0
ORD-105282,2026-03-23,Sulawesi,Online,K0083,Korporat,SYS-ONLINE,Laptop,Laptop Veno 13,3,0.05,Completed,6200000.0,17670000.0,16493400.0
ORD-105283,2026-03-23,Jawa Timur,Offline,C01536,Retail,SR09,Aksesoris,Headset USB H3,3,0.0,Completed,350000.0,1050000.0,636600.0
ORD-105284,2026-03-23,Kalimantan,Offline,C01057,UMKM,SR14,Networking,Router WiFi 6 R600,11,0.0,Completed,1200000.0,13200000.0,
ORD-105285,2026-03-23,Sumatera,Online,K0127,Korporat,SYS-ONLINE,Laptop,Laptop Axio 14,2,0.2,Completed,8500000.0,13600000.0,15139600.0
ORD-105286,2026-03-23,Jawa Timur,Online,C00461,Retail,SYS-ONLINE,Networking,Router WiFi 6 R600,5,0.0,Completed,1200000.0,6000000.0,
ORD-105287,2026-03-23,Jakarta,Offline,C01453,Retail,SR02,Smartphone,Smartphone Lumo X,1,0.1,Completed,5500000.0,4950000.0,4763000.0
ORD-105288,2026-03-23,Kalimantan,Offline,C00452,Retail,SR15,Laptop,Laptop Axio 14,1,0.0,Completed,8500000.0,8500000.0,7674600.0
ORD-105289,2026-03-23,Jakarta,Offline,C01076,Retail,SR01,Networking,Switch 8 Port S8,4,0.0,Completed,450000.0,1800000.0,1183200.0
ORD-105290,2026-03-23,,Online,C01819,UMKM,SYS-ONLINE,Smartphone,Smartphone Lumo A5,1,0.15,Completed,2800000.0,2380000.0,2421800.0
ORD-105291,2026-03-23,Jawa Barat,Online,C00082,Retail,SYS-ONLINE,Peralatan Kantor,Kursi Ergonomis E1,1,0.15,Completed,1900000.0,1615000.0,1303500.0
ORD-105292,2026-03-23,Jawa Barat,Online,C00401,UMKM,SYS-ONLINE,Networking,Router WiFi 6 R600,4,0.3,Completed,1200000.0,3360000.0,
ORD-105293,2026-03-23,Jawa Barat,Online,C01705,Retail,SYS-ONLINE,Printer & Tinta,Printer InkJet P200,2,0.25,Completed,2100000.0,3150000.0,3437000.0
ORD-105294,2026-03-23,Sulawesi,Offline,C00358,Retail,SR17,Peralatan Kantor,Kertas A4 80gsm (rim),2,0.1,Completed,55000.0,99000.0,77000.0
ORD-105295,2026-03-23,Jakarta,Offline,C02321,Retail,SR02,Aksesoris,Mouse Wireless M20,1,0.0,Completed,180000.0,180000.0,106100.0
ORD-105296,2026-03-24,Jawa Timur,Offline,K0131,Korporat,SR07,Aksesoris,Mouse Wireless M20,48,5.0,Completed,180000.0,8208000.0,5030400.0
ORD-105297,2026-03-24,jawa timur,Online,C00212,Retail,SYS-ONLINE,Smartphone,Smartphone Lumo X,2,0.05,Completed,5500000.0,10450000.0,9538400.0
ORD-105298,2026-03-24,Jakarta,Offline,C00001,Retail,SR02,Aksesoris,Mouse Wireless M20,2,0.0,Completed,180000.0,360000.0,208000.0
ORD-105299,2026-03-24,Jawa Barat,Online,C01016,Retail,SYS-ONLINE,Smartphone,Smartphone Lumo X,2,0.0,Completed,5500000.0,11000000.0,9470600.0
ORD-105300,2026-03-24,Jawa Barat,Offline,C01719,Retail,SR04,Printer & Tinta,Printer InkJet P200,1,0.0,Completed,2100000.0,2100000.0,1684700.0
ORD-105301,2026-03-24,Jakarta,Offline,C02079,Retail,SR03,Aksesoris,Headset USB H3,1,0.0,Completed,350000.0,350000.0,209300.0
ORD-105302,2026-03-24,,Online,C01692,UMKM,SYS-ONLINE,Aksesoris,Power Bank 20000mAh,14,0.0,Completed,320000.0,4480000.0,
ORD-105303,2026-03-24,Jawa Barat,Online,C02254,Retail,SYS-ONLINE,Smartphone,Smartphone Lumo A5,1,0.05,Completed,2800000.0,2660000.0,2412400.0
ORD-105304,2026-03-24,Jawa Timur,Online,K0005,Korporat,SYS-ONLINE,Smartphone,Smartphone Lumo A5,9,0.3,Completed,2800000.0,17640000.0,22028400.0
ORD-105305,2026-03-24,Jawa Barat,Offline,C01164,Retail,SR06,Aksesoris,Headset USB H3,5,0.0,Completed,350000.0,1750000.0,1039500.0
ORD-105306,2026-03-24,Jawa Timur,Online,C00317,Retail,SYS-ONLINE,Smartphone,Smartphone Lumo A5,2,0.3,Completed,2800000.0,3920000.0,4834400.0
ORD-105307,2026-03-24,Kalimantan,Offline,C00966,Retail,SR15,Aksesoris,Keyboard Mekanik K7,2,0.0,Completed,650000.0,1300000.0,801400.0
ORD-105308,2026-03-24,Kalimantan,Offline,C00947,Retail,SR15,Peralatan Kantor,Kertas A4 80gsm (rim),1,0.0,Completed,55000.0,55000.0,37900.0
ORD-105309,2026-03-24,Kalimantan,Offline,K0022,Korporat,SR15,Networking,Router WiFi 6 R600,5,0.0,Completed,1200000.0,6000000.0,
ORD-105310,2026-03-25,Jawa Barat,Offline,C01820,Retail,SR06,Peralatan Kantor,Kursi Ergonomis E1,4,0.0,Completed,1900000.0,7600000.0,5273200.0
ORD-105311,2026-03-25,Jakarta,Offline,C00017,Retail,SR02,Laptop,Laptop Veno 13,1,0.05,Completed,6200000.0,5890000.0,5581900.0
ORD-105312,2026-03-25,Sulawesi,Offline,C00541,Retail,SR16,Aksesoris,Headset USB H3,3,0.05,Completed,350000.0,997500.0,631800.0
ORD-105313,2026-03-25,Jawa Timur,Online,C02225,UMKM,SYS-ONLINE,Aksesoris,Keyboard Mekanik K7,14,0.1,Completed,650000.0,8190000.0,5632200.0
ORD-105314,2026-03-25,Jawa Timur,Online,C01971,Retail,SYS-ONLINE,Networking,Router WiFi 6 R600,2,0.05,Completed,1200000.0,2280000.0,
ORD-105315,2026-03-25,Jakarta,Offline,C00173,UMKM,SR01,Aksesoris,Headset USB H3,9,0.05,Completed,350000.0,2992500.0,1863000.0
ORD-105316,2026-03-25,Jawa Timur,Offline,C01184,Retail,SR09,Aksesoris,Mouse Wireless M20,1,0.2,Completed,180000.0,144000.0,105200.0
ORD-105317,2026-03-25,Jawa Barat,Online,C00088,UMKM,SYS-ONLINE,Peralatan Kantor,Kertas A4 80gsm (rim),2,0.05,Completed,55000.0,104500.0,75800.0
ORD-105318,2026-03-25,Jawa Barat,Online,K0007,Korporat,SYS-ONLINE,Laptop,Laptop Veno 13,7,0.05,Completed,6200000.0,41230000.0,38831800.0
ORD-105319,2026-03-25,Jawa Barat,Offline,K0165,Korporat,SR04,Smartphone,Smartphone Lumo X,5,0.1,Completed,5500000.0,24750000.0,23684000.0
ORD-105320,2026-03-25,JKT ,Offline,C01107,Retail,SR01,Smartphone,Smartphone Lumo X,2,0.0,Completed,5500000.0,11000000.0,9640800.0
ORD-105321,2026-03-25,Sulawesi,Online,C00393,Retail,SYS-ONLINE,Printer & Tinta,Printer InkJet P200,1,0.0,Completed,2100000.0,2100000.0,1700500.0
ORD-105322,2026-03-25,Jawa Timur,Online,C01979,UMKM,SYS-ONLINE,Networking,Switch 8 Port S8,11,0.05,Completed,450000.0,4702500.0,3295600.0
ORD-105323,2026-03-25,Jawa Timur,Online,K0112,Korporat,SYS-ONLINE,Printer & Tinta,Printer InkJet P200,10,0.05,Completed,2100000.0,19950000.0,17094000.0
ORD-105324,2026-03-25,Jakarta,Offline,C02135,UMKM,SR03,Peralatan Kantor,Kertas A4 80gsm (rim),2,0.0,Completed,55000.0,110000.0,75000.0
ORD-105325,2026-03-26,Jakarta,Online,C02041,Retail,SYS-ONLINE,Laptop,Laptop Axio 14,1,0.3,Completed,8500000.0,5950000.0,7498500.0
ORD-105326,2026-03-26,Sumatera,Offline,C01575,Retail,SR10,Aksesoris,Power Bank 20000mAh,4,0.05,Completed,320000.0,1216000.0,797200.0
ORD-105327,2026-03-26,Sumatra,Online,C00985,UMKM,SYS-ONLINE,Laptop,Laptop Axio Pro 15,5,0.25,Completed,13000000.0,48750000.0,57776500.0
ORD-105328,2026-03-26,Jakarta,E-Commerce,C00089,UMKM,SYS-ONLINE,Aksesoris,Power Bank 20000mAh,6,0.1,Completed,320000.0,1728000.0,1193400.0
ORD-105329,2026-03-26,Sumatera,Offline,C00104,UMKM,SR10,Printer & Tinta,Printer InkJet P200,5,0.0,Completed,2100000.0,10500000.0,8409500.0
ORD-105330,2026-03-26,Jawa Timur,Offline,C00317,Retail,SR08,Printer&Tinta,Tinta Botol Set CMYK,2,0.25,Completed,280000.0,420000.0,334400.0
ORD-105331,2026-03-26,Sumatera,Online,C01127,UMKM,SYS-ONLINE,Aksesori,Power Bank 20000mAh,1,0.05,Completed,320000.0,304000.0,202400.0
ORD-105332,2026-03-26,Jawa Barat,Offline,C01149,Retail,SR05,Laptop,Laptop Veno 13,1,0.0,Completed,6200000.0,6200000.0,5613700.0
ORD-105333,2026-03-26,Jawa Barat,Offline,C00945,Retail,SR05,Printer&Tinta,Printer InkJet P200,2,0.0,Completed,2100000.0,4200000.0,3370400.0
ORD-105333,2026-03-26,Jawa Barat,Offline,C00945,Retail,SR05,Printer&Tinta,Printer InkJet P200,2,0.0,Completed,2100000.0,4200000.0,3370400.0
ORD-105334,2026-03-26,Jakarta,Offline,C00332,UMKM,SR02,Peralatan Kantor,Kursi Ergonomis E1,14,0.05,Completed,1900000.0,25270000.0,18334400.0
ORD-105335,2026-03-26,DKI Jakarta,Online,C01063,UMKM,SYS-ONLINE,Laptop,Laptop Axio Pro 15,3,0.25,Completed,13000000.0,29250000.0,34919700.0
ORD-105336,2026-03-26,Jakarta,Online,C00694,Retail,SYS-ONLINE,Peralatan Kantor,Kertas A4 80gsm (rim),2,0.1,Completed,55000.0,99000.0,75200.0
ORD-105337,2026-03-26,Jawa Timur,Online,C01546,Retail,SYS-ONLINE,Peralatan Kantor,Kursi Ergonomis E1,1,0.25,Completed,1900000.0,1425000.0,1284300.0
ORD-105338,2026-03-26,Jawa Timur,Online,C00939,UMKM,SYS-ONLINE,Smartphone,Smartphone Lumo A5,2,0.1,Completed,2800000.0,5040000.0,4795200.0
ORD-105339,2026-03-26,Sumatera,Offline,K0093,Korporat,SR10,Peralatan Kantor,Kursi Ergonomis E1,49,0.0,Completed,1900000.0,93100000.0,64155700.0
ORD-105340,2026-03-26,Jawa Barat,Offline,C01788,UMKM,SR06,Laptop,Laptop Axio Pro 15,5,0.05,Completed,13000000.0,61750000.0,58396500.0
ORD-T001,2026-03-26,Jakarta,Offline,TEST,Retail,dummy,Printer & Tinta,Printer InkJet P200,2,0.0,Completed,0.0,0.0,0.0
ORD-T002,2026-03-26,Jakarta,Offline,TEST,Retail,dummy,Smartphone,Smartphone Lumo A5,1,0.0,Completed,1.0,0.0,0.0
ORD-T003,2026-03-26,Jakarta,Offline,TEST,Retail,dummy,Aksesoris,Headset USB H3,1,0.0,Completed,1.0,0.0,0.0
ORD-105341,2026-03-27,Jawa Timur,Offline,C01294,Retail,SR08,Networking,Router WiFi 6 R600,4,0.25,Completed,1200000.0,3600000.0,
ORD-105341,2026-03-27,Jawa Timur,Offline,C01294,Retail,SR08,Networking,Router WiFi 6 R600,4,0.25,Completed,1200000.0,3600000.0,
ORD-105342,2026-03-27,Kalimantan,Offline,C00041,Retail,SR14,Aksesoris,Keyboard Mekanik K7,2,0.0,Completed,650000.0,1300000.0,792000.0
ORD-105343,2026-03-27,Jawa Barat,Online,C02103,Retail,SYS-ONLINE,Aksesoris,Headset USB H3,1,0.2,Completed,350000.0,280000.0,211400.0
ORD-105344,2026-03-27,Sumatera,Offline,C00113,Retail,SR10,Peralatan Kantor,Kertas A4 80gsm (rim),5,0.05,Completed,55000.0,261250.0,189000.0
ORD-105345,2026-03-27,Sumatera,Offline,K0159,Korporat,SR12,Peralatan Kantor,Kursi Ergonomis E1,32,0.0,Completed,1900000.0,60800000.0,41971200.0
ORD-105346,2026-03-27,Jawa Timur,Offline,C00824,Retail,SR08,Smartphone,Smartphone Lumo X,1,0.0,Completed,5500000.0,5500000.0,4867400.0
ORD-105347,2026-03-27,Sumatera,Offline,C00328,Retail,SR12,Laptop,Laptop Axio Pro 15,1,0.0,Completed,13000000.0,13000000.0,11580200.0
ORD-105348,2026-03-27,Jawa Timur,Online,C01149,Retail,SYS-ONLINE,Peralatan Kantor,Kertas A4 80gsm (rim),3,0.0,Completed,55000.0,165000.0,114600.0
ORD-105349,2026-03-27,Jakarta,Offline,C01681,UMKM,SR01,Aksesoris,Mouse Wireless M20,10,0.0,Completed,180000.0,1800000.0,1063000.0
ORD-105350,2026-03-27,Sumatera,Offline,K0004,Korporat,SR12,Aksesoris,Headset USB H3,31,0.0,Completed,350000.0,10850000.0,6584400.0
ORD-105351,2026-03-27,SULAWESI,Offline,C01371,Retail,SR18,Aksesoris,Headset USB H3,1,0.0,Completed,350000.0,350000.0,210700.0
ORD-T004,2026-03-27,Jakarta,Offline,TEST,Retail,dummy,Laptop,Laptop Axio 14,2,0.0,Completed,1.0,0.0,0.0
ORD-T005,2026-03-27,Jakarta,Offline,TEST,Retail,dummy,Aksesoris,Mouse Wireless M20,1,0.0,Completed,0.0,0.0,0.0
ORD-T006,2026-03-27,Jakarta,Offline,TEST,Retail,dummy,Laptop,Laptop Axio 14,1,0.0,Completed,1.0,0.0,0.0
ORD-105352,2026-03-28,Jakarta,Offline,C01212,Retail,SR02,Laptop,Laptop Veno 13,1,0.05,Completed,6200000.0,5890000.0,5514900.0
ORD-105353,2026-03-28,Jawa Barat,Offline,C01872,Retail,SR04,Aksesoris,Headset USB H3,4,0.0,Completed,350000.0,1400000.0,834800.0
ORD-105354,2026-03-28,Jawa Barat,Offline,C01076,Retail,SR05,Laptop,Laptop Axio 14,1,0.05,Completed,8500000.0,8075000.0,7705500.0
ORD-105355,2026-03-28,Jawa Barat,Offline,C00833,Retail,SR05,Aksesoris,Power Bank 20000mAh,2,0.0,Completed,320000.0,640000.0,398800.0
ORD-105356,2026-03-28,Jawa Timur,Online,C00494,Retail,SYS-ONLINE,Laptop,Laptop Axio 14,2,0.0,Completed,8500000.0,17000000.0,15155800.0
ORD-105357,2026-03-28,Jawa Timur,Offline,C00761,UMKM,SR08,networking,Router WiFi 6 R600,1,0.0,Completed,1200000.0,1200000.0,
ORD-105358,2026-03-28,Jawa Timur,Offline,K0001,Korporat,SR08,Smartphone,Smartphone Lumo X,4,0.2,Completed,5500000.0,17600000.0,19273200.0
ORD-105359,2026-03-28,Kalimantan,Offline,C00078,Retail,SR13,Peralatan Kantor,Kertas A4 80gsm (rim),2,0.05,Completed,55000.0,104500.0,77000.0
ORD-105360,2026-03-28,Jawa Timur,Offline,C00537,Retail,SR08,Printer & Tinta,Printer InkJet P200,1,0.0,Completed,2100000.0,2100000.0,1675900.0
ORD-105361,2026-03-28,Jawa Timur,Online,C01294,Retail,SYS-ONLINE,Aksesoris,Headset USB H3,5,0.3,Completed,350000.0,1225000.0,1064500.0
ORD-105362,2026-03-28,Jawa Timur,Online,C01833,UMKM,SYS-ONLINE,Smartphone,Smartphone Lumo X,1,0.25,Completed,5500000.0,4125000.0,4779700.0
ORD-105363,2026-03-28,Jawa Barat,Online,C01058,Retail,SYS-ONLINE,Aksesoris,Mouse Wireless M20,1,0.0,Completed,180000.0,180000.0,104500.0
ORD-105364,2026-03-28,Kalimantan,Online,K0006,Korporat,SYS-ONLINE,Printer & Tinta,Printer InkJet P200,4,0.05,Completed,2100000.0,7980000.0,6717600.0
ORD-105365,2026-03-28,Sumatera,Offline,C02054,Retail,SR12,Networking,Switch 8 Port S8,4,0.0,Completed,450000.0,1800000.0,
ORD-T007,2026-03-28,Jakarta,Offline,TEST,Retail,dummy,Aksesoris,Headset USB H3,1,0.0,Completed,1.0,0.0,0.0
ORD-T008,2026-03-28,Jakarta,Offline,TEST,Retail,dummy,Printer & Tinta,Printer InkJet P200,1,0.0,Completed,1.0,0.0,0.0
ORD-T009,2026-03-28,Jakarta,Offline,TEST,Retail,dummy,Networking,Switch 8 Port S8,1,0.0,Completed,1.0,0.0,0.0
ORD-105366,2026-03-29,,Online,C00683,Retail,SYS-ONLINE,Peralatan Kantor,Kursi Ergonomis E1,1,0.0,Completed,1900000.0,1900000.0,1302900.0
ORD-105367,2026-03-29,Jawa Barat,Online,C00675,Retail,SYS-ONLINE,Laptop,Laptop Axio 14,2,0.25,Completed,8500000.0,12750000.0,15103800.0
ORD-105368,2026-03-29,Jawa Timur,Offline,C00851,Retail,SR09,Aksesoris,Mouse Wireless M20,4,0.1,Completed,180000.0,648000.0,417600.0
ORD-105369,2026-03-29,Kalimantan,Offline,K0086,Korporat,SR14,Laptop,Laptop Veno 13,9,0.0,Completed,6200000.0,55800000.0,49978800.0
ORD-105370,2026-03-29,Jawa Barat,online,C01436,Retail,SYS-ONLINE,Peralatan Kantor,Kertas A4 80gsm (rim),5,0.15,Completed,55000.0,233750.0,192000.0
ORD-105371,2026-03-29,Jawa Barat,Offline,C01110,Retail,SR04,Aksesoris,Keyboard Mekanik K7,5,0.0,Completed,650000.0,3250000.0,1987000.0
ORD-105372,2026-03-29,Jakarta,Offline,C01141,Retail,SR02,Aksesoris,Power Bank 20000mAh,4,0.0,Completed,320000.0,1280000.0,811600.0
ORD-105373,2026-03-29,Jawa Barat,Offline,C01950,Retail,SR04,Networking,Switch 8 Port S8,3,0.0,Completed,450000.0,1350000.0,911100.0
ORD-105374,2026-03-29,Jawa Barat,Online,C01815,UMKM,SYS-ONLINE,Smartphone,Smartphone Lumo X,3,0.05,Completed,5500000.0,15675000.0,14225700.0
ORD-105375,2026-03-29,Sulawesi,Offline,C00851,UMKM,SR17,Laptop,Laptop Axio Pro 15,5,0.1,Completed,13000000.0,58500000.0,57941000.0
ORD-105376,2026-03-29,Sumatera,ONLINE,K0137,Korporat,SYS-ONLINE,Aksesoris,Mouse Wireless M20,48,0.3,Completed,180000.0,6048000.0,5054400.0
ORD-105377,2026-03-29,Sumatera,Online,C01936,Retail,SYS-ONLINE,Laptop,Laptop Axio Pro 15,2,0.05,Completed,13000000.0,24700000.0,23371800.0
ORD-105378,2026-03-29,Jawa Barat,Offline,C00528,Retail,SR04,Aksesoris,Keyboard Mekanik K7,1,0.1,Completed,650000.0,585000.0,399800.0
ORD-105379,2026-03-29,Sulawesi,Online,C01495,Retail,SYS-ONLINE,Laptop,Laptop Veno 13,2,0.05,Completed,6200000.0,11780000.0,11170200.0
ORD-105380,2026-03-29,Jawa Barat,Offline,C02063,Retail,SR04,Networking,Router WiFi 6 R600,2,0.05,Completed,1200000.0,2280000.0,
ORD-105381,2026-03-29,Sumatera,Offline,C02024,Retail,SR11,Smartphone,Smartphone Lumo A5,1,5.0,Completed,2800000.0,2660000.0,2458500.0
ORD-105382,2026-03-29,Sumatera,Offline,C01310,Retail,SR10,Smartphone,Smartphone Lumo X,1,0.0,Completed,5500000.0,5500000.0,4812300.0
ORD-T010,2026-03-29,Jakarta,Offline,TEST,Retail,dummy,Peralatan Kantor,Kursi Ergonomis E1,2,0.0,Completed,0.0,0.0,0.0
ORD-T011,2026-03-29,Jakarta,Offline,TEST,Retail,dummy,Aksesoris,Power Bank 20000mAh,1,0.0,Completed,1.0,0.0,0.0
ORD-T012,2026-03-29,Jakarta,Offline,TEST,Retail,dummy,Aksesoris,Mouse Wireless M20,2,0.0,Completed,1.0,0.0,0.0
ORD-105383,2026-03-30,Jakarta,Online,C00189,UMKM,SYS-ONLINE,Laptop,Laptop Axio 14,4,0.25,Completed,8500000.0,25500000.0,30676400.0
ORD-105384,2026-03-30,Jawa Barat,online,C00894,Retail,SYS-ONLINE,Laptop,Laptop Axio Pro 15,2,0.3,Completed,13000000.0,18200000.0,23420400.0
ORD-105385,2026-03-30,Jakarta,Offline,C01828,Retail,SR03,Laptop,Laptop Axio Pro 15,1,0.05,Completed,13000000.0,12350000.0,11494400.0
ORD-105386,2026-03-30,Kalimantan,Online,C01747,Retail,SYS-ONLINE,Laptop,Laptop Veno 13,2,0.0,Completed,6200000.0,12400000.0,11151000.0
ORD-105387,2026-03-30,Sulawesi,Online,C00455,UMKM,SYS-ONLINE,Printer & Tinta,Printer InkJet P200,1,0.2,Completed,2100000.0,1680000.0,1701800.0
ORD-105388,2026-03-30,Jawa Barat,Offline,K0151,Korporat,SR06,Laptop,Laptop Axio Pro 15,5,0.0,Completed,13000000.0,65000000.0,57942000.0
ORD-105389,2026-03-30,Sulawesi,Offline,C01470,Retail,SR17,Peralatan Kantor,Kursi Ergonomis E1,4,0.05,Completed,1900000.0,7220000.0,5271600.0
ORD-105390,2026-03-30,Sumatera,Offline,K0151,Korporat,SR10,Laptop,Laptop Veno 13,2,0.05,Completed,6200000.0,11780000.0,10951200.0
ORD-105391,2026-03-30,Jawa Barat,Online,C00702,Retail,SYS-ONLINE,Smartphone,Smartphone Lumo X,1,0.0,Completed,5500000.0,5500000.0,4783800.0
ORD-105392,2026-03-30,Jakarta,Online,C02341,Retail,SYS-ONLINE,Aksesoris,Mouse Wireless M20,5,0.05,Completed,180000.0,855000.0,518500.0
ORD-105393,2026-03-30,Kalimantan,Offline,C02152,Retail,SR14,Aksesoris,Headset USB H3,4,0.05,Completed,350000.0,1330000.0,843200.0
ORD-105394,2026-03-30,Kalimantan,Online,C00193,UMKM,SYS-ONLINE,Peralatan Kantor,Kertas A4 80gsm (rim),13,0.15,Completed,55000.0,607750.0,488800.0
ORD-T013,2026-03-30,Jakarta,Offline,TEST,Retail,dummy,Smartphone,Smartphone Lumo A5,2,0.0,Completed,0.0,0.0,0.0
ORD-T014,2026-03-30,Jakarta,Offline,TEST,Retail,dummy,Aksesoris,Mouse Wireless M20,2,0.0,Completed,0.0,0.0,0.0
ORD-T015,2026-03-30,Jakarta,Offline,TEST,Retail,dummy,Printer & Tinta,Printer InkJet P200,2,0.0,Completed,1.0,0.0,0.0
ORD-105395,2026-03-31,Jawa Timur,Offline,K0136,Korporat,SR07,Smartphone,Smartphone Lumo A5,5,25.0,Completed,2800000.0,10500000.0,12108000.0
ORD-105396,2026-03-31,Jakarta,Offline,C01725,Retail,SR02,Printer & Tinta,Tinta Botol Set CMYK,2,0.0,Completed,280000.0,560000.0,330000.0
ORD-105396,2026-03-31,Jakarta,Offline,C01725,Retail,SR02,Printer & Tinta,Tinta Botol Set CMYK,2,0.0,Completed,280000.0,560000.0,330000.0
ORD-105397,2026-03-31,Jakarta,Offline,C01686,Retail,SR02,Laptop,Laptop Veno 13,1,0.0,Completed,6200000.0,6200000.0,5556200.0
ORD-105398,2026-03-31,Jakarta,Online,C00206,UMKM,SYS-ONLINE,Printer & Tinta,Printer InkJet P200,2,0.05,Completed,2100000.0,3990000.0,3382800.0
ORD-105399,2026-03-31,Jakarta,Offline,C02390,Retail,SR01,Networking,Switch 8 Port S8,2,0.0,Completed,450000.0,900000.0,603400.0
ORD-105400,2026-03-31,Sumatera,Online,C01496,Retail,SYS-ONLINE,Networking,Switch 8 Port S8,5,0.2,Completed,450000.0,1800000.0,
ORD-105401,2026-03-31,Jakarta,Online,C00286,Retail,SYS-ONLINE,Networking,Switch 8 Port S8,2,0.05,Completed,450000.0,855000.0,
ORD-105402,2026-03-31,Jakarta,Online,C00198,Retail,SYS-ONLINE,Networking,Switch 8 Port S8,4,0.3,Completed,450000.0,1260000.0,1189200.0
ORD-105403,2026-03-31,Sumatera,Offline,C01864,UMKM,SR12,Laptop,Laptop Axio Pro 15,3,0.05,Completed,13000000.0,37050000.0,34619700.0
ORD-105404,2026-03-31,Jawa Timur,Offline,C01381,Retail,SR07,Aksesoris,Power Bank 20000mAh,3,20.0,Completed,320000.0,768000.0,593100.0
ORD-105405,2026-03-31,Jawa Barat,Offline,C01532,UMKM,SR06,Laptop,Laptop Axio Pro 15,2,0.1,Completed,13000000.0,23400000.0,23103600.0
ORD-T016,2026-03-31,Jakarta,Offline,TEST,Retail,dummy,Smartphone,Smartphone Lumo A5,2,0.0,Completed,0.0,0.0,0.0
ORD-T017,2026-03-31,Jakarta,Offline,TEST,Retail,dummy,Smartphone,Smartphone Lumo A5,1,0.0,Completed,0.0,0.0,0.0
ORD-T018,2026-03-31,Jakarta,Offline,TEST,Retail,dummy,Printer & Tinta,Printer InkJet P200,2,0.0,Completed,1.0,0.0,0.0
ORD-104481,2026-01-04,Kalimantan,Offline,C00126,UMKM,SR15,Smartphone,Smartphone Lumo A5,4,5.0,Completed,2800000.0,10640000.0,9853600.0
ORD-104482,2026-01-04,Kalimantan,Online,C02009,Retail,SYS-ONLINE,Printer & Tinta,Printer InkJet P200,1,0.05,Completed,2100000.0,1995000.0,1677200.0
ORD-104483,2026-01-04,Kalimantan,Offline,C01659,Retail,SR15,Printer & Tinta,Tinta Botol Set CMYK,2,0.0,Completed,280000.0,560000.0,330000.0
ORD-104484,2026-01-04,Jawa Timur,Offline,C02324,UMKM,SR07,Laptop,Laptop Veno 13,5,0.0,Completed,6200000.0,31000000.0,27747500.0
ORD-104485,2026-01-04,Jawa Timur,Offline,C02272,Retail,SR09,Laptop,Laptop Axio Pro 15,1,0.25,Completed,13000000.0,9750000.0,11480800.0
ORD-104486,2026-01-04,Jakarta,Offline,K0013,Korporat,SR02,Aksesoris,Power Bank 20000mAh,41,0.0,Completed,320000.0,13120000.0,8265600.0
ORD-104487,2026-01-04,,Online,C00846,Retail,SYS-ONLINE,Printer & Tinta,Tinta Botol Set CMYK,2,0.05,Completed,280000.0,532000.0,327200.0
ORD-104488,2026-01-04,Sulawesi,Online,C01492,Retail,SYS-ONLINE,Laptop,Laptop Axio Pro 15,1,0.2,Completed,13000000.0,10400000.0,11580400.0
ORD-104489,2026-01-04,Sulawesi,Online,C00340,UMKM,SYS-ONLINE,Networking,Router WiFi 6 R600,14,0.1,Completed,1200000.0,15120000.0,
ORD-104490,2026-01-04,Jakarta,Offline,K0128,Korporat,SR02,Smartphone,Smartphone Lumo A5,10,0.05,Cancelled,2800000.0,26600000.0,24359000.0
ORD-104491,2026-01-04,Jawa Timur,Online,C00110,Retail,SYS-ONLINE,Networking,Switch 8 Port S8,1,0.0,Completed,450000.0,450000.0,
ORD-104492,2026-01-04,Jakarta,Online,C02213,UMKM,SYS-ONLINE,Laptop,Laptop Axio Pro 15,3,0.0,Completed,13000000.0,39000000.0,34935900.0
ORD-104493,2026-01-04,Sumatera,Online,C02139,UMKM,SYS-ONLINE,Networking,Router WiFi 6 R600,14,0.1,Completed,1200000.0,15120000.0,11788000.0
ORD-104494,2026-01-04,Sumatera,Online,C01111,Retail,SYS-ONLINE,Networking,Switch 8 Port S8,2,0.05,Completed,450000.0,855000.0,
ORD-105407,01/04/2026,Kalimantan,Offline,C00422,Retail,SR13,Laptop,Laptop Veno 13,2,0.0,Completed,6200.0,12400.0,11031.0
ORD-105409,01/04/2026,Jakarta,Offline,K0026,Korporat,SR02,Laptop,Laptop Veno 13,9,0.05,Completed,6200.0,53010.0,49329.0
ORD-105410,01/04/2026,Jawa Timur,Offline,K0021,Korporat,SR07,Smartphone,Smartphone Lumo A5,4,20.0,Completed,2800.0,8960.0,9803.2
ORD-105412,01/04/2026,Jawa Barat,Offline,C02293,Retail,SR04,Aksesoris,Mouse Wireless M20,4,0.0,Completed,180.0,720.0,413.6
ORD-105414,01/04/2026,Jawa Barat,Offline,C01430,Retail,SR06,Peralatan Kantor,Kertas A4 80gsm (rim),4,0.0,Completed,55.0,220.0,151.2
ORD-105415,01/04/2026,Sumatera,Offline,C01734,Retail,SR12,Laptop,Laptop Axio 14,1,0.05,Completed,8500.0,8075.0,7491.5
ORD-105416,01/04/2026,Jawa Timur,Offline,C02072,Retail,SR08,Aksesoris,Power Bank 20000mAh,1,0.0,Completed,320.0,320.0,200.9
ORD-105417,01/04/2026,Jawa Timur,Offline,C01579,Retail,SR07,Smartphone,Smartphone Lumo X,2,5.0,Cancelled,5500.0,10450.0,9531.8
ORD-105418,01/04/2026,Sumatera,Offline,C01058,UMKM,SR10,Peralatan Kantor,Kertas A4 80gsm (rim),8,0.05,Completed,55.0,418.0,305.6
ORD-T019,01/04/2026,Jakarta,Offline,TEST,Retail,dummy,Networking,Switch 8 Port S8,1,0.0,Completed,0.0,0.0,0.0
ORD-T020,01/04/2026,Jakarta,Offline,TEST,Retail,dummy,Laptop,Laptop Axio Pro 15,1,0.0,Completed,0.0,0.0,0.0
ORD-T021,01/04/2026,Jakarta,Offline,TEST,Retail,dummy,Smartphone,Smartphone Lumo A5,1,0.0,Completed,1.0,0.0,0.0
ORD-104739,2026-02-04,Kalimantan,Offline,C00483,UMKM,SR15,Laptop,Laptop Axio 14,1,5.0,Completed,8500000.0,8075000.0,7639500.0
ORD-104740,2026-02-04,Jakarta,Offline,C01991,UMKM,SR03,Peralatan Kantor,Kursi Ergonomis E1,9,0.0,Completed,1900000.0,17100000.0,11727900.0
ORD-104741,2026-02-04,Jawa Timur,Offline,K0103,Korporat,SR09,Peralatan Kantor,Kertas A4 80gsm (rim),15,0.3,Completed,55000.0,577500.0,564000.0
ORD-104742,2026-02-04,Jawa Timur,Offline,C00761,Retail,SR07,Smartphone,Smartphone Lumo A5,1,30.0,Completed,2800000.0,1960000.0,2439900.0
ORD-104743,2026-02-04,Jawa Timur,Offline,C00289,UMKM,SR09,Laptop,Laptop Veno 13,4,0.3,Completed,6200000.0,17360000.0,22090400.0
ORD-104744,2026-02-04,Jawa Timur,Offline,C00826,Retail,SR08,Smartphone,Smartphone Lumo X,1,0.2,Completed,5500000.0,4400000.0,4806800.0
ORD-104745,2026-02-04,Jakarta,Online,C01691,UMKM,SYS-ONLINE,Peralatan Kantor,Kursi Ergonomis E1,6,0.05,Completed,1900000.0,10830000.0,7780800.0
ORD-104745,2026-02-04,Jakarta,Online,C01691,UMKM,SYS-ONLINE,Peralatan Kantor,Kursi Ergonomis E1,6,0.05,Completed,1900000.0,10830000.0,7780800.0
ORD-104746,2026-02-04,Jakarta,Offline,C00486,UMKM,SR02,Smartphone,Smartphone Lumo X,1,0.0,Completed,5500000.0,5500000.0,4805000.0
ORD-104747,2026-02-04,Jawa Barat,Online,C00893,Retail,SYS-ONLINE,Smartphone,Smartphone Lumo X,1,0.3,Completed,5500000.0,3850000.0,4819600.0
ORD-104748,2026-02-04,Jakarta,Online,C01885,Retail,SYS-ONLINE,Laptop,Laptop Veno 13,2,0.25,Completed,6200000.0,9300000.0,11210200.0
ORD-104749,2026-02-04,Jawa Barat,Offline,C00321,UMKM,SR04,Aksesoris,Mouse Wireless M20,3,0.1,Completed,180000.0,486000.0,314400.0
ORD-104750,2026-02-04,Sumatera,Offline,C01700,Retail,SR10,Printer & Tinta,Printer InkJet P200,2,0.0,Completed,2100000.0,4200000.0,3359600.0
ORD-104751,2026-02-04,Jakarta,Online,C02392,UMKM,SYS-ONLINE,Aksesoris,Mouse Wireless M20,12,0.25,Completed,180000.0,1620000.0,1242000.0
ORD-104752,2026-02-04,Jakarta,Online,C00753,UMKM,SYS-ONLINE,Networking,Router WiFi 6 R600,11,0.3,Completed,1200000.0,9240000.0,
ORD-104753,2026-02-04,Kalimantan,Offline,C00920,Retail,SR15,Smartphone,Smartphone Lumo X,2,0.0,Completed,5500000.0,11000000.0,9685600.0
ORD-104754,2026-02-04,Jakarta,Offline,C00015,UMKM,SR02,Networking,Router WiFi 6 R600,9,0.0,Completed,1200000.0,10800000.0,7579800.0
ORD-104755,2026-02-04,,Online,C00096,Retail,SYS-ONLINE,Aksesoris,Mouse Wireless M20,4,0.05,Completed,180000.0,684000.0,426000.0
ORD-104756,2026-02-04,Sumatera,Online,C02015,Retail,SYS-ONLINE,Printer & Tinta,Tinta Botol Set CMYK,1,0.15,Completed,280000.0,238000.0,166300.0
ORD-105421,02/04/2026,Jawa Timur,Offline,K0149,Korporat,SR08,Laptop,Laptop Axio 14,3,0.05,Completed,8500.0,24225.0,22538.7
ORD-105426,02/04/2026,Jawa Timur,Offline,C02022,Retail,SR09,Networking,Router WiFi 6 R600,5,0.05,Completed,1200.0,5700.0,4188.5
ORD-105427,02/04/2026,SULAWESI,Offline,K0017,Korporat,SR16,Peralatan Kantor,Kursi Ergonomis E1,37,0.0,Completed,1900.0,70300.0,
ORD-105429,02/04/2026,Jakarta,Offline,C00548,Retail,SR01,Printer & Tinta,Tinta Botol Set CMYK,2,0.0,Completed,280.0,560.0,332.0
ORD-105430,02/04/2026,Jawa Barat,Offline,C00864,UMKM,SR06,Aksesoris,Headset USB H3,12,0.0,Completed,350.0,4200.0,2484.0
ORD-105432,02/04/2026,Jakarta,Offline,C00553,Retail,SR03,Printer & Tinta,Tinta Botol Set CMYK,2,0.0,Completed,280.0,560.0,326.4
ORD-T022,02/04/2026,Jakarta,Offline,TEST,Retail,dummy,Smartphone,Smartphone Lumo X,1,0.0,Completed,1.0,0.0,0.0
ORD-T023,02/04/2026,Jakarta,Offline,TEST,Retail,dummy,Networking,Switch 8 Port S8,2,0.0,Completed,1.0,0.0,0.0
ORD-T024,02/04/2026,Jakarta,Offline,TEST,Retail,dummy,Aksesoris,Headset USB H3,2,0.0,Completed,0.0,0.0,0.0
RET-105280,02/04/2026,Jawa Barat,Offline,C00570,UMKM,SR04,Smartphone,Smartphone Lumo A5,-1,0.1,Returned,2800.0,-2520.0,-2463.2
ORD-105039,2026-03-04,Jawa Timur,Online,C00095,Retail,SYS-ONLINE,Smartphone,Smartphone Lumo A5,1,0.1,Completed,2800000.0,2520000.0,2439600.0
ORD-105040,2026-03-04,DKI Jakarta,Offline,C01579,UMKM,SR03,Laptop,Laptop Veno 13,5,0.05,Completed,6200000.0,29450000.0,27820500.0
ORD-105041,2026-03-04,Jakarta,Offline,C02116,Retail,SR02,Networking,Switch 8 Port S8,1,0.05,Completed,450000.0,427500.0,
ORD-105042,2026-03-04,Jakarta,Offline,C01575,Retail,SR03,Laptop,Laptop Axio Pro 15,1,0.0,Completed,13000000.0,13000000.0,11477300.0
ORD-105043,2026-03-04,Sulawesi,Offline,K0043,Korporat,SR18,Smartphone,Smartphone Lumo X,5,0.1,Completed,5500000.0,24750000.0,23746000.0
ORD-105044,2026-03-04,Jawa Timur,Offline,C02314,UMKM,SR08,ATK,Kursi Ergonomis E1,13,0.2,Completed,1900000.0,19760000.0,16737500.0
ORD-105045,2026-03-04,Jawa Timur,Offline,C01157,UMKM,SR08,Peralatan Kantor,Kertas A4 80gsm (rim),11,0.0,Completed,55000.0,605000.0,413600.0
ORD-105046,2026-03-04,Jatim,Online,C01106,Retail,SYS-ONLINE,Printer & Tinta,Printer InkJet P200,1,0.3,Completed,2100000.0,1470000.0,1675000.0
ORD-105434,03/04/2026,Sulawesi,Offline,C01047,Retail,SR18,Aksesoris,Power Bank 20000mAh,1,0.05,Completed,320.0,304.0,202.7
ORD-105437,03/04/2026,Jawa Barat,Offline,C00956,UMKM,SR04,Laptop,Laptop Axio 14,4,0.05,Completed,8500.0,32300.0,30061.2
ORD-105438,03/04/2026,JKT ,Offline,C01657,UMKM,SR03,Smartphone,Smartphone Lumo A5,1,0.0,Completed,2800.0,2800.0,2434.0
ORD-105439,03/04/2026,Sumatera,Offline,C01591,Retail,SR10,Peralatan Kantor,Kertas A4 80gsm (rim),3,0.1,Completed,55.0,148.5,112.8
ORD-T025,03/04/2026,Jakarta,Offline,TEST,Retail,dummy,Aksesoris,Keyboard Mekanik K7,1,0.0,Completed,0.0,0.0,0.0
ORD-T026,03/04/2026,Jakarta,Offline,TEST,Retail,dummy,Printer & Tinta,Tinta Botol Set CMYK,2,0.0,Completed,1.0,0.0,0.0
ORD-T027,03/04/2026,Jakarta,Offline,TEST,Retail,dummy,Peralatan Kantor,Kertas A4 80gsm (rim),2,0.0,Completed,1.0,0.0,0.0
RET-105344,03/04/2026,Sumatera,Offline,C00113,Retail,SR10,Peralatan Kantor,Kertas A4 80gsm (rim),-5,0.05,Returned,55.0,-261.25,-189.0
ORD-105441,2026-04-04,Kalimantan,Online,K0045,Korporat,SYS-ONLINE,Smartphone,Smartphone Lumo X,2,0.25,Completed,5500000.0,8250000.0,9651400.0
ORD-105442,04/04/2026,Jakarta,Offline,C01184,UMKM,SR03,Networking,Router WiFi 6 R600,9,0.1,Completed,1200.0,9720.0,
ORD-105443,2026-04-04,Sulawesi,Online,C02085,Retail,SYS-ONLINE,Laptop,Laptop Axio Pro 15,2,0.25,Completed,13000000.0,19500000.0,23520800.0
ORD-105444,04/04/2026,Sulawesi,Offline,C02185,Retail,SR17,Networking,Switch 8 Port S8,4,0.0,Completed,450.0,1800.0,1208.0
ORD-105445,04/04/2026,Jakarta,Offline,C00679,UMKM,SR03,Laptop,Laptop Axio Pro 15,4,0.0,Completed,13000.0,52000.0,46888.0
ORD-105446,04/04/2026,Jakarta,Offline,K0113,Korporat,SR03,smartphone,Smartphone Lumo A5,8,0.0,Completed,2800.0,22400.0,19266.4
ORD-105447,2026-04-04,,Online,C00153,UMKM,SYS-ONLINE,Peralatan Kantor,Kursi Ergonomis E1,1,0.05,Completed,1900000.0,1805000.0,1284900.0
ORD-T028,04/04/2026,Jakarta,Offline,TEST,Retail,dummy,Printer & Tinta,Tinta Botol Set CMYK,2,0.0,Completed,1.0,0.0,0.0
ORD-T029,04/04/2026,Jakarta,Offline,TEST,Retail,dummy,Aksesoris,Headset USB H3,1,0.0,Completed,1.0,0.0,0.0
ORD-T030,04/04/2026,Jakarta,Offline,TEST,Retail,dummy,Networking,Switch 8 Port S8,2,0.0,Completed,1.0,0.0,0.0
ORD-105449,05/04/2026,Jawa Barat,Offline,C01090,Retail,SR05,Peralatan Kantor,Kursi Ergonomis E1,4,0.0,Completed,1900.0,7600.0,5267.6
ORD-105451,05/04/2026,Kalimantan,Offline,C01363,UMKM,SR15,Peralatan Kantor,Kertas A4 80gsm (rim),10,0.0,Completed,55.0,550.0,375.0
ORD-105452,05/04/2026,Jawa Timur,Offline,C01315,Retail,SR09,Aksesoris,Power Bank 20000mAh,2,0.05,Completed,320.0,608.0,397.8
ORD-105453,05/04/2026,Jakarta,Offline,C02071,UMKM,SR02,Laptop,Laptop Axio 14,5,0.05,Completed,8500.0,40375.0,37989.5
ORD-105454,05/04/2026,Jabar,Offline,C01582,UMKM,SR04,Peralatan Kantor,Kursi Ergonomis E1,1,0.0,Completed,1900.0,1900.0,1318.1
ORD-105455,05/04/2026,Jakarta,Offline,C01103,Retail,SR03,Laptop,Laptop Axio Pro 15,2,0.1,Completed,13000.0,23400.0,23292.6
ORD-105671,2026-05-04,Jawa Barat,Online,C00112,UMKM,SYS-ONLINE,Peralatan Kantor,Kursi Ergonomis E1,1,0.0,Completed,1900000.0,1900000.0,1300400.0
ORD-T031,05/04/2026,Jakarta,Offline,TEST,Retail,dummy,Printer & Tinta,Tinta Botol Set CMYK,2,0.0,Completed,0.0,0.0,0.0
ORD-T032,05/04/2026,Jakarta,Offline,TEST,Retail,dummy,Laptop,Laptop Axio Pro 15,1,0.0,Completed,0.0,0.0,0.0
ORD-105458,06/04/2026,Sumatera,Offline,C00963,Retail,SR12,Peralatan Kantor,Kertas A4 80gsm (rim),5,0.05,Completed,55.0,261.25,192.5
ORD-105459,06/04/2026,Jawa Timur,Offline,C00601,Retail,SR08,Networking,Router WiFi 6 R600,2,0.0,Completed,1200.0,2400.0,
ORD-105460,06/04/2026,Jakarta,Offline,C00439,Retail,SR01,Aksesoris,Keyboard Mekanik K7,1,0.0,Cancelled,650.0,650.0,397.4
ORD-105461,06/04/2026,Kalimantan,Offline,C00037,Retail,SR15,Aksesoris,Mouse Wireless M20,4,0.0,Completed,180.0,720.0,420.4
ORD-105916,2026-06-04,Jawa Barat,Online,C01392,Retail,SYS-ONLINE,Smartphone,Smartphone Lumo A5,2,0.15,Completed,2800000.0,4760000.0,4921200.0
ORD-105916,2026-06-04,Jawa Barat,Online,C01392,Retail,SYS-ONLINE,Smartphone,Smartphone Lumo A5,2,0.15,Completed,2800000.0,4760000.0,4921200.0
ORD-105918,2026-06-04,,Online,C01057,UMKM,SYS-ONLINE,Peralatan Kantor,Kursi Ergonomis E1,10,0.0,Completed,1900000.0,19000000.0,12982000.0
ORD-105919,2026-06-04,Jawa Barat,Online,C00094,Retail,SYS-ONLINE,Smartphone,Smartphone Lumo X,1,0.15,Completed,5500000.0,4675000.0,4860700.0
ORD-105920,2026-06-04,Sumatera,Online,C00003,Retail,SYS-ONLINE,Aksesoris,Power Bank 20000mAh,1,0.2,Completed,320000.0,256000.0,202900.0
ORD-105923,2026-06-04,Kalimantan,ONLINE,K0003,Korporat,SYS-ONLINE,Peralatan Kantor,Kertas A4 80gsm (rim),5,0.1,Completed,55000.0,247500.0,191500.0
ORD-105469,07/04/2026,Jakarta,Offline,C02061,Retail,SR02,Networking,Switch 8 Port S8,5,0.05,Completed,450.0,2137.5,
ORD-105470,07/04/2026,Kalimantan,Offline,C00641,Retail,SR15,laptop,Laptop Veno 13,2,0.0,Completed,6200.0,12400.0,11231.6
ORD-105471,07/04/2026,Sulawesi,Offline,C00757,UMKM,SR16,Aksesoris,Power Bank 20000mAh,10,0.1,Completed,320.0,2880.0,2007.0
ORD-106220,2026-07-04,Sumatra,Online,C01357,UMKM,SYS-ONLINE,Networking,Switch 8 Port S8,7,0.25,Completed,450000.0,2362500.0,2104900.0
ORD-106222,2026-07-04,Jawa Barat,Online,C01235,Retail,SYS-ONLINE,Printer & Tinta,Printer InkJet P200,2,0.25,Completed,2100000.0,3150000.0,3431000.0
ORD-106226,2026-07-04,,Online,C00854,UMKM,SYS-ONLINE,Peralatan Kantor,Kertas A4 80gsm (rim),6,0.15,Completed,55000.0,280500.0,229800.0
ORD-106227,2026-07-04,Jawa Timur,Online,C00578,UMKM,SYS-ONLINE,Smartphone,Smartphone Lumo A5,5,0.25,Completed,2800000.0,10500000.0,12115000.0
RET-106140,2026-07-04,Kalimantan,Online,C00444,Retail,SYS-ONLINE,Networking,Router WiFi 6 R600,-3,0.3,Returned,1200000.0,-2520000.0,
RET-106150,2026-07-04,,Online,K0104,Korporat,SYS-ONLINE,Aksesoris,Mouse Wireless M20,-4,0.3,Returned,180000.0,-504000.0,-417200.0
ORD-105473,08/04/2026,Jakarta,Offline,K0075,Korporat,SR02,Aksesoris,Keyboard Mekanik K7,34,0.0,Completed,650.0,22100.0,13569.4
ORD-105476,08/04/2026,Sumatera,Offline,K0173,Korporat,SR10,Printer & Tinta,Printer InkJet P200,202,0.12,Completed,2100.0,373296.0,340834.6
ORD-105477,08/04/2026,Jawa Timur,Offline,C00918,Retail,SR08,Aksesoris,Keyboard Mekanik K7,5,0.0,Completed,650.0,3250.0,2004.0
ORD-105478,08/04/2026,Kalimantan,Offline,C02011,Retail,SR15,Networking,Switch 8 Port S8,4,0.0,Completed,450.0,1800.0,
ORD-105479,08/04/2026,Sulawesi,Offline,C01876,Retail,SR18,Laptop,Laptop Axio Pro 15,1,0.0,Completed,13000.0,13000.0,11522.2
ORD-105480,08/04/2026,Jawa Timur,Offline,C00580,Retail,SR08,Laptop,Laptop Axio 14,1,0.0,Completed,8500.0,8500.0,7649.8
ORD-106542,2026-08-04,,Online,K0087,Korporat,SYS-ONLINE,Laptop,Laptop Veno 13,6,0.0,Completed,6200000.0,37200000.0,32987400.0
ORD-106544,2026-08-04,Jakarta,Online,K0012,Korporat,SYS-ONLINE,Peralatan Kantor,Kursi Ergonomis E1,27,0.2,Completed,1900000.0,41040000.0,34816500.0
ORD-106545,2026-08-04,Jawa Timur,Online,C01513,Retail,SYS-ONLINE,Laptop,Laptop Axio 14,1,0.0,Completed,8500000.0,8500000.0,7657800.0
ORD-106546,2026-08-04,Jawa Timur,ONLINE,C01523,UMKM,SYS-ONLINE,Peralatan Kantor,Kertas A4 80gsm (rim),1,0.15,Completed,55000.0,46750.0,38500.0
ORD-106547,2026-08-04,Jawa Timur,Online,C02167,Retail,SYS-ONLINE,Peralatan Kantor,Kertas A4 80gsm (rim),1,0.3,Completed,55000.0,38500.0,37900.0
ORD-106548,2026-08-04,Jawa Timur,ONLINE,C00233,Retail,SYS-ONLINE,Smartphone,Smartphone Lumo A5,1,0.05,Completed,2800000.0,2660000.0,2435300.0
ORD-105481,09/04/2026,Jawa Barat,Offline,C00816,Retail,SR04,Laptop,Laptop Veno 13,1,0.0,Completed,6200.0,6200.0,5467.4
ORD-105483,09/04/2026,Jakarta,Offline,K0037,Korporat,SR03,Laptop,Laptop Axio 14,6,0.0,Completed,8500.0,51000.0,44919.0
ORD-105484,09/04/2026,Jawa Barat,Offline,C02170,Retail,SR05,Networking,Router WiFi 6 R600,3,0.05,Completed,1200.0,3420.0,
ORD-106839,2026-09-04,Jakarta,Online,C00384,Retail,SYS-ONLINE,Printer & Tinta,Printer InkJet P200,2,0.25,Completed,2100000.0,3150000.0,3405400.0
ORD-106842,2026-09-04,Jawa Barat,Online,K0162,Korporat,SYS-ONLINE,Aksesoris,Headset USB H3,30,0.2,Cancelled,350000.0,8400000.0,6228000.0
ORD-106845,2026-09-04,Sumatera,Online,C02276,Retail,SYS-ONLINE,Laptop,Laptop Axio Pro 15,1,0.3,Completed,13000000.0,9100000.0,11549400.0
ORD-106847,2026-09-04,Jawa Barat,E-Commerce,C01066,UMKM,SYS-ONLINE,Aksesoris,Keyboard Mekanik K7,9,0.0,Completed,650000.0,5850000.0,3568500.0
ORD-106849,2026-09-04,Jakarta,Online,C01720,Retail,SYS-ONLINE,Laptop,Laptop Axio Pro 15,2,0.0,Completed,13000000.0,26000000.0,23170200.0
ORD-106850,2026-09-04,Jawa Timur,Online,C02049,Retail,SYS-ONLINE,Peralatan Kantor,Kursi Ergonomis E1,3,0.25,Completed,1900000.0,4275000.0,3846900.0
ORD-106982,2026-09-04,Jakarta,ONLINE,C00384,Retail,SYS-ONLINE,Printer & Tinta,Printer InkJet P200,2,0.25,Completed,2100000.0,3150000.0,3419600.0
ORD-105486,10/04/2026,Kalimantan,Offline,C01357,Retail,SR15,Peralatan Kantor,Kertas A4 80gsm (rim),1,0.0,Completed,55.0,55.0,38.2
ORD-105487,10/04/2026,Jawa Timur,Offline,C01282,UMKM,SR07,Smartphone,Smartphone Lumo X,1,0.0,Completed,5500.0,5500.0,4764.9
ORD-105488,10/04/2026,Jawa Timur,Offline,C01723,Retail,SR07,Peralatan Kantor,Kursi Ergonomis E1,2,0.0,Cancelled,1900.0,3800.0,2627.0
ORD-105489,10/04/2026,Sulawesi,Offline,C00289,UMKM,SR18,aksesoris ,Mouse Wireless M20,7,0.0,Completed,180.0,1260.0,740.6
ORD-105491,10/04/2026,Jabar,Offline,C01227,UMKM,SR04,Networking,Switch 8 Port S8,10,0.0,Completed,450.0,4500.0,
ORD-105493,10/04/2026,Jawa Barat,Offline,C00318,Retail,SR06,Aksesoris,Mouse Wireless M20,4,0.05,Cancelled,180.0,684.0,422.4
ORD-105494,10/04/2026,Jawa Timur,Offline,C02028,Retail,SR09,Laptop,Laptop Veno 13,2,0.2,Completed,6200.0,9920.0,10968.0
ORD-105496,10/04/2026,Jawa Barat,Offline,C02349,UMKM,SR05,Smartphone,Smartphone Lumo A5,5,0.0,Completed,2800.0,14000.0,11990.0
ORD-105498,10/04/2026,Jawa Barat,Offline,C01788,UMKM,SR06,Printer & Tinta,Printer InkJet P200,2,0.1,Completed,2100.0,3780.0,3373.2
ORD-105499,11/04/2026,Kalimantan,Offline,C02029,UMKM,SR15,Printer & Tinta,Printer InkJet P200,2,0.0,Completed,2100.0,4200.0,3358.4
ORD-105502,11/04/2026,Jawa Timur,Offline,C00109,Retail,SR07,Laptop,Laptop Axio Pro 15,2,20.0,Completed,13000.0,20800.0,22972.4
ORD-105503,11/04/2026,Jawa Barat,Offline,C02156,UMKM,SR04,Peralatan Kantor,Kursi Ergonomis E1,11,0.0,Completed,1900.0,20900.0,14161.4
ORD-105504,11/04/2026,Jawa Barat,Offline,C01701,UMKM,SR06,Printer & Tinta,Tinta Botol Set CMYK,1,0.0,Completed,280.0,280.0,166.4
ORD-105505,12/04/2026,Jakarta,Offline,C01911,Retail,SR03,Smartphone,Smartphone Lumo A5,1,0.0,Completed,2800.0,2800.0,2453.1
ORD-105507,12/04/2026,Sumatera,Offline,C00486,Retail,SR12,Laptop,Laptop Veno 13,1,0.0,Completed,6200.0,6200.0,5591.4
ORD-105508,12/04/2026,Jakarta,Offline,C02009,Retail,SR01,Peralatan Kantor,Kursi Ergonomis E1,4,0.0,Completed,1900.0,7600.0,5221.2
ORD-105509,12/04/2026,Sulawesi,Offline,C01080,Retail,SR18,Peralatan Kantor,Kursi Ergonomis E1,1,0.0,Completed,1900.0,1900.0,1306.6
ORD-105511,12/04/2026,Jawa Timur,Offline,C00430,Retail,SR08,Peralatan Kantor,Kursi Ergonomis E1,3,0.25,Completed,1900.0,4275.0,3936.3
ORD-105512,12/04/2026,Jakarta,Offline,C00693,Retail,SR02,Aksesoris,Mouse Wireless M20,5,0.05,Completed,180.0,855.0,522.0
ORD-105513,12/04/2026,Jawa Barat,Offline,C02091,UMKM,SR04,Laptop,Laptop Veno 13,2,0.1,Completed,6200.0,11160.0,11185.2
ORD-105514,12/04/2026,Jakarta,Offline,C00521,Retail,SR01,Laptop,Laptop Veno 13,2,0.1,Completed,6200.0,11160.0,11235.2
ORD-105515,12/04/2026,Sumatera,Offline,C00538,Retail,SR10,Aksesoris,Headset USB H3,1,0.05,Completed,350.0,332.5,209.4
ORD-105516,12/04/2026,Jakarta,Offline,C01084,Retail,SR02,HP,Smartphone Lumo X,1,0.05,Completed,5500.0,5225.0,4818.1
ORD-105517,12/04/2026,Jawa Barat,Offline,C01140,Retail,SR04,Peralatan Kantor,Kursi Ergonomis E1,4,0.0,Completed,1900.0,7600.0,5164.0
ORD-105518,13/04/2026,Sulawesi,Offline,C01167,UMKM,SR16,Aksesoris,Keyboard Mekanik K7,2,0.1,Completed,650.0,1170.0,799.0
ORD-105519,13/04/2026,Jakarta,Offline,C01200,UMKM,SR03,Laptop,Laptop Veno 13,1,0.05,Completed,6200.0,5890.0,5506.0
ORD-105520,13/04/2026,Kalimantan,Offline,C02041,Retail,SR14,Laptop,Laptop Axio 14,2,0.05,Completed,8500.0,16150.0,15395.4
ORD-105521,2026-04-13,Sumatera,Online,K0022,Korporat,SYS-ONLINE,Laptop,Laptop Axio Pro 15,6,0.05,Completed,13000000.0,74100000.0,70460400.0
ORD-105522,13/04/2026,Jakarta,Offline,C01448,Retail,SR02,Smartphone,Smartphone Lumo X,1,0.05,Completed,5500.0,5225.0,4797.1
ORD-105523,2026-04-13,Jabar,Online,C02091,Retail,SYS-ONLINE,Laptop,Laptop Axio 14,2,0.05,Cancelled,8500000.0,16150000.0,15196200.0
ORD-105524,13/04/2026,Kalimantan,Offline,C00646,UMKM,SR13,Smartphone,Smartphone Lumo A5,2,0.05,Completed,2800.0,5320.0,4806.4
ORD-105525,13/04/2026,Jawa Barat,Offline,C01044,Retail,SR06,LAPTOP,Laptop Veno 13,2,0.0,Completed,6200.0,12400.0,11025.8
ORD-105526,14/04/2026,Jawa Timur,Offline,C00934,UMKM,SR08,Laptop,Laptop Axio Pro 15,3,0.0,Completed,13000.0,39000.0,34922.1
ORD-105527,14/04/2026,Jawa Timur,Offline,C00818,Retail,SR09,Aksesoris,Mouse Wireless M20,4,0.1,Completed,180.0,648.0,423.6
ORD-105528,14/04/2026,Jawa Timur,Offline,C02296,Retail,SR08,Aksesoris,Mouse Wireless M20,2,0.0,Completed,180.0,360.0,211.0
ORD-105529,14/04/2026,jawa timur,Offline,C01450,Retail,SR07,Aksesoris,Power Bank 20000mAh,3,0.0,Cancelled,320.0,960.0,602.7
ORD-105529,14/04/2026,jawa timur,Offline,C01450,Retail,SR07,Aksesoris,Power Bank 20000mAh,3,0.0,Cancelled,320.0,960.0,602.7
ORD-105530,14/04/2026,Kalimantan,Offline,C00477,Retail,SR15,Aksesoris,Power Bank 20000mAh,5,5.0,Completed,320.0,1520.0,986.5
ORD-105531,14/04/2026,Sulawesi,Offline,C01988,UMKM,SR16,Aksesoris,Keyboard Mekanik K7,14,0.0,Completed,650.0,9100.0,5670.0
ORD-105532,14/04/2026,Kalimantan,Offline,C01105,UMKM,SR15,Aksesoris,Keyboard Mekanik K7,4,5.0,Completed,650.0,2470.0,1614.8
ORD-105533,15/04/2026,Sulawesi,Offline,C00409,UMKM,SR16,Aksesoris,Keyboard Mekanik K7,7,0.0,Completed,650.0,4550.0,2775.5
ORD-105534,2026-04-15,Jawa barat ,Online,K0009,Korporat,SYS-ONLINE,Laptop,Laptop Axio 14,3,0.1,Completed,8500000.0,22950000.0,22574400.0
ORD-105535,15/04/2026,Jawa Barat,Offline,C00024,Retail,SR04,Smartphone,Smartphone Lumo X,2,0.0,Completed,5500.0,11000.0,9594.8
ORD-105536,2026-04-15,Sumatera,Online,C00250,Retail,SYS-ONLINE,Aksesoris,Power Bank 20000mAh,4,0.1,Completed,320000.0,1152000.0,791200.0
ORD-105537,2026-04-15,Jawa Barat,Online,C02183,Retail,SYS-ONLINE,Aksesoris,Power Bank 20000mAh,3,0.25,Completed,320000.0,720000.0,605100.0
ORD-105538,15/04/2026,Jakarta,Offline,C00592,Retail,SR02,Aksesoris,Power Bank 20000mAh,2,0.1,Completed,320.0,576.0,399.8
ORD-105539,15/04/2026,Sulawesi,Offline,C02053,Retail,SR16,Aksesoris,Power Bank 20000mAh,3,0.1,Completed,320.0,864.0,606.0
ORD-105540,2026-04-16,JKT ,Online,C01191,Retail,SYS-ONLINE,Smartphone,Smartphone Lumo X,2,0.1,Completed,5500000.0,9900000.0,9561400.0
ORD-105541,16/04/2026,Kalimantan,Offline,C00266,UMKM,SR13,Peralatan Kantor,Kertas A4 80gsm (rim),9,0.0,Completed,55.0,495.0,338.4
ORD-105542,16/04/2026,Jawa Timur,Offline,C01837,UMKM,SR09,Aksesoris,Mouse Wireless M20,6,0.1,Completed,180.0,972.0,624.6
ORD-105543,2026-04-16,Jakarta,Online,C00769,Retail,SYS-ONLINE,Smartphone,Smartphone Lumo X,1,0.1,Completed,5500000.0,4950000.0,4862500.0
ORD-105544,16/04/2026,Sumatera,Offline,C01998,UMKM,SR11,Smartphone,Smartphone Lumo A5,3,0.0,Completed,2800.0,8400.0,7368.3
ORD-105545,2026-04-16,Sumatera,Online,C00946,Retail,SYS-ONLINE,Printer & Tinta,Printer InkJet P200,2,0.05,Completed,2100000.0,3990000.0,3379400.0
ORD-105546,2026-04-16,Jawa Timur,Online,C02365,UMKM,SYS-ONLINE,Aksesoris,Headset USB H3,8,0.0,Completed,350000.0,2800000.0,1672800.0
ORD-105547,2026-04-17,Jawa Timur,Online,K0119,Korporat,SYS-ONLINE,Peralatan Kantor,Kursi Ergonomis E1,10,0.15,Cancelled,1900000.0,16150000.0,12862000.0
ORD-105548,17/04/2026,Jawa Timur,Offline,C01916,UMKM,SR09,Smartphone,Smartphone Lumo A5,1,0.05,Completed,2800.0,2660.0,2416.1
ORD-105549,17/04/2026,Kalimantan,Offline,C01162,UMKM,SR15,Networking,Router WiFi 6 R600,14,5.0,Completed,1200.0,15960.0,
ORD-105550,17/04/2026,JKT ,Offline,C01019,UMKM,SR01,Printer & Tinta,Printer InkJet P200,4,0.0,Completed,2100.0,8400.0,6851.6
ORD-105551,17/04/2026,Kalimantan,Offline,C02051,Retail,SR14,Aksesoris,Headset USB H3,4,0.0,Completed,350.0,1400.0,840.8
ORD-105552,2026-04-17,Sumatera,Online,C01433,Retail,SYS-ONLINE,Networking,Switch 8 Port S8,2,0.25,Completed,450000.0,675000.0,598600.0
ORD-105553,2026-04-17,Sumatera,Online,C00142,Retail,SYS-ONLINE,Smartphone,Smartphone Lumo A5,1,0.25,Completed,2800000.0,2100000.0,2450100.0
ORD-105554,17/04/2026,Jakarta,Offline,C00016,UMKM,SR03,Smartphone,Smartphone Lumo X,1,0.05,Completed,5500.0,5225.0,4808.1
ORD-105555,2026-04-17,Sumatera,online,C01561,Retail,SYS-ONLINE,Printer & Tinta,Tinta Botol Set CMYK,2,0.3,Completed,280000.0,392000.0,332200.0
ORD-105556,17/04/2026,Jakarta,Offline,C01017,Retail,SR01,Printer & Tinta,Tinta Botol Set CMYK,1,0.0,Completed,280.0,280.0,166.7
ORD-105557,17/04/2026,Jakarta,Offline,C00372,UMKM,SR02,Smartphone,Smartphone Lumo A5,3,0.0,Completed,2800.0,8400.0,7341.0
ORD-105558,2026-04-18,Kalimantan,Online,C01221,UMKM,SYS-ONLINE,Peralatan Kantor,Kertas A4 80gsm (rim),11,0.3,Completed,55000.0,423500.0,423500.0
ORD-105559,18/04/2026,Sumatera,Offline,C00643,Retail,SR11,Laptop,Laptop Axio 14,1,0.0,Completed,8500.0,8500.0,7681.1
ORD-105560,2026-04-18,Jakarta,Online,C01321,UMKM,SYS-ONLINE,Peralatan Kantor,Kertas A4 80gsm (rim),3,0.0,Completed,55000.0,165000.0,113400.0
ORD-105561,18/04/2026,Kalimantan,Offline,C01057,Retail,SR15,Smartphone,Smartphone Lumo X,1,0.0,Completed,5500.0,5500.0,4743.6
ORD-105562,2026-04-18,Jakarta,Online,C00970,Retail,SYS-ONLINE,Aksesoris,Mouse Wireless M20,1,0.2,Completed,180000.0,144000.0,106400.0
ORD-105563,2026-04-18,Sumatera,Online,C01559,Retail,SYS-ONLINE,Aksesoris,Mouse Wireless M20,2,0.05,Completed,180000.0,342000.0,210800.0
ORD-105564,19/04/2026,jakarta,Offline,K0171,Korporat,SR02,Printer & Tinta,Tinta Botol Set CMYK,10,0.1,Completed,280.0,2520.0,1668.0
ORD-105565,19/04/2026,Jawa Barat,Offline,C01796,UMKM,SR06,Networking,Router WiFi 6 R600,5,0.0,Completed,1200.0,6000.0,
ORD-105566,2026-04-19,Sumatera,Online,K0126,Korporat,SYS-ONLINE,Smartphone,Smartphone Lumo A5,3,0.25,Completed,2800000.0,6300000.0,7231200.0
ORD-105567,19/04/2026,Sumatera,Offline,C01578,UMKM,SR10,Networking,Switch 8 Port S8,7,0.0,Completed,450.0,3150.0,
ORD-105568,2026-04-19,Jakarta,Online,C00537,Retail,SYS-ONLINE,Smartphone,Smartphone Lumo A5,2,0.1,Completed,2800000.0,5040000.0,4842000.0
ORD-105569,19/04/2026,Jakarta,Offline,K0152,Korporat,SR03,Laptop,Laptop Axio 14,8,0.05,Completed,8500.0,64600.0,60441.6
ORD-105570,20/04/2026,Jakarta,Offline,C00721,Retail,SR01,Aksesoris,Power Bank 20000mAh,1,0.0,Completed,320.0,320.0,202.5
ORD-105571,20/04/2026,Kalimantan,Offline,C01662,UMKM,SR13,Networking,Router WiFi 6 R600,10,0.1,Completed,1200.0,10800.0,
ORD-105572,20/04/2026,Kalimantan,Offline,C00210,Retail,SR15,Printer & Tinta,Tinta Botol Set CMYK,1,0.0,Completed,280.0,280.0,165.0
ORD-105573,2026-04-20,Jakarta,E-Commerce,C00092,UMKM,SYS-ONLINE,Aksesoris,Power Bank 20000mAh,4,0.0,Cancelled,320000.0,1280000.0,789200.0
ORD-105574,2026-04-20,Sumatera,Online,C00556,Retail,SYS-ONLINE,Peralatan Kantor,Kursi Ergonomis E1,5,0.2,Completed,1900000.0,7600000.0,6568500.0
ORD-105575,20/04/2026,Jakarta,Offline,C01542,Retail,SR03,Aksesoris,Keyboard Mekanik K7,4,0.1,Completed,650.0,2340.0,1585.2
RET-105481,20/04/2026,Jawa Barat,Offline,C00816,Retail,SR04,Laptop,Laptop Veno 13,-1,0.0,Returned,6200.0,-6200.0,-5467.4
ORD-105576,21/04/2026,Jakarta,Offline,C00441,Retail,SR03,Smartphone,Smartphone Lumo X,2,0.0,Completed,5500.0,11000.0,9587.2
ORD-105577,2026-04-21,Jakarta,Online,C00794,UMKM,SYS-ONLINE,Networking,Switch 8 Port S8,13,0.2,Completed,450000.0,4680000.0,
ORD-105578,2026-04-21,Jakarta,Online,C00047,Retail,SYS-ONLINE,Peralatan Kantor,Kertas A4 80gsm (rim),4,0.0,Completed,55000.0,220000.0,154400.0
ORD-105579,2026-04-21,Jawa Timur,Online,C01283,Retail,SYS-ONLINE,Printer & Tinta,Printer InkJet P200,2,0.2,Completed,2100000.0,3360000.0,3353800.0
ORD-105580,2026-04-21,Jawa Timur,Online,K0116,Korporat,SYS-ONLINE,Peralatan Kantor,Kursi Ergonomis E1,46,0.05,Completed,1900000.0,83030000.0,60126600.0
ORD-105581,21/04/2026,Kalimantan,Offline,K0165,Korporat,SR14,Laptop,Laptop Axio Pro 15,5,0.05,Completed,13000.0,61750.0,58832.0
ORD-105582,21/04/2026,Sumatera,Offline,C01217,Retail,SR12,Printer & Tinta,Tinta Botol Set CMYK,2,0.0,Completed,280.0,560.0,332.8
ORD-105583,21/04/2026,Sumatera,Offline,C01490,Retail,SR11,Aksesoris,Power Bank 20000mAh,2,10.0,Completed,320.0,576.0,395.8
ORD-105584,21/04/2026,Sumatera,Offline,C00528,Retail,SR11,Aksesoris,Power Bank 20000mAh,1,0.0,Completed,320.0,320.0,198.9
ORD-105585,21/04/2026,Jakarta,Offline,C02078,Retail,SR02,Aksesoris,Keyboard Mekanik K7,4,0.0,Completed,650.0,2600.0,1623.6
ORD-105586,22/04/2026,Jawa Barat,Offline,C00101,Retail,SR05,Smartphone,Smartphone Lumo A5,2,0.0,Completed,2800.0,5600.0,4817.6
ORD-105587,22/04/2026,Sumatera,Offline,C02034,UMKM,SR12,Laptop,Laptop Veno 13,2,0.05,Completed,6200.0,11780.0,10948.6
ORD-105588,22/04/2026,Sulawesi,Offline,C01353,UMKM,SR18,Aksesoris,Keyboard Mekanik K7,2,0.0,Completed,650.0,1300.0,807.6
ORD-105589,2026-04-22,Jakarta,Online,C01238,Retail,SYS-ONLINE,Aksesoris,Power Bank 20000mAh,5,0.05,Completed,320000.0,1520000.0,999000.0
ORD-105590,2026-04-22,Jakarta,Online,C00736,UMKM,SYS-ONLINE,Smartphone,Smartphone Lumo A5,5,0.0,Completed,2800000.0,14000000.0,12048500.0
ORD-105591,2026-04-23,,Online,C01809,Retail,SYS-ONLINE,Printer & Tinta,Tinta Botol Set CMYK,2,0.1,Completed,280000.0,504000.0,334600.0
ORD-105592,23/04/2026,Jawa barat ,Offline,K0026,Korporat,SR04,Printer & Tinta,Tinta Botol Set CMYK,191,0.1,Completed,280.0,48132.0,31686.9
RET-105507,23/04/2026,Sumatera,Offline,C00486,Retail,SR12,Laptop,Laptop Veno 13,-1,0.0,Returned,6200.0,-6200.0,-5591.4
ORD-105593,24/04/2026,jakarta,Offline,C01176,Retail,SR01,Printer & Tinta,Tinta Botol Set CMYK,1,0.0,Completed,280.0,280.0,163.2
ORD-105594,24/04/2026,Sulawesi,Offline,C02301,Retail,SR18,Laptop,Laptop Axio Pro 15,1,0.05,Completed,13000.0,12350.0,11571.2
ORD-105595,24/04/2026,Jawa Barat,Offline,C00344,Retail,SR05,Smartphone,Smartphone Lumo X,2,0.0,Completed,5500.0,11000.0,9484.8
ORD-105596,24/04/2026,Jakarta,Offline,C00980,UMKM,SR01,Smartphone,Smartphone Lumo X,3,0.05,Completed,5500.0,15675.0,14248.5
ORD-105597,24/04/2026,Jawa Timur,Offline,C01879,Retail,SR07,Laptop,Laptop Axio Pro 15,1,5.0,Completed,13000.0,12350.0,11558.3
ORD-105598,2026-04-24,Sumatera,Online,C00487,UMKM,SYS-ONLINE,Smartphone,Smartphone Lumo X,2,0.3,Completed,5500000.0,7700000.0,9557600.0
ORD-105598,2026-04-24,Sumatera,Online,C00487,UMKM,SYS-ONLINE,Smartphone,Smartphone Lumo X,2,0.3,Completed,5500000.0,7700000.0,9557600.0
ORD-105599,24/04/2026,Jawa Barat,Offline,C01147,Retail,SR05,Peralatan Kantor,Kursi Ergonomis E1,5,0.0,Completed,1900.0,9500.0,6568.0
ORD-105600,2026-04-24,Jawa Timur,Online,C00682,Retail,SYS-ONLINE,Aksesoris,Power Bank 20000mAh,4,0.1,Completed,320000.0,1152000.0,796400.0
ORD-105601,24/04/2026,Jakarta,Offline,C01776,Retail,SR03,Printer & Tinta,Printer InkJet P200,1,0.0,Completed,2100.0,2100.0,
ORD-105602,25/04/2026,Sulawesi,Offline,C00534,Retail,SR17,Aksesoris,Keyboard Mekanik K7,5,0.0,Completed,650.0,3250.0,2008.5
ORD-105603,2026-04-25,Jawa Timur,Online,C02146,Retail,SYS-ONLINE,Peralatan Kantor,Kertas A4 80gsm (rim),3,0.05,Completed,55000.0,156750.0,113700.0
ORD-105604,25/04/2026,jawa timur,Offline,C01151,Retail,SR09,Laptop,Laptop Axio Pro 15,2,0.2,Completed,13000.0,20800.0,23343.0
ORD-105605,25/04/2026,Jawa Timur,Offline,C02345,Retail,SR09,Peralatan Kantor,Kursi Ergonomis E1,1,0.0,Completed,1900.0,1900.0,1300.7
ORD-105606,25/04/2026,Jakarta,Offline,C01847,Retail,SR01,Networking,Switch 8 Port S8,400,0.0,Completed,450.0,180000.0,118720.0
ORD-105607,2026-04-26,Jawa Timur,Online,C02231,UMKM,SYS-ONLINE,Smartphone,Smartphone Lumo X,2,0.15,Completed,5500000.0,9350000.0,9555400.0
ORD-105608,26/04/2026,Jawa Barat,Offline,C02146,Retail,SR05,Aksesoris,Keyboard Mekanik K7,4,0.0,Completed,650.0,2600.0,1577.6
ORD-105609,2026-04-26,Jawa Barat,Online,C00701,Retail,SYS-ONLINE,Smartphone,Smartphone Lumo X,1,0.15,Completed,5500000.0,4675000.0,4757900.0
ORD-105610,2026-04-26,Jakarta,Online,C00033,UMKM,SYS-ONLINE,Peralatan Kantor,Kursi Ergonomis E1,8,0.05,Completed,1900000.0,14440000.0,10475200.0
ORD-105611,26/04/2026,Sumatra,Offline,C01221,UMKM,SR12,Printer & Tinta,Tinta Botol Set CMYK,4,0.0,Completed,280.0,1120.0,662.8
ORD-105612,2026-04-26,Jawa Barat,Online,C00842,Retail,SYS-ONLINE,Peralatan Kantor,Kursi Ergonomis E1,4,0.05,Completed,1900000.0,7220000.0,5132400.0
ORD-105613,26/04/2026,jawa timur,Offline,C01071,UMKM,SR08,Laptop,Laptop Veno 13,4,0.0,Completed,6200.0,24800.0,22382.8
ORD-105614,2026-04-26,Jawa barat ,Online,C02067,Retail,SYS-ONLINE,Laptop,Laptop Axio Pro 15,2,0.25,Completed,13000000.0,19500000.0,22997600.0
ORD-105615,2026-04-27,Jawa Barat,Online,C02239,UMKM,SYS-ONLINE,Aksesoris,Power Bank 20000mAh,7,0.0,Completed,320000.0,2240000.0,1403500.0
ORD-105616,2026-04-27,Jawa Barat,Online,C01099,Retail,SYS-ONLINE,Smartphone,Smartphone Lumo X,1,0.0,Completed,5500000.0,5500000.0,4789200.0
ORD-105617,2026-04-27,Kalimantan,Online,C02324,Retail,SYS-ONLINE,Printer & Tinta,Tinta Botol Set CMYK,1,0.0,Completed,280000.0,280000.0,163000.0
ORD-105618,2026-04-27,Kalimantan,Online,C01848,UMKM,SYS-ONLINE,Aksesoris,Power Bank 20000mAh,9,0.1,Completed,320000.0,2592000.0,1799100.0
ORD-105618,2026-04-27,Kalimantan,Online,C01848,UMKM,SYS-ONLINE,Aksesoris,Power Bank 20000mAh,9,0.1,Completed,320000.0,2592000.0,1799100.0
ORD-105619,2026-04-27,Jakarta,ONLINE,C02074,UMKM,SYS-ONLINE,Smartphone,Smartphone Lumo X,2,0.1,Completed,5500000.0,9900000.0,9457800.0
ORD-105620,27/04/2026,Sumatera,Offline,C01466,UMKM,SR11,Networking,Router WiFi 6 R600,9,0.0,Completed,1200.0,10800.0,7669.8
ORD-105621,27/04/2026,kalimantan,Offline,C01913,Retail,SR13,Aksesori,Mouse Wireless M20,4,0.05,Completed,180.0,684.0,417.2
ORD-105622,2026-04-27,Jabar,Online,C02177,UMKM,SYS-ONLINE,Peralatan Kantor,Kursi Ergonomis E1,3,0.15,Completed,1900000.0,4845000.0,3855000.0
ORD-105623,27/04/2026,Jakarta,Offline,C01256,Retail,SR02,Printer & Tinta,Tinta Botol Set CMYK,1,0.0,Completed,280.0,280.0,165.6
ORD-105624,27/04/2026,Jawa Timur,Offline,C01267,UMKM,SR08,Aksesoris,Keyboard Mekanik K7,12,0.05,Completed,650.0,7410.0,4836.0
ORD-105625,27/04/2026,Sumatera,Offline,K0071,Korporat,SR11,Laptop,Laptop Veno 13,9,0.0,Completed,6200.0,55800.0,50673.6
ORD-105626,28/04/2026,Sumatera,Offline,C00798,UMKM,SR12,Laptop,Laptop Axio 14,1,0.0,Completed,8500.0,8500.0,7609.9
ORD-105627,28/04/2026,Jakarta,Offline,C01605,Retail,SR02,Printer & Tinta,Printer InkJet P200,2,0.0,Completed,2100.0,4200.0,3405.6
ORD-105628,28/04/2026,Jakarta,Offline,C00535,Retail,SR03,Laptop,Laptop Axio Pro 15,1,0.0,Completed,13000.0,13000.0,11775.1
ORD-105629,2026-04-28,,Online,C01820,UMKM,SYS-ONLINE,Peralatan Kantor,Kertas A4 80gsm (rim),9,0.25,Completed,55000.0,371250.0,343800.0
ORD-105630,28/04/2026,Jawa Timur,Offline,C01427,UMKM,SR08,Laptop,Laptop Axio 14,4,0.25,Completed,8500.0,25500.0,30635.6
ORD-105631,2026-04-28,Jawa Timur,Online,C00548,Retail,SYS-ONLINE,Networking,Router WiFi 6 R600,4,0.05,Cancelled,1200000.0,4560000.0,3384000.0
ORD-105632,28/04/2026,Jawa barat ,Offline,C01915,Retail,SR04,smartphone,Smartphone Lumo A5,2,0.0,Completed,2800.0,5600.0,4932.4
ORD-105633,2026-04-28,Jawa Timur,ONLINE,C00803,Retail,SYS-ONLINE,Aksesoris,Headset USB H3,2,0.1,Completed,350000.0,630000.0,414000.0
ORD-105634,29/04/2026,Jawa Barat,Offline,C01484,Retail,SR05,Printer&Tinta,Tinta Botol Set CMYK,2,0.05,Completed,280.0,532.0,331.8
ORD-105635,29/04/2026,Kalimantan,Offline,C00292,UMKM,SR13,Laptop,Laptop Axio 14,5,0.05,Completed,8500.0,40375.0,38051.0
ORD-105636,2026-04-29,Jawa Barat,Online,C01948,Retail,SYS-ONLINE,Aksesoris,Keyboard Mekanik K7,1,0.0,Completed,650000.0,650000.0,404400.0
ORD-105637,29/04/2026,Jakarta,Offline,C01349,Retail,SR02,Peralatan Kantor,Kertas A4 80gsm (rim),4,0.05,Completed,55.0,209.0,154.0
ORD-105638,29/04/2026,Sumatra,Offline,C00690,UMKM,SR11,Aksesoris,Keyboard Mekanik K7,1,0.0,Completed,650.0,650.0,396.0
ORD-105639,29/04/2026,Kalimantan,Offline,C02082,Retail,SR13,Laptop,Laptop Axio Pro 15,1,0.05,Completed,13000.0,12350.0,11719.2
ORD-105640,2026-04-29,Sumatera,Online,C01116,Retail,SYS-ONLINE,HP,Smartphone Lumo A5,1,0.1,Completed,2800000.0,2520000.0,2427300.0
ORD-105641,2026-04-29,,Online,K0108,Korporat,SYS-ONLINE,Aksesoris,Mouse Wireless M20,24,0.1,Completed,180000.0,3888000.0,2556000.0
ORD-105642,29/04/2026,jakarta,Offline,C02206,Retail,SR01,Peralatan Kantor,Kursi Ergonomis E1,5,0.0,Completed,1900.0,9500.0,6501.0
ORD-105643,30/04/2026,Jawa Timur,Offline,C00930,Retail,SR08,Networking,Router WiFi 6 R600,5,0.3,Completed,1200.0,4200.0,4215.5
ORD-105644,2026-04-30,Jakarta,Online,C01466,Retail,SYS-ONLINE,Laptop,Laptop Veno 13,1,0.05,Completed,6200000.0,5890000.0,5495400.0
ORD-105645,2026-04-30,Jawa Timur,Online,C00239,Retail,SYS-ONLINE,networking,Router WiFi 6 R600,1,0.25,Completed,1200000.0,900000.0,
ORD-105646,30/04/2026,Jatim,Offline,C00276,Retail,SR07,Networking,Switch 8 Port S8,2,20.0,Completed,450.0,720.0,
ORD-105647,30/04/2026,Kalimantan,Offline,C02310,Retail,SR14,Printer & Tinta,Tinta Botol Set CMYK,1,0.05,Completed,280.0,266.0,165.6
ORD-105648,2026-04-30,,Online,C00274,Retail,SYS-ONLINE,Smartphone,Smartphone Lumo A5,2,0.2,Completed,2800000.0,4480000.0,4835000.0
ORD-104495,2026-01-05,Sulawesi,Offline,K0123,Korporat,SR16,Laptop,Laptop Axio Pro 15,6,0.0,Completed,13000000.0,78000000.0,70108200.0
ORD-104496,2026-01-05,Jawa Timur,Online,C00436,Retail,SYS-ONLINE,Smartphone,Smartphone Lumo A5,1,0.05,Completed,2800000.0,2660000.0,2406500.0
ORD-104497,2026-01-05,Jawa Barat,Offline,K0056,Korporat,SR06,Printer & Tinta,Printer InkJet P200,8,0.0,Completed,2100000.0,16800000.0,13428800.0
ORD-104498,2026-01-05,DKI Jakarta,Offline,C02195,Retail,SR01,Aksesoris,Headset USB H3,2,0.0,Completed,350000.0,700000.0,419600.0
ORD-104499,2026-01-05,Jawa Barat,Online,C01412,UMKM,SYS-ONLINE,Smartphone,Smartphone Lumo X,5,0.25,Completed,5500000.0,20625000.0,23809000.0
ORD-104500,2026-01-05,Sulawesi,Offline,C01744,Retail,SR18,Aksesoris,Power Bank 20000mAh,1,0.0,Completed,320000.0,320000.0,197000.0
ORD-104501,2026-01-05,Jawa Timur,Offline,C00202,Retail,SR09,Smartphone,Smartphone Lumo A5,2,0.1,Completed,2800000.0,5040000.0,4918000.0
ORD-104502,2026-01-05,Jawa Timur,Online,C00301,Retail,SYS-ONLINE,Networking,Router WiFi 6 R600,5,0.05,Completed,1200000.0,5700000.0,
ORD-105649,01/05/2026,Jakarta,Offline,K0161,Korporat,SR03,Peralatan Kantor,Kursi Ergonomis E1,18,0.05,Completed,1900.0,32490.0,23711.4
ORD-105652,01/05/2026,Jawa Timur,Offline,C00660,Retail,SR07,Networking,Switch 8 Port S8,3,0.0,Completed,450.0,1350.0,903.6
ORD-105655,01/05/2026,Sumatera,Offline,C00886,UMKM,SR11,Networking,Switch 8 Port S8,3,10.0,Completed,450.0,1215.0,897.6
ORD-105656,01/05/2026,Jawa Barat,Offline,C01150,UMKM,SR06,Laptop,Laptop Veno 13,2,0.0,Completed,6200.0,12400.0,11043.4
ORD-104757,2026-02-05,Jakarta,Offline,C01927,Retail,SR03,Networking,Switch 8 Port S8,5,0.05,Completed,450000.0,2137500.0,
ORD-104758,2026-02-05,Kalimantan,Online,C01538,UMKM,SYS-ONLINE,Smartphone,Smartphone Lumo X,1,0.0,Completed,5500000.0,5500000.0,4821200.0
ORD-104759,2026-02-05,Sulawesi,Offline,C01063,Retail,SR17,Smartphone,Smartphone Lumo X,2,0.05,Completed,5500000.0,10450000.0,9481600.0
ORD-104760,2026-02-05,Jawa Timur,Online,C02284,Retail,SYS-ONLINE,Printer & Tinta,Tinta Botol Set CMYK,2,0.1,Completed,280000.0,504000.0,327200.0
ORD-104761,2026-02-05,Jawa Timur,Offline,C01792,UMKM,SR09,Printer & Tinta,Tinta Botol Set CMYK,2,0.0,Completed,280000.0,560000.0,326200.0
ORD-104762,2026-02-05,Jawa barat ,Offline,C01260,UMKM,SR05,Peralatan Kantor,Kursi Ergonomis E1,8,0.0,Cancelled,1900000.0,15200000.0,10444800.0
ORD-104763,2026-02-05,Jatim,Offline,C01885,UMKM,SR09,Networking,Switch 8 Port S8,10,0.0,Completed,450000.0,4500000.0,2997000.0
ORD-104764,2026-02-05,Kalimantan,Offline,C01280,UMKM,SR14,Networking,Switch 8 Port S8,8,0.05,Completed,450000.0,3420000.0,
ORD-104765,2026-02-05,Sumatera,Offline,C01011,Retail,SR12,Smartphone,Smartphone Lumo A5,2,0.05,Completed,2800000.0,5320000.0,4906800.0
ORD-104766,2026-02-05,Jawa Barat,Offline,K0138,Korporat,SR06,Aksesoris,Mouse Wireless M20,11,0.05,Completed,180000.0,1881000.0,1146200.0
ORD-104767,2026-02-05,Kalimantan,Online,C00747,UMKM,SYS-ONLINE,Peralatan Kantor,Kursi Ergonomis E1,12,0.05,Completed,1900000.0,21660000.0,15534000.0
ORD-104768,2026-02-05,kalimantan,Offline,K0028,Korporat,SR15,Aksesoris,Power Bank 20000mAh,29,10.0,Completed,320000.0,8352000.0,5785500.0
ORD-105659,02/05/2026,Jatim,Offline,C01407,Retail,SR08,Peralatan Kantor,Kursi Ergonomis E1,4,0.1,Completed,1900.0,6840.0,5268.0
ORD-105660,02/05/2026,Jawa Barat,Offline,K0022,Korporat,SR06,Laptop,Laptop Axio 14,2,0.05,Completed,8500.0,16150.0,15107.0
ORD-105661,02/05/2026,Jabar,Offline,C00971,Retail,SR04,Aksesoris,Keyboard Mekanik K7,3,0.05,Cancelled,650.0,1852.5,1188.0
ORD-105664,02/05/2026,Jawa Timur,Offline,C01119,UMKM,SR08,Smartphone,Smartphone Lumo A5,3,0.05,Completed,2800.0,7980.0,7257.0
ORD-105665,02/05/2026,Sulawesi,Offline,C01238,Retail,SR18,Laptop,Laptop Veno 13,2,0.0,Completed,6200.0,12400.0,11069.0
ORD-105666,02/05/2026,Jakarta,Offline,C00543,UMKM,SR02,Peralatan Kantor,Kertas A4 80gsm (rim),7,0.1,Completed,55.0,346.5,268.1
ORD-105047,2026-03-05,Jawa Barat,Offline,C01602,UMKM,SR04,Laptop,Laptop Axio 14,1,0.0,Completed,8500000.0,8500000.0,7506900.0
ORD-105048,2026-03-05,Jakarta,Online,K0114,Korporat,SYS-ONLINE,Aksesoris,Power Bank 20000mAh,20,0.1,Completed,320000.0,5760000.0,4002000.0
ORD-105049,2026-03-05,Jakarta,Online,C01998,UMKM,SYS-ONLINE,Aksesoris,Headset USB H3,5,0.1,Completed,350000.0,1575000.0,1064000.0
ORD-105050,2026-03-05,Sumatera,Offline,C02243,Retail,SR12,Peralatan Kantor,Kertas A4 80gsm (rim),4,0.05,Completed,55000.0,209000.0,153200.0
ORD-105051,2026-03-05,Sumatera,Offline,C01069,UMKM,SR10,Aksesoris,Headset USB H3,14,0.0,Completed,350000.0,4900000.0,2975000.0
ORD-105052,2026-03-05,Sumatera,Offline,C00972,Retail,SR11,Networking,Switch 8 Port S8,4,10.0,Completed,450000.0,1620000.0,1200000.0
ORD-105053,2026-03-05,Jawa Barat,Offline,C02346,Retail,SR05,Networking,Switch 8 Port S8,5,0.05,Completed,450000.0,2137500.0,1486500.0
ORD-105054,2026-03-05,Jawa Barat,Online,C01125,Retail,SYS-ONLINE,Aksesoris,Headset USB H3,3,0.1,Completed,350000.0,945000.0,627600.0
ORD-105055,2026-03-05,Jawa Barat,Online,C00689,Retail,SYS-ONLINE,Peralatan Kantor,Kursi Ergonomis E1,2,0.2,Completed,1900000.0,3040000.0,2600400.0
ORD-105056,2026-03-05,Jakarta,Online,C02344,Retail,SYS-ONLINE,laptop,Laptop Axio Pro 15,1,0.0,Completed,13000000.0,13000000.0,11619300.0
ORD-105057,2026-03-05,jakarta,Online,C00216,Retail,SYS-ONLINE,LAPTOP,Laptop Axio Pro 15,1,0.05,Completed,13000000.0,12350000.0,11780800.0
ORD-105058,2026-03-05,Jakarta,Offline,C00999,UMKM,SR02,Printer & Tinta,Printer InkJet P200,1,0.05,Completed,2100000.0,1995000.0,1696000.0
ORD-105667,03/05/2026,Jawa Timur,Offline,C00001,Retail,SR09,Laptop,Laptop Axio 14,2,0.05,Completed,8500.0,16150.0,15141.6
ORD-105668,03/05/2026,Jakarta,Offline,C01468,UMKM,SR03,Aksesoris,Mouse Wireless M20,2,0.05,Completed,180.0,342.0,208.8
ORD-105669,03/05/2026,Jatim,Offline,C01789,Retail,SR07,Laptop,Laptop Axio 14,2,0.0,Completed,8500.0,17000.0,15111.2
ORD-105670,03/05/2026,Jawa Timur,Offline,C02227,UMKM,SR08,Printer & Tinta,Printer InkJet P200,1,0.05,Completed,2100.0,1995.0,1685.3
ORD-105448,2026-04-05,Jakarta,Online,C01037,Retail,SYS-ONLINE,Laptop,Laptop Veno 13,2,0.1,Cancelled,6200000.0,11160000.0,11111800.0
ORD-105450,2026-04-05,Jawa Timur,Online,C01421,UMKM,SYS-ONLINE,Printer & Tinta,Printer InkJet P200,1,0.25,Completed,2100000.0,1575000.0,1721300.0
ORD-105456,2026-04-05,Jawa Barat,Online,C02312,Retail,SYS-ONLINE,Aksesoris,Mouse Wireless M20,2,0.05,Completed,180000.0,342000.0,211000.0
ORD-105672,04/05/2026,Jakarta,Offline,C00822,UMKM,SR01,Peralatan Kantor,Kertas A4 80gsm (rim),9,0.0,Completed,55.0,495.0,345.6
ORD-105673,04/05/2026,Kalimantan,Offline,C01906,UMKM,SR15,Peralatan Kantor,Kertas A4 80gsm (rim),14,5.0,Completed,55.0,731.5,529.2
ORD-105674,04/05/2026,Jawa Timur,Offline,C02061,UMKM,SR09,Networking,Switch 8 Port S8,3,0.05,Completed,450.0,1282.5,
ORD-105675,04/05/2026,jawa timur,Offline,C01403,UMKM,SR08,Aksesoris,Keyboard Mekanik K7,10,0.0,Completed,650.0,6500.0,3980.0
RET-105299,2026-04-05,Jawa Barat,Online,C01016,Retail,SYS-ONLINE,Smartphone,Smartphone Lumo X,-2,0.0,Returned,5500000.0,-11000000.0,-9470600.0
ORD-105676,05/05/2026,Sumatera,Offline,C00004,Retail,SR12,Peralatan Kantor,Kertas A4 80gsm (rim),4,0.0,Completed,55.0,220.0,150.4
ORD-105677,2026-05-05,Sulawesi,Online,C02378,Retail,SYS-ONLINE,Networking,Router WiFi 6 R600,2,0.05,Completed,1200000.0,2280000.0,
ORD-105678,05/05/2026,Jawa Timur,Offline,C00221,UMKM,SR09,Aksesoris,Power Bank 20000mAh,3,0.05,Completed,320.0,912.0,600.3
ORD-105682,06/05/2026,Kalimantan,Offline,C00024,Retail,SR14,Aksesoris,Power Bank 20000mAh,1,0.05,Completed,320.0,304.0,201.3
ORD-105926,2026-06-05,Jawa Timur,Online,C00493,Retail,SYS-ONLINE,Printer & Tinta,Tinta Botol Set CMYK,2,0.05,Completed,280000.0,532000.0,329400.0
ORD-105927,2026-06-05,Jawa Timur,Online,C00298,UMKM,SYS-ONLINE,Smartphone,Smartphone Lumo X,5,0.2,Completed,5500000.0,22000000.0,24017500.0
ORD-105933,2026-06-05,Sumatera,Online,C01358,Retail,SYS-ONLINE,Peralatan Kantor,Kertas A4 80gsm (rim),3,0.05,Completed,55000.0,156750.0,115500.0
ORD-105934,2026-06-05,Jakarta,Online,C00470,Retail,SYS-ONLINE,Laptop,Laptop Axio Pro 15,1,0.0,Completed,13000000.0,13000000.0,11555500.0
ORD-105684,07/05/2026,Jakarta,Offline,K0003,Korporat,SR03,Printer & Tinta,Tinta Botol Set CMYK,10,0.05,Completed,280.0,2660.0,1664.0
ORD-105686,07/05/2026,Jakarta,Offline,K0105,Korporat,SR03,Laptop,Laptop Axio 14,8,0.0,Completed,8500.0,68000.0,60076.0
ORD-105687,07/05/2026,Jawa Timur,Offline,C01001,Retail,SR07,Printer & Tinta,Tinta Botol Set CMYK,1,0.0,Completed,280.0,280.0,165.7
ORD-105690,07/05/2026,Jawa Barat,Offline,C01454,Retail,SR04,Printer & Tinta,Tinta Botol Set CMYK,1,0.0,Completed,280.0,280.0,164.3
ORD-105691,07/05/2026,Jawa Timur,Offline,K0118,Korporat,SR09,Networking,Router WiFi 6 R600,21,0.05,Completed,1200.0,23940.0,
ORD-105692,07/05/2026,Sumatera,Offline,C00117,UMKM,SR12,Peralatan Kantor,Kertas A4 80gsm (rim),4,0.05,Completed,55.0,209.0,153.2
ORD-106228,2026-07-05,SULAWESI,Online,C01184,Retail,SYS-ONLINE,Aksesoris,Mouse Wireless M20,2,0.2,Completed,180000.0,288000.0,211800.0
ORD-106233,2026-07-05,SULAWESI,Online,C00969,Retail,SYS-ONLINE,Laptop,Laptop Axio 14,1,0.0,Completed,8500000.0,8500000.0,7602500.0
ORD-106234,2026-07-05,Jawa Barat,Online,C00920,UMKM,SYS-ONLINE,Printer & Tinta,Tinta Botol Set CMYK,3,0.1,Completed,280000.0,756000.0,492000.0
ORD-105694,08/05/2026,Sumatera,Offline,C01322,Retail,SR10,Printer & Tinta,Printer InkJet P200,2,0.0,Completed,2100.0,4200.0,3410.4
ORD-105695,08/05/2026,Jakarta,Offline,C01103,Retail,SR02,Printer & Tinta,Tinta Botol Set CMYK,1,0.0,Completed,280.0,280.0,167.1
ORD-105696,08/05/2026,Sumatera,Offline,K0107,Korporat,SR12,Aksesoris,Keyboard Mekanik K7,4,0.0,Completed,650.0,2600.0,1618.8
ORD-105697,08/05/2026,Sulawesi,Offline,C00864,Retail,SR18,Smartphone,Smartphone Lumo X,2,0.0,Completed,5500.0,11000.0,9734.0
ORD-105699,08/05/2026,Jawa Barat,Offline,C01821,Retail,SR04,Networking,Switch 8 Port S8,3,0.0,Completed,450.0,1350.0,
ORD-105701,08/05/2026,Jakarta,Offline,C00061,Retail,SR01,Printer&Tinta,Printer InkJet P200,2,0.0,Completed,2100.0,4200.0,3446.6
ORD-105702,08/05/2026,Jawa Barat,Offline,C01982,UMKM,SR06,Networking,Router WiFi 6 R600,14,0.0,Completed,1200.0,16800.0,11842.6
ORD-105703,08/05/2026,Jakarta,Offline,C01225,UMKM,SR03,Peralatan Kantor,Kursi Ergonomis E1,12,0.0,Completed,1900.0,22800.0,15580.8
ORD-106549,2026-08-05,Jawa Timur,Online,C02221,UMKM,SYS-ONLINE,Printer&Tinta,Tinta Botol Set CMYK,5,0.15,Completed,280000.0,1190000.0,824000.0
ORD-106552,2026-08-05,Sumatera,Online,C01383,UMKM,SYS-ONLINE,Smartphone,Smartphone Lumo A5,4,0.1,Completed,2800000.0,10080000.0,9851600.0
ORD-106552,2026-08-05,Sumatera,Online,C01383,UMKM,SYS-ONLINE,Smartphone,Smartphone Lumo A5,4,0.1,Completed,2800000.0,10080000.0,9851600.0
ORD-105704,09/05/2026,Jawa Timur,Offline,C01455,Retail,SR09,Printer & Tinta,Printer InkJet P200,2,0.0,Completed,2100.0,4200.0,3371.2
ORD-105705,09/05/2026,Jawa Barat,Offline,C01032,Retail,SR05,Aksesoris,Headset USB H3,4,0.0,Completed,350.0,1400.0,842.8
ORD-105706,09/05/2026,Sumatera,Offline,C02165,Retail,SR12,Peralatan Kantor,Kertas A4 80gsm (rim),3,0.0,Cancelled,55.0,165.0,113.4
ORD-105707,09/05/2026,Sulawesi,Offline,C01085,UMKM,SR18,Smartphone,Smartphone Lumo A5,5,0.05,Completed,2800.0,13300.0,12075.5
ORD-105713,09/05/2026,Kalimantan,Offline,C01307,UMKM,SR15,Printer & Tinta,Printer InkJet P200,3,0.0,Completed,2100.0,6300.0,5070.6
ORD-106852,2026-09-05,Jawa Timur,Online,C01266,UMKM,SYS-ONLINE,Aksesoris,Power Bank 20000mAh,10,0.1,Completed,320000.0,2880000.0,2001000.0
ORD-106854,2026-09-05,Jakarta,Online,C00166,Retail,SYS-ONLINE,Laptop,Laptop Axio Pro 15,1,0.05,Completed,13000000.0,12350000.0,11732100.0
ORD-106855,2026-09-05,Sumatera,Online,K0005,Korporat,SYS-ONLINE,Smartphone,Smartphone Lumo A5,8,0.0,Completed,2800000.0,22400000.0,19595200.0
ORD-106858,2026-09-05,Jawa Timur,Online,C01779,UMKM,SYS-ONLINE,Aksesoris,Headset USB H3,1,0.2,Completed,350000.0,280000.0,209300.0
RET-106722,2026-09-05,Kalimantan,Online,C01973,Retail,SYS-ONLINE,Smartphone,Smartphone Lumo A5,-2,0.05,Returned,2800000.0,-5320000.0,-4797800.0
ORD-105717,10/05/2026,Jakarta,Offline,C01060,UMKM,SR03,Networking,Router WiFi 6 R600,8,0.0,Completed,1200.0,9600.0,
ORD-105718,10/05/2026,Jawa barat ,Offline,C02079,Retail,SR05,Laptop,Laptop Veno 13,1,0.0,Completed,6200.0,6200.0,5574.2
ORD-105719,10/05/2026,Sumatera,Offline,C02089,Retail,SR10,Aksesoris,Keyboard Mekanik K7,3,0.0,Completed,650.0,1950.0,1185.9
ORD-105722,10/05/2026,Jawa Timur,Offline,C01203,Retail,SR09,Laptop,Laptop Axio 14,2,0.1,Completed,8500.0,15300.0,15020.2
ORD-105723,10/05/2026,Sulawesi,Offline,C02280,Retail,SR16,Laptop,Laptop Axio 14,1,0.0,Completed,8500.0,8500.0,7682.4
ORD-105724,11/05/2026,Sumatera,Offline,C01171,Retail,SR10,Aksesoris,Headset USB H3,2,0.0,Completed,350.0,700.0,426.0
ORD-105725,11/05/2026,Kalimantan,Offline,C00929,Retail,SR15,Smartphone,Smartphone Lumo X,2,0.0,Completed,5500.0,11000.0,9670.6
ORD-105727,11/05/2026,Sulawesi,Offline,C01835,Retail,SR17,Printer&Tinta,Printer InkJet P200,2,0.05,Completed,2100.0,3990.0,3414.2
ORD-105728,11/05/2026,Jakarta,Offline,C01528,UMKM,SR02,Aksesoris,Keyboard Mekanik K7,1,0.0,Completed,650.0,650.0,397.1
ORD-105730,11/05/2026,Kalimantan,Offline,K0103,Korporat,SR14,Smartphone,Smartphone Lumo A5,10,0.05,Completed,2800.0,26600.0,24331.0
ORD-105731,11/05/2026,Jakarta,Offline,C02289,Retail,SR01,Smartphone,Smartphone Lumo X,1,0.05,Completed,5500.0,5225.0,4747.6
ORD-105732,11/05/2026,Jawa Timur,Offline,C00517,UMKM,SR08,Laptop,Laptop Axio 14,3,0.25,Completed,8500.0,19125.0,22971.0
ORD-105733,11/05/2026,Jakarta,Offline,K0120,Korporat,SR01,Aksesoris,Power Bank 20000mAh,49,0.0,Completed,320.0,15680.0,9662.8
ORD-105735,12/05/2026,kalimantan,Offline,C01350,UMKM,SR15,Networking,Switch 8 Port S8,5,0.0,Completed,450.0,2250.0,
ORD-105736,12/05/2026,Sumatera,Offline,C00139,Retail,SR11,Peralatan Kantor,Kertas A4 80gsm (rim),5,0.0,Completed,55.0,275.0,189.0
ORD-105740,12/05/2026,Jakarta,Offline,C01211,Retail,SR02,Peralatan Kantor,Kertas A4 80gsm (rim),1,0.0,Completed,55.0,55.0,37.8
ORD-105741,12/05/2026,Jawa barat ,Offline,C01453,Retail,SR05,Printer & Tinta,Printer InkJet P200,1,0.0,Completed,2100.0,2100.0,1689.3
ORD-105742,13/05/2026,Jawa Timur,Offline,C00863,Retail,SR07,Peralatan Kantor,Kursi Ergonomis E1,3,0.0,Completed,1900.0,5700.0,3947.1
ORD-105743,2026-05-13,Jawa Timur,Online,C00208,Retail,SYS-ONLINE,Smartphone,Smartphone Lumo A5,2,0.0,Cancelled,2800000.0,5600000.0,4809200.0
ORD-105744,2026-05-13,Jawa Timur,Online,C01190,UMKM,SYS-ONLINE,Aksesoris,Headset USB H3,3,0.1,Completed,350000.0,945000.0,630000.0
RET-105651,2026-05-13,Jawa Barat,Online,C00734,UMKM,SYS-ONLINE,Smartphone,Smartphone Lumo A5,-1,0.2,Returned,2800000.0,-2240000.0,-2429500.0
ORD-105745,14/05/2026,Jawa Timur,Offline,C00632,UMKM,SR07,Peralatan Kantor,Kertas A4 80gsm (rim),1,0.0,Completed,55.0,55.0,38.1
ORD-105746,2026-05-14,Sumatera,Online,C01596,Retail,SYS-ONLINE,Networking,Router WiFi 6 R600,4,0.3,Completed,1200000.0,3360000.0,
ORD-105747,2026-05-14,Jawa Barat,Online,C01965,Retail,SYS-ONLINE,Aksesoris,Power Bank 20000mAh,2,0.05,Completed,320000.0,608000.0,395200.0
ORD-105748,14/05/2026,Jakarta,Offline,C00115,Retail,SR03,Aksesoris,Headset USB H3,5,0.0,Completed,350.0,1750.0,1045.5
ORD-105749,14/05/2026,Jakarta,Offline,C00793,Retail,SR01,Printer & Tinta,Tinta Botol Set CMYK,2,0.0,Completed,280.0,560.0,332.8
ORD-105750,2026-05-14,,Online,C00449,Retail,SYS-ONLINE,Printer & Tinta,Tinta Botol Set CMYK,1,0.0,Completed,280000.0,280000.0,163200.0
ORD-105751,2026-05-14,Jakarta,Online,C01835,UMKM,SYS-ONLINE,Printer & Tinta,Printer InkJet P200,2,0.05,Completed,2100000.0,3990000.0,3380800.0
ORD-105752,2026-05-14,Jawa Barat,Online,C00440,Retail,SYS-ONLINE,Networking,Switch 8 Port S8,1,0.0,Completed,450000.0,450000.0,
ORD-105753,2026-05-14,Jawa Barat,ONLINE,C02092,Retail,SYS-ONLINE,Peralatan Kantor,Kursi Ergonomis E1,2,0.0,Completed,1900000.0,3800000.0,2574000.0
ORD-105754,14/05/2026,Jakarta,Offline,K0054,Korporat,SR03,Printer & Tinta,Tinta Botol Set CMYK,10,0.0,Completed,280.0,2800.0,1643.0
ORD-105755,14/05/2026,Jakarta,Offline,C01423,UMKM,SR03,Printer&Tinta,Tinta Botol Set CMYK,5,0.0,Completed,280.0,1400.0,833.0
RET-105696,14/05/2026,Sumatera,Offline,K0107,Korporat,SR12,Aksesoris,Keyboard Mekanik K7,-4,0.0,Returned,650.0,-2600.0,-1618.8
ORD-105756,15/05/2026,Jakarta,Offline,C00857,Retail,SR02,Aksesoris,Mouse Wireless M20,3,0.0,Completed,180.0,540.0,316.8
ORD-105757,2026-05-15,Jakarta,ONLINE,K0069,Korporat,SYS-ONLINE,Peralatan Kantor,Kursi Ergonomis E1,14,0.05,Completed,1900000.0,25270000.0,18454800.0
ORD-105758,2026-05-15,Jawa Barat,Online,C01451,Retail,SYS-ONLINE,Laptop,Laptop Axio Pro 15,1,0.3,Completed,13000000.0,9100000.0,11784600.0
ORD-105759,15/05/2026,Kalimantan,Offline,C01575,UMKM,SR13,Peralatan Kantor,Kertas A4 80gsm (rim),8,0.0,Completed,55.0,440.0,300.0
ORD-105760,2026-05-15,Jawa Barat,Online,C01426,Retail,SYS-ONLINE,Networking,Router WiFi 6 R600,2,0.2,Completed,1200000.0,1920000.0,1691200.0
ORD-105761,15/05/2026,JKT ,Offline,C01088,Retail,SR02,Aksesoris,Keyboard Mekanik K7,2,0.0,Completed,650.0,1300.0,794.2
ORD-105762,2026-05-16,Sulawesi,Online,C01353,Retail,SYS-ONLINE,Printer & Tinta,Printer InkJet P200,1,0.05,Completed,2100000.0,1995000.0,
ORD-105763,2026-05-16,Jakarta,Online,C00835,Retail,SYS-ONLINE,Smartphone,Smartphone Lumo A5,2,0.0,Completed,2800000.0,5600000.0,4871000.0
ORD-105764,2026-05-16,Jakarta,Online,K0108,Korporat,SYS-ONLINE,Laptop,Laptop Axio 14,4,0.15,Completed,8500000.0,28900000.0,30336400.0
ORD-105765,16/05/2026,Jakarta,Offline,C01243,Retail,SR01,Laptop,Laptop Veno 13,2,0.0,Completed,6200.0,12400.0,10983.4
ORD-105766,16/05/2026,Jabar,Offline,C00831,Retail,SR06,Networking,Switch 8 Port S8,3,0.0,Completed,450.0,1350.0,890.1
ORD-105767,16/05/2026,Jawa Timur,Offline,C01746,Retail,SR08,Aksesoris,Power Bank 20000mAh,1,0.0,Completed,320.0,320.0,200.3
ORD-105768,2026-05-16,Sumatera,Online,C01510,Retail,SYS-ONLINE,Smartphone,Smartphone Lumo X,1,0.0,Completed,5500000.0,5500000.0,4755000.0
ORD-105769,2026-05-16,Jakarta,ONLINE,C01712,Retail,SYS-ONLINE,Laptop,Laptop Axio 14,1,0.05,Completed,8500000.0,8075000.0,7592900.0
ORD-105770,16/05/2026,Jabar,Offline,C00571,Retail,SR06,Smartphone,Smartphone Lumo X,1,0.1,Completed,5500.0,4950.0,4737.2
RET-105738,2026-05-16,Jakarta,Online,C02074,Retail,SYS-ONLINE,Printer & Tinta,Tinta Botol Set CMYK,-1,0.0,Returned,280000.0,-280000.0,-166900.0
ORD-105771,17/05/2026,Sulawesi,Offline,C00742,UMKM,SR17,Smartphone,Smartphone Lumo A5,4,0.0,Completed,2800.0,11200.0,9596.4
ORD-105772,17/05/2026,Jawa Barat,Offline,C00869,Retail,SR05,Networking,Router WiFi 6 R600,3,0.05,Completed,1200.0,3420.0,
ORD-105773,2026-05-17,Kalimantan,Online,C01551,Retail,SYS-ONLINE,Printer & Tinta,Tinta Botol Set CMYK,2,0.05,Completed,280000.0,532000.0,332600.0
ORD-105774,17/05/2026,Jawa Barat,Offline,C00291,UMKM,SR06,Aksesoris,Power Bank 20000mAh,12,0.05,Completed,320.0,3648.0,2428.8
ORD-105775,2026-05-17,Sumatera,Online,C02150,UMKM,SYS-ONLINE,Laptop,Laptop Axio Pro 15,3,0.1,Completed,13000000.0,35100000.0,34919100.0
ORD-105776,17/05/2026,Kalimantan,Offline,K0148,Korporat,SR15,Peralatan Kantor,Kursi Ergonomis E1,48,5.0,Completed,1900.0,86640.0,62726.4
ORD-105777,2026-05-17,Jakarta,E-Commerce,C00429,Retail,SYS-ONLINE,Laptop,Laptop Axio Pro 15,1,0.1,Completed,13000000.0,11700000.0,11679500.0
ORD-105778,2026-05-17,Jawa barat ,Online,C00895,UMKM,SYS-ONLINE,Laptop,Laptop Axio 14,1,0.15,Completed,8500000.0,7225000.0,7498500.0
ORD-105779,2026-05-17,Jakarta,Online,C00773,Retail,SYS-ONLINE,Laptop,Laptop Axio Pro 15,1,0.1,Completed,13000000.0,11700000.0,11590100.0
ORD-105780,2026-05-17,jakarta,Online,C02038,Retail,SYS-ONLINE,Aksesoris,Mouse Wireless M20,3,0.2,Completed,180000.0,432000.0,312300.0
ORD-105781,17/05/2026,Jawa Barat,Offline,C00447,UMKM,SR06,Peralatan kantor,Kursi Ergonomis E1,6,0.0,Completed,1900.0,11400.0,7876.2
ORD-105781,17/05/2026,Jawa Barat,Offline,C00447,UMKM,SR06,Peralatan kantor,Kursi Ergonomis E1,6,0.0,Completed,1900.0,11400.0,7876.2
ORD-105782,2026-05-17,Jakarta,Online,C01311,UMKM,SYS-ONLINE,Smartphone,Smartphone Lumo A5,5,0.2,Completed,2800000.0,11200000.0,12290500.0
ORD-105783,2026-05-18,jakarta,Online,C00964,Retail,SYS-ONLINE,Smartphone,Smartphone Lumo A5,1,0.1,Completed,2800000.0,2520000.0,2434600.0
ORD-105784,2026-05-18,Jakarta,Online,C01454,Retail,SYS-ONLINE,smartphone,Smartphone Lumo A5,2,0.25,Completed,2800000.0,4200000.0,4914000.0
ORD-105785,18/05/2026,Sumatera,Offline,C01518,Retail,SR12,Laptop,Laptop Axio Pro 15,2,0.0,Completed,13000.0,26000.0,23223.8
ORD-105786,18/05/2026,Sumatera,Offline,C00707,Retail,SR12,Aksesoris,Mouse Wireless M20,3,0.05,Completed,180.0,513.0,313.2
ORD-105787,18/05/2026,Jawa Barat,Offline,C00175,Retail,SR05,Aksesoris,Power Bank 20000mAh,5,0.0,Completed,320.0,1600.0,993.5
ORD-105788,18/05/2026,Jawa Timur,Offline,C01445,UMKM,SR08,ATK,Kursi Ergonomis E1,7,0.0,Completed,1900.0,13300.0,9154.6
ORD-105789,18/05/2026,Jakarta,Offline,C00573,Retail,SR03,Peralatan Kantor,Kursi Ergonomis E1,1,0.0,Completed,1900.0,1900.0,1294.3
ORD-105790,18/05/2026,Jawa Timur,Offline,K0058,Korporat,SR09,Peralatan Kantor,Kertas A4 80gsm (rim),42,0.0,Completed,55.0,2310.0,1617.0
ORD-105791,2026-05-18,Jawa Timur,Online,C00421,Retail,SYS-ONLINE,Peralatan Kantor,Kursi Ergonomis E1,3,0.2,Completed,1900000.0,4560000.0,3898800.0
ORD-105792,18/05/2026,Sumatera,Offline,C00008,Retail,SR11,Peralatan Kantor,Kertas A4 80gsm (rim),2,0.0,Completed,55.0,110.0,76.8
ORD-105793,2026-05-19,Jakarta,Online,C01038,Retail,SYS-ONLINE,smartphone,Smartphone Lumo X,2,0.3,Completed,5500000.0,7700000.0,9669200.0
ORD-105794,19/05/2026,Jawa Barat,Offline,C00335,Retail,SR04,Laptop,Laptop Veno 13,1,0.05,Completed,6200.0,5890.0,5595.4
ORD-105795,2026-05-19,Sumatera,Online,C02045,Retail,SYS-ONLINE,Networking,Router WiFi 6 R600,2,0.25,Completed,1200000.0,1800000.0,1700200.0
ORD-105796,2026-05-19,,Online,C01098,Retail,SYS-ONLINE,Peralatan Kantor,Kertas A4 80gsm (rim),5,0.1,Completed,55000.0,247500.0,192000.0
ORD-105797,19/05/2026,Sumatera,Offline,C01952,Retail,SR10,Printer & Tinta,Tinta Botol Set CMYK,1,0.1,Completed,280.0,252.0,166.9
ORD-105798,2026-05-19,Jawa Timur,Online,C01510,Retail,SYS-ONLINE,Peralatan Kantor,Kertas A4 80gsm (rim),3,0.1,Completed,55000.0,148500.0,115200.0
ORD-105799,2026-05-19,Jawa Timur,Online,K0073,Korporat,SYS-ONLINE,Aksesori,Headset USB H3,38,0.3,Completed,350000.0,9310000.0,7938200.0
ORD-105800,19/05/2026,Kalimantan,Offline,C02398,Retail,SR15,Laptop,Laptop Veno 13,1,0.0,Completed,6200.0,6200.0,5533.4
ORD-105801,20/05/2026,Jawa Barat,Offline,C01467,Retail,SR04,Aksesori,Power Bank 20000mAh,1,0.0,Completed,320.0,320.0,202.8
ORD-105802,20/05/2026,Jawa Barat,Offline,C01932,UMKM,SR04,Aksesoris,Headset USB H3,6,0.0,Completed,350.0,2100.0,1245.6
ORD-105803,20/05/2026,Sumatra,Offline,C00616,Retail,SR12,Networking,Switch 8 Port S8,4,0.0,Completed,450.0,1800.0,1189.6
ORD-105804,2026-05-20,Kalimantan,Online,C00142,UMKM,SYS-ONLINE,Printer & Tinta,Printer InkJet P200,2,0.05,Completed,2100000.0,3990000.0,3382600.0
ORD-105805,20/05/2026,Sumatera,Offline,C01696,Retail,SR12,Aksesoris,Keyboard Mekanik K7,4,0.1,Completed,650.0,2340.0,1618.4
ORD-105806,20/05/2026,Jawa Barat,Offline,C00396,UMKM,SR05,Peralatan Kantor,Kertas A4 80gsm (rim),11,0.05,Completed,55.0,574.75,414.7
ORD-105807,2026-05-20,Jakarta,Online,C01697,UMKM,SYS-ONLINE,Smartphone,Smartphone Lumo A5,4,0.15,Cancelled,2800000.0,9520000.0,9674800.0
ORD-105808,20/05/2026,Jakarta,Offline,C00585,Retail,SR01,Laptop,Laptop Veno 13,1,0.0,Completed,6200.0,6200.0,5502.5
ORD-105809,20/05/2026,Jawa Barat,Offline,C02339,Retail,SR06,Peralatan Kantor,Kursi Ergonomis E1,1,0.05,Completed,1900.0,1805.0,1301.3
ORD-105810,20/05/2026,Jakarta,Offline,C00585,Retail,SR03,Aksesoris,Keyboard Mekanik K7,2,0.05,Completed,650.0,1235.0,808.2
ORD-105811,20/05/2026,Sulawesi,Offline,K0002,Korporat,SR18,Aksesori,Keyboard Mekanik K7,121,0.1,Completed,650.0,70785.0,49126.0
ORD-105812,21/05/2026,Jawa Barat,Offline,K0086,Korporat,SR06,Laptop,Laptop Axio 14,9,0.0,Completed,8500.0,76500.0,69102.0
ORD-105813,2026-05-21,Jawa Timur,Online,C00184,Retail,SYS-ONLINE,Aksesoris,Keyboard Mekanik K7,5,0.1,Completed,650000.0,2925000.0,1997500.0
ORD-105814,2026-05-22,Sumatera,Online,C00842,Retail,SYS-ONLINE,aksesoris ,Headset USB H3,3,0.1,Completed,350000.0,945000.0,631500.0
ORD-105815,22/05/2026,Jakarta,Offline,C00046,UMKM,SR01,Smartphone,Smartphone Lumo A5,3,0.0,Completed,2800.0,8400.0,7302.6
ORD-105816,22/05/2026,Sumatera,Offline,C00906,Retail,SR11,Aksesoris,Mouse Wireless M20,2,0.0,Completed,180.0,360.0,213.0
ORD-105817,2026-05-22,Jawa Timur,Online,C02388,UMKM,SYS-ONLINE,Printer & Tinta,Printer InkJet P200,2,0.2,Completed,2100000.0,3360000.0,3446800.0
ORD-105818,2026-05-22,Jawa Timur,Online,C00443,Retail,SYS-ONLINE,Smartphone,Smartphone Lumo A5,1,0.3,Completed,2800000.0,1960000.0,2447200.0
ORD-105819,22/05/2026,Sumatera,Offline,C01118,UMKM,SR10,Laptop,Laptop Veno 13,5,0.0,Completed,6200.0,31000.0,27759.0
ORD-105820,2026-05-22,Sulawesi,Online,C00285,Retail,SYS-ONLINE,Laptop,Laptop Axio Pro 15,2,0.0,Completed,13000000.0,26000000.0,23174000.0
ORD-105821,22/05/2026,Jawa Barat,Offline,C01088,Retail,SR06,Printer & Tinta,Tinta Botol Set CMYK,1,0.05,Completed,280.0,266.0,164.1
ORD-105822,22/05/2026,Jawa Barat,Offline,C00908,UMKM,SR05,Smartphone,Smartphone Lumo X,5,0.05,Completed,5500.0,26125.0,24262.5
ORD-105823,22/05/2026,Kalimantan,Offline,C01491,Retail,SR15,Laptop,Laptop Axio Pro 15,1,0.0,Completed,13000.0,13000.0,11594.3
ORD-105824,22/05/2026,Jakarta,Offline,C00358,UMKM,SR01,Peralatan Kantor,Kertas A4 80gsm (rim),3,0.0,Completed,55.0,165.0,112.5
ORD-105825,23/05/2026,JKT ,Offline,C01781,Retail,SR02,Networking,Switch 8 Port S8,5,0.1,Completed,450.0,2025.0,1515.0
ORD-105826,23/05/2026,Jakarta,Offline,C01182,Retail,SR01,Laptop,Laptop Axio 14,1,0.0,Completed,8500.0,8500.0,7597.9
ORD-105827,23/05/2026,Kalimantan,Offline,C00582,UMKM,SR14,Aksesoris,Headset USB H3,2,0.0,Cancelled,350.0,700.0,418.8
ORD-105828,23/05/2026,Jawa Barat,Offline,C00457,UMKM,SR06,Smartphone,Smartphone Lumo A5,2,0.0,Completed,2800.0,5600.0,4899.4
ORD-105829,23/05/2026,Jawa Timur,Offline,C00414,Retail,SR09,Aksesoris,Keyboard Mekanik K7,4,0.25,Completed,650.0,1950.0,1604.0
ORD-105830,2026-05-23,Jakarta,Online,C01569,UMKM,SYS-ONLINE,Aksesoris,Headset USB H3,5,0.25,Completed,350000.0,1312500.0,1053500.0
ORD-105831,23/05/2026,Jakarta,Offline,C01564,Retail,SR02,Laptop,Laptop Axio Pro 15,2,0.05,Completed,13000.0,24700.0,23105.4
ORD-105832,23/05/2026,Sulawesi,Offline,C00419,Retail,SR18,Laptop,Laptop Veno 13,2,0.0,Completed,6200.0,12400.0,11070.0
ORD-105833,24/05/2026,Jakarta,Offline,C01391,UMKM,SR01,Aksesoris,Keyboard Mekanik K7,13,0.1,Completed,650.0,7605.0,5155.8
ORD-105834,24/05/2026,Sumatera,Offline,C01750,Retail,SR11,Aksesoris,Mouse Wireless M20,3,0.0,Completed,180.0,540.0,311.1
ORD-105835,24/05/2026,Jakarta,Offline,C00313,UMKM,SR01,Peralatan Kantor,Kursi Ergonomis E1,7,0.05,Completed,1900.0,12635.0,9084.6
ORD-105836,24/05/2026,Jawa Timur,Offline,C01229,Retail,SR09,Laptop,Laptop Axio 14,2,0.0,Completed,8500.0,17000.0,15279.4
ORD-105837,24/05/2026,Jakarta,Offline,C01742,Retail,SR02,Smartphone,Smartphone Lumo A5,2,0.0,Completed,2800.0,5600.0,4807.4
ORD-105838,25/05/2026,Jakarta,Offline,K0039,Korporat,SR01,LAPTOP,Laptop Veno 13,10,0.05,Completed,6200.0,58900.0,55587.0
ORD-105839,25/05/2026,Jakarta,Offline,C01043,Retail,SR03,Printer & Tinta,Tinta Botol Set CMYK,1,0.0,Completed,280.0,280.0,166.4
ORD-105840,25/05/2026,Kalimantan,Offline,C00383,UMKM,SR14,Laptop,Laptop Axio Pro 15,3,0.05,Completed,13000.0,37050.0,35367.3
ORD-105841,25/05/2026,Jawa Barat,Offline,C00933,Retail,SR05,Laptop,Laptop Axio Pro 15,2,0.0,Completed,13000.0,26000.0,23304.0
ORD-105842,2026-05-25,Jakarta,Online,C01216,Retail,SYS-ONLINE,Peralatan Kantor,Kertas A4 80gsm (rim),4,0.3,Completed,55000.0,154000.0,152000.0
ORD-105843,25/05/2026,Jawa Timur,Offline,C01854,Retail,SR07,Printer & Tinta,Tinta Botol Set CMYK,1,30.0,Completed,280.0,196.0,163.4
ORD-105844,25/05/2026,Jawa Timur,Offline,C02142,Retail,SR07,Smartphone,Smartphone Lumo X,2,0.0,Completed,5500.0,11000.0,9617.8
ORD-105845,2026-05-26,Jakarta,Online,C01165,Retail,SYS-ONLINE,LAPTOP,Laptop Axio 14,1,0.2,Completed,8500000.0,6800000.0,7510400.0
ORD-105846,26/05/2026,Jawa Timur,Offline,C02246,UMKM,SR08,Smartphone,Smartphone Lumo X,3,0.05,Completed,5500.0,15675.0,
ORD-105847,2026-05-26,Jakarta,Online,C02375,UMKM,SYS-ONLINE,Peralatan Kantor,Kertas A4 80gsm (rim),10,0.1,Completed,55000.0,495000.0,381000.0
ORD-105848,26/05/2026,SULAWESI,Offline,K0119,Korporat,SR16,Laptop,Laptop Axio 14,9,0.0,Completed,8500.0,76500.0,68834.7
ORD-105848,26/05/2026,SULAWESI,Offline,K0119,Korporat,SR16,Laptop,Laptop Axio 14,9,0.0,Completed,8500.0,76500.0,68834.7
ORD-105849,2026-05-26,jawa timur,Online,C01922,Retail,SYS-ONLINE,Aksesoris,Mouse Wireless M20,3,0.05,Completed,180000.0,513000.0,315300.0
ORD-105850,26/05/2026,Sumatera,Offline,K0087,Korporat,SR12,Aksesori,Headset USB H3,37,0.0,Completed,350.0,12950.0,7773.7
ORD-105851,2026-05-27,Sumatera,Online,C00961,Retail,SYS-ONLINE,Networking,Router WiFi 6 R600,3,0.15,Completed,1200000.0,3060000.0,
ORD-105852,27/05/2026,Jawa Timur,Offline,C00283,Retail,SR07,Networking,Switch 8 Port S8,5,0.0,Completed,450.0,2250.0,
ORD-105853,2026-05-27,Jakarta,Online,K0150,Korporat,SYS-ONLINE,Smartphone,Smartphone Lumo X,8,0.0,Completed,5500000.0,44000000.0,37867200.0
ORD-105854,27/05/2026,Jawa Barat,Offline,C00819,Retail,SR05,Smartphone,Smartphone Lumo A5,1,0.05,Completed,2800.0,2660.0,2396.9
ORD-105855,27/05/2026,Jakarta,Offline,C01043,UMKM,SR01,Aksesoris,Keyboard Mekanik K7,10,0.0,Completed,650.0,6500.0,3950.0
ORD-105856,2026-05-27,Jakarta,Online,C01816,Retail,SYS-ONLINE,Smartphone,Smartphone Lumo A5,1,0.2,Completed,2800000.0,2240000.0,2418100.0
ORD-105857,27/05/2026,Jawa Barat,Offline,C00972,Retail,SR05,Aksesoris,Power Bank 20000mAh,2,0.0,Completed,320.0,640.0,400.8
ORD-105858,27/05/2026,Jakarta,Offline,C00355,Retail,SR01,Smartphone,Smartphone Lumo A5,1,0.05,Completed,2800.0,2660.0,2440.5
ORD-105858,27/05/2026,Jakarta,Offline,C00355,Retail,SR01,Smartphone,Smartphone Lumo A5,1,0.05,Completed,2800.0,2660.0,2440.5
ORD-105859,27/05/2026,Sumatera,Offline,C00630,Retail,SR12,Aksesoris,Power Bank 20000mAh,2,0.0,Completed,320.0,640.0,405.4
ORD-105860,27/05/2026,Sumatera,Offline,C01541,Retail,SR11,Smartphone,Smartphone Lumo X,1,0.0,Completed,5500.0,5500.0,4753.5
ORD-105861,2026-05-27,Sumatera,Online,K0121,Korporat,SYS-ONLINE,Laptop,Laptop Axio Pro 15,9,0.05,Completed,13000000.0,111150000.0,103350600.0
ORD-105862,2026-05-27,Sulawesi,Online,C01799,Retail,SYS-ONLINE,Laptop,Laptop Veno 13,2,0.15,Completed,6200000.0,10540000.0,10978200.0
ORD-105863,2026-05-28,,Online,C01609,UMKM,SYS-ONLINE,Peralatan Kantor,Kursi Ergonomis E1,13,0.15,Completed,1900000.0,20995000.0,16868800.0
ORD-105864,28/05/2026,Jawa Barat,Offline,K0172,Korporat,SR05,Networking,Switch 8 Port S8,8,0.1,Completed,450.0,3240.0,2381.6
ORD-105865,28/05/2026,Sulawesi,Offline,C01733,Retail,SR18,Peralatan Kantor,Kursi Ergonomis E1,3,0.05,Completed,1900.0,5415.0,3850.8
ORD-105866,28/05/2026,Sumatera,Offline,C01574,UMKM,SR12,Smartphone,Smartphone Lumo X,2,0.0,Completed,5500.0,11000.0,9705.8
ORD-105867,28/05/2026,Jawa Barat,Offline,C01362,UMKM,SR04,Smartphone,Smartphone Lumo A5,4,0.0,Completed,2800.0,11200.0,9839.2
ORD-105868,2026-05-28,Sumatera,Online,C01020,Retail,SYS-ONLINE,Aksesoris,Headset USB H3,5,0.1,Completed,350000.0,1575000.0,1055000.0
ORD-105869,28/05/2026,Jawa Barat,Offline,C02141,UMKM,SR04,Printer & Tinta,Tinta Botol Set CMYK,4,0.0,Completed,280.0,1120.0,656.0
ORD-105870,29/05/2026,Sulawesi,Offline,C00051,Retail,SR16,laptop,Laptop Axio 14,2,0.05,Completed,8500.0,16150.0,15195.4
ORD-105871,29/05/2026,Sumatera,Offline,C01452,Retail,SR10,Smartphone,Smartphone Lumo A5,1,0.0,Completed,2800.0,2800.0,2406.1
ORD-105872,29/05/2026,Jawa Barat,Offline,C01554,UMKM,SR05,Printer & Tinta,Printer InkJet P200,5,0.0,Completed,2100.0,10500.0,8589.5
ORD-105873,2026-05-29,Jakarta,Online,C00378,Retail,SYS-ONLINE,Peralatan Kantor,Kertas A4 80gsm (rim),4,0.1,Completed,55000.0,198000.0,151600.0
ORD-105874,2026-05-29,Jakarta,Online,C00195,Retail,SYS-ONLINE,Laptop,Laptop Axio 14,2,0.05,Completed,8500000.0,16150000.0,15022000.0
ORD-105875,29/05/2026,Jakarta,Offline,C01722,Retail,SR02,Aksesori,Headset USB H3,5,0.0,Completed,350.0,1750.0,1035.5
ORD-105876,30/05/2026,Sumatera,Offline,C01701,Retail,SR11,Printer & Tinta,Printer InkJet P200,2,5.0,Completed,2100.0,3990.0,3362.8
ORD-105877,30/05/2026,Sumatera,Offline,C00144,UMKM,SR11,Aksesori,Keyboard Mekanik K7,2,0.0,Completed,650.0,1300.0,789.6
ORD-105878,30/05/2026,Sulawesi,Offline,C00229,UMKM,SR17,Peralatan Kantor,Kursi Ergonomis E1,12,0.1,Completed,1900.0,20520.0,15795.6
ORD-105879,2026-05-30,JKT ,Online,C00856,UMKM,SYS-ONLINE,Networking,Switch 8 Port S8,8,0.1,Completed,450000.0,3240000.0,2425600.0
ORD-105880,2026-05-30,Sulawesi,Online,C02007,UMKM,SYS-ONLINE,Aksesoris,Headset USB H3,8,0.25,Completed,350000.0,2100000.0,1676800.0
ORD-105881,2026-05-30,Sulawesi,Online,C00472,Retail,SYS-ONLINE,Laptop,Laptop Axio 14,1,0.05,Completed,8500000.0,8075000.0,7499800.0
ORD-105882,31/05/2026,Jakarta,Offline,C01769,Retail,SR02,Aksesoris,Power Bank 20000mAh,4,0.0,Completed,320.0,1280.0,802.8
ORD-105883,31/05/2026,Kalimantan,Offline,C02389,Retail,SR15,Laptop,Laptop Axio Pro 15,1,0.0,Completed,13000.0,13000.0,11642.2
ORD-105884,31/05/2026,Jawa Timur,Offline,C00478,UMKM,SR08,Peralatan Kantor,Kertas A4 80gsm (rim),2,0.0,Completed,55.0,110.0,77.2
ORD-105885,31/05/2026,Jawa Barat,Offline,C00058,UMKM,SR05,Laptop,Laptop Axio 14,3,0.1,Completed,8500.0,22950.0,22611.0
ORD-105886,2026-05-31,Jawa Barat,Online,C02222,Retail,SYS-ONLINE,Printer&Tinta,Tinta Botol Set CMYK,1,0.3,Completed,280000.0,196000.0,162600.0
ORD-105887,2026-05-31,Jawa Barat,Online,C00173,UMKM,SYS-ONLINE,Networking,Switch 8 Port S8,11,0.05,Completed,450000.0,4702500.0,
ORD-104503,2026-01-06,Kalimantan,Offline,C01437,Retail,SR15,Networking,Router WiFi 6 R600,5,5.0,Completed,1200000.0,5700000.0,4196000.0
ORD-104504,2026-01-06,Jakarta,Offline,K0143,Korporat,SR01,Networking,Router WiFi 6 R600,47,0.0,Completed,1200000.0,56400000.0,
ORD-104505,2026-01-06,Sumatera,Online,C01250,Retail,SYS-ONLINE,Aksesoris,Keyboard Mekanik K7,2,0.2,Completed,650000.0,1040000.0,805200.0
ORD-104506,2026-01-06,Kalimantan,Offline,C02246,Retail,SR15,Networking,Router WiFi 6 R600,4,0.0,Cancelled,1200000.0,4800000.0,
ORD-104507,2026-01-06,Jawa Barat,Offline,C00213,Retail,SR06,Aksesoris,Mouse Wireless M20,1,0.05,Completed,180000.0,171000.0,105800.0
ORD-104508,2026-01-06,Sulawesi,Offline,C02383,Retail,SR16,Laptop,Laptop Axio 14,2,0.0,Completed,8500000.0,17000000.0,15380000.0
ORD-104509,2026-01-06,Sulawesi,Offline,C02263,Retail,SR18,Laptop,Laptop Veno 13,1,0.0,Completed,6200000.0,6200000.0,5513100.0
ORD-104510,2026-01-06,,Online,C00185,Retail,SYS-ONLINE,Smartphone,Smartphone Lumo X,2,0.3,Cancelled,5500000.0,7700000.0,9603800.0
ORD-104511,2026-01-06,Jakarta,Offline,C01259,UMKM,SR01,aksesoris ,Mouse Wireless M20,6,0.05,Completed,180000.0,1026000.0,634200.0
ORD-105888,01/06/2026,Jawa Barat,Offline,C00968,Retail,SR06,Networking,Switch 8 Port S8,1,0.0,Completed,450.0,450.0,
ORD-105889,01/06/2026,Jawa Timur,Offline,C00779,UMKM,SR09,Aksesoris,Mouse Wireless M20,1,0.05,Completed,180.0,171.0,106.4
ORD-105890,01/06/2026,Sulawesi,Offline,C00975,UMKM,SR17,Smartphone,Smartphone Lumo X,1,0.0,Completed,5500.0,5500.0,4813.0
ORD-105892,01/06/2026,Jakarta,Offline,C01863,Retail,SR03,Printer & Tinta,Printer InkJet P200,2,0.0,Completed,2100.0,4200.0,3374.4
ORD-105893,01/06/2026,Jakarta,Offline,C00820,UMKM,SR01,Aksesoris,Headset USB H3,7,0.05,Completed,350.0,2327.5,1479.8
ORD-105894,01/06/2026,Jakarta,Offline,C01953,Retail,SR01,Peralatan Kantor,Kertas A4 80gsm (rim),4,0.0,Cancelled,55.0,220.0,150.0
ORD-105895,01/06/2026,Sumatera,Offline,C00273,Retail,SR11,Peralatan Kantor,Kertas A4 80gsm (rim),5,0.0,Completed,55.0,275.0,192.5
ORD-105896,01/06/2026,Sulawesi,Offline,C02259,Retail,SR18,Networking,Switch 8 Port S8,1,0.05,Completed,450.0,427.5,
ORD-105896,01/06/2026,Sulawesi,Offline,C02259,Retail,SR18,Networking,Switch 8 Port S8,1,0.05,Completed,450.0,427.5,
ORD-104769,2026-02-06,Jawa Timur,Online,C00289,Retail,SYS-ONLINE,Aksesoris,Headset USB H3,2,0.2,Completed,350000.0,560000.0,418800.0
ORD-104770,2026-02-06,kalimantan,Offline,C00011,Retail,SR14,Aksesoris,Mouse Wireless M20,4,0.05,Completed,180000.0,684000.0,419600.0
ORD-104771,2026-02-06,Jawa Timur,Online,C01531,UMKM,SYS-ONLINE,smartphone,Smartphone Lumo X,5,0.1,Completed,5500000.0,24750000.0,23946000.0
ORD-104772,2026-02-06,Jawa Timur,Online,C01208,Retail,SYS-ONLINE,Smartphone,Smartphone Lumo X,1,0.25,Completed,5500000.0,4125000.0,4758600.0
ORD-104773,2026-02-06,Jakarta,Online,C01794,UMKM,SYS-ONLINE,aksesoris ,Mouse Wireless M20,5,0.0,Completed,180000.0,900000.0,524000.0
ORD-104774,2026-02-06,Jawa Barat,Offline,C01300,Retail,SR06,Laptop,Laptop Axio Pro 15,2,0.0,Completed,13000000.0,26000000.0,23469400.0
ORD-104775,2026-02-06,Sulawesi,Online,C01956,Retail,SYS-ONLINE,Aksesoris,Headset USB H3,1,0.0,Completed,350000.0,350000.0,208300.0
ORD-104776,2026-02-06,Jawa Timur,ONLINE,C01442,UMKM,SYS-ONLINE,Smartphone,Smartphone Lumo X,4,0.3,Completed,5500000.0,15400000.0,19470000.0
ORD-104777,2026-02-06,jawa timur,Online,C00808,Retail,SYS-ONLINE,Smartphone,Smartphone Lumo A5,1,0.1,Completed,2800000.0,2520000.0,2444900.0
ORD-104778,2026-02-06,Jakarta,Online,C00399,Retail,SYS-ONLINE,Aksesoris,Mouse Wireless M20,4,0.0,Completed,180000.0,720000.0,424000.0
ORD-104779,2026-02-06,Jawa Timur,Offline,C01728,UMKM,SR07,Aksesoris,Mouse Wireless M20,12,30.0,Completed,180000.0,1512000.0,1254000.0
ORD-104780,2026-02-06,Jakarta,Offline,C01959,UMKM,SR02,Printer & Tinta,Tinta Botol Set CMYK,2,0.05,Cancelled,280000.0,532000.0,325600.0
ORD-104781,2026-02-06,Sumatera,E-Commerce,C00779,Retail,SYS-ONLINE,Peralatan Kantor,Kursi Ergonomis E1,2,0.1,Completed,1900000.0,3420000.0,2611600.0
ORD-104782,2026-02-06,Jawa Timur,Offline,C00839,UMKM,SR09,Laptop,Laptop Veno 13,5,0.2,Completed,6200000.0,24800000.0,28053500.0
ORD-104783,2026-02-06,Jawa Timur,Offline,C00276,Retail,SR08,Networking,Router WiFi 6 R600,5,0.05,Completed,1200000.0,5700000.0,
ORD-105897,02/06/2026,Jakarta,Offline,C01485,Retail,SR03,Laptop,Laptop Veno 13,1,0.0,Completed,6200.0,6200.0,5621.9
ORD-105898,02/06/2026,Sumatera,Offline,C02012,UMKM,SR12,Laptop,Laptop Axio 14,4,0.0,Completed,8500.0,34000.0,30406.4
ORD-105899,02/06/2026,SULAWESI,Offline,C02086,Retail,SR18,Smartphone,Smartphone Lumo X,1,0.0,Completed,5500.0,5500.0,4868.9
ORD-105900,02/06/2026,Jawa Barat,Offline,C01694,UMKM,SR06,Aksesoris,Power Bank 20000mAh,10,0.0,Completed,320.0,3200.0,2025.0
ORD-105902,02/06/2026,Jakarta,Offline,C01544,UMKM,SR03,Aksesoris,Headset USB H3,2,0.0,Completed,350.0,700.0,417.0
ORD-105059,2026-03-06,Jakarta,Offline,C00282,Retail,SR01,Laptop,Laptop Axio 14,1,0.0,Completed,8500000.0,8500000.0,7570300.0
ORD-105060,2026-03-06,Sulawesi,Offline,C00325,UMKM,SR18,Printer & Tinta,Printer InkJet P200,2,0.0,Completed,2100000.0,4200000.0,3378800.0
ORD-105061,2026-03-06,Jakarta,Offline,C01842,UMKM,SR03,Aksesoris,Keyboard Mekanik K7,12,0.0,Completed,650000.0,7800000.0,4856400.0
ORD-105062,2026-03-06,Sumatera,Online,C00510,Retail,SYS-ONLINE,Smartphone,Smartphone Lumo A5,2,0.25,Completed,2800000.0,4200000.0,4897800.0
ORD-105063,2026-03-06,Jawa Timur,Offline,K0094,Korporat,SR09,Smartphone,Smartphone Lumo X,3,0.0,Completed,5500000.0,16500000.0,14487900.0
ORD-105064,2026-03-06,Sumatera,Offline,C02149,Retail,SR12,Networking,Switch 8 Port S8,5,0.05,Completed,450000.0,2137500.0,1502000.0
ORD-105065,2026-03-06,Jakarta,Offline,C01357,UMKM,SR01,Smartphone,Smartphone Lumo A5,4,0.05,Completed,2800000.0,10640000.0,9579200.0
ORD-105066,2026-03-06,Jawa Barat,Offline,C01678,Retail,SR06,Networking,Switch 8 Port S8,4,0.0,Completed,450000.0,1800000.0,1190000.0
ORD-105067,2026-03-06,Jawa Timur,Online,C01779,Retail,SYS-ONLINE,Laptop,Laptop Axio 14,1,0.2,Completed,8500000.0,6800000.0,7695700.0
ORD-105068,2026-03-06,Jawa Timur,Offline,C01774,Retail,SR07,Smartphone,Smartphone Lumo X,1,0.0,Completed,5500000.0,5500000.0,4757800.0
ORD-105904,03/06/2026,Jawa Timur,Offline,C00956,Retail,SR09,Smartphone,Smartphone Lumo A5,1,0.0,Completed,2800.0,2800.0,2441.5
ORD-105905,03/06/2026,Jatim,Offline,C00495,Retail,SR07,Networking,Switch 8 Port S8,5,0.0,Completed,450.0,2250.0,1483.0
ORD-105910,03/06/2026,Sumatera,Offline,C00579,Retail,SR12,Smartphone,Smartphone Lumo A5,1,0.05,Completed,2800.0,2660.0,2438.4
ORD-105911,03/06/2026,Jakarta,Offline,C01784,Retail,SR01,Aksesoris,Headset USB H3,5,0.0,Completed,350.0,1750.0,1050.0
ORD-105912,03/06/2026,Sulawesi,Offline,C00081,UMKM,SR18,Peralatan Kantor,Kursi Ergonomis E1,12,0.05,Completed,1900.0,21660.0,15561.6
ORD-105913,03/06/2026,Jawa Barat,Offline,C00113,Retail,SR06,Laptop,Laptop Axio Pro 15,1,0.05,Completed,13000.0,12350.0,11648.2
ORD-105457,2026-04-06,Kalimantan,Online,C01148,Retail,SYS-ONLINE,Networking,Router WiFi 6 R600,3,0.3,Completed,1200000.0,2520000.0,2549100.0
ORD-105462,2026-04-06,Sulawesi,Online,C00176,UMKM,SYS-ONLINE,Aksesoris,Headset USB H3,9,0.05,Completed,350000.0,2992500.0,1883700.0
ORD-105463,2026-04-06,Jawa barat ,Online,C00223,Retail,SYS-ONLINE,Aksesoris,Power Bank 20000mAh,5,0.1,Completed,320000.0,1440000.0,1007000.0
ORD-105464,2026-04-06,Sumatera,Online,C01601,Retail,SYS-ONLINE,Laptop,Laptop Veno 13,2,0.1,Completed,6200000.0,11160000.0,10973000.0
ORD-105915,04/06/2026,Jakarta,Offline,C01502,UMKM,SR01,Aksesoris,Power Bank 20000mAh,3,0.0,Completed,320.0,960.0,600.3
ORD-105917,04/06/2026,Jakarta,Offline,C00719,Retail,SR01,Aksesoris,Mouse Wireless M20,2,0.05,Completed,180.0,342.0,213.0
ORD-105921,04/06/2026,Jakarta,Offline,C00980,Retail,SR01,Laptop,Laptop Axio 14,2,0.05,Completed,8500.0,16150.0,15115.2
ORD-105922,04/06/2026,Jakarta,Offline,C00276,Retail,SR03,Laptop,Laptop Veno 13,1,0.05,Completed,6200.0,5890.0,5597.0
ORD-105924,04/06/2026,Jawa Barat,Offline,C02396,Retail,SR04,Smartphone,Smartphone Lumo A5,2,0.0,Cancelled,2800.0,5600.0,4916.2
ORD-105925,04/06/2026,Jakarta,Offline,C00564,Retail,SR01,Printer & Tinta,Tinta Botol Set CMYK,2,0.0,Completed,280.0,560.0,325.6
RET-105822,04/06/2026,Jawa Barat,Offline,C00908,UMKM,SR05,Smartphone,Smartphone Lumo X,-5,0.05,Returned,5500.0,-26125.0,-24262.5
ORD-105679,2026-05-06,Jawa Timur,Online,C00761,Retail,SYS-ONLINE,Networking,Switch 8 Port S8,3,0.2,Completed,450000.0,1080000.0,
ORD-105680,2026-05-06,Jakarta,Online,C00674,UMKM,SYS-ONLINE,Laptop,Laptop Axio Pro 15,2,0.05,Completed,13000000.0,24700000.0,23187800.0
ORD-105681,2026-05-06,Jawa Timur,Online,C02368,UMKM,SYS-ONLINE,Smartphone,Smartphone Lumo A5,5,0.05,Completed,2800000.0,13300000.0,12109500.0
ORD-105928,05/06/2026,Jakarta,Offline,C00798,Retail,SR02,Smartphone,Smartphone Lumo X,2,0.0,Completed,5500.0,11000.0,9526.4
ORD-105929,05/06/2026,Jawa Timur,Offline,C01154,UMKM,SR08,Smartphone,Smartphone Lumo A5,3,0.0,Completed,2800.0,8400.0,7238.4
ORD-105930,05/06/2026,Jakarta,Offline,C00036,UMKM,SR03,Peralatan Kantor,Kertas A4 80gsm (rim),12,0.0,Completed,55.0,660.0,459.6
ORD-105931,05/06/2026,Jawa Barat,Offline,C01808,Retail,SR05,Networking,Router WiFi 6 R600,1,0.0,Completed,1200.0,1200.0,845.7
ORD-105932,05/06/2026,Jakarta,Offline,K0114,Korporat,SR02,Aksesoris,Power Bank 20000mAh,49,0.0,Completed,320.0,15680.0,9853.9
ORD-105935,05/06/2026,Sulawesi,Offline,C01266,Retail,SR18,Peralatan Kantor,Kertas A4 80gsm (rim),5,0.0,Completed,55.0,275.0,193.0
ORD-105936,2026-06-06,Jawa Timur,Online,C00195,Retail,SYS-ONLINE,aksesoris ,Headset USB H3,5,0.0,Completed,350000.0,1750000.0,1043000.0
ORD-105937,2026-06-06,Sulawesi,Online,C00343,UMKM,SYS-ONLINE,Networking,Router WiFi 6 R600,3,0.1,Completed,1200000.0,3240000.0,2543700.0
ORD-105938,06/06/2026,Jawa Timur,Offline,K0035,Korporat,SR08,Peralatan Kantor,Kertas A4 80gsm (rim),48,0.0,Completed,55.0,2640.0,1848.0
ORD-105939,06/06/2026,Sumatera,Offline,C01936,Retail,SR12,Smartphone,Smartphone Lumo A5,1,0.0,Completed,2800.0,2800.0,2431.4
ORD-105940,06/06/2026,Sulawesi,Offline,C01252,UMKM,SR16,Laptop,Laptop Axio 14,5,0.05,Completed,8500.0,40375.0,37828.0
ORD-105941,06/06/2026,Jawa Timur,Offline,C01595,Retail,SR09,Networking,Switch 8 Port S8,2,0.05,Completed,450.0,855.0,
ORD-105942,07/06/2026,Jawa Timur,Offline,C00065,Retail,SR09,Smartphone,Smartphone Lumo X,1,0.2,Completed,5500.0,4400.0,4765.7
ORD-105943,07/06/2026,Jawa Barat,Offline,C00931,Retail,SR05,Laptop,Laptop Axio 14,1,0.0,Completed,8500.0,8500.0,7680.1
ORD-105944,07/06/2026,Sumatera,Offline,C00616,Retail,SR11,Printer & Tinta,Tinta Botol Set CMYK,1,5.0,Completed,280.0,266.0,163.1
ORD-105945,07/06/2026,Jawa Timur,Offline,C01740,Retail,SR09,Networking,Switch 8 Port S8,3,0.0,Completed,450.0,1350.0,890.1
ORD-105947,07/06/2026,Sulawesi,Offline,C01146,Retail,SR17,Networking,Switch 8 Port S8,2,0.0,Completed,450.0,900.0,605.6
ORD-105948,07/06/2026,Kalimantan,Offline,C02149,Retail,SR13,Laptop,Laptop Axio Pro 15,1,0.0,Completed,13000.0,13000.0,11592.4
ORD-105950,07/06/2026,Jawa Barat,Offline,C01933,UMKM,SR06,Laptop,Laptop Axio Pro 15,4,0.05,Completed,13000.0,49400.0,46350.8
ORD-105951,07/06/2026,Kalimantan,Offline,K0123,Korporat,SR14,Printer & Tinta,Tinta Botol Set CMYK,7,0.0,Completed,280.0,1960.0,1149.4
ORD-105952,07/06/2026,Sumatera,Offline,C00447,UMKM,SR12,Smartphone,Smartphone Lumo X,2,0.0,Completed,5500.0,11000.0,9656.4
ORD-105953,07/06/2026,Sumatera,Offline,C01424,Retail,SR10,Laptop,Laptop Veno 13,1,0.0,Completed,6200.0,6200.0,5526.2
ORD-106247,2026-07-06,Sumatera,Online,C01266,Retail,SYS-ONLINE,Networking,Switch 8 Port S8,4,0.2,Completed,450000.0,1440000.0,1188400.0
ORD-106249,2026-07-06,Jawa Timur,Online,C01926,Retail,SYS-ONLINE,Laptop,Laptop Axio Pro 15,1,0.05,Completed,13000000.0,12350000.0,11708500.0
ORD-106250,2026-07-06,Jawa barat ,Online,C01350,Retail,SYS-ONLINE,Aksesoris,Power Bank 20000mAh,1,0.1,Completed,320000.0,288000.0,197800.0
ORD-106254,2026-07-06,Jakarta,Online,K0139,Korporat,SYS-ONLINE,Aksesoris,Headset USB H3,49,0.2,Completed,350000.0,13720000.0,10324300.0
ORD-106956,07/06/2026,Sumatera,Offline,C01424,Retail,SR10,laptop,Laptop Veno 13,1,0.0,Completed,6200.0,6200.0,5524.4
ORD-105954,08/06/2026,Sumatera,Offline,C01429,Retail,SR11,Printer & Tinta,Printer InkJet P200,2,0.0,Completed,2100.0,4200.0,3361.4
ORD-105956,08/06/2026,Jakarta,Offline,C00301,UMKM,SR01,Peralatan Kantor,Kursi Ergonomis E1,4,0.0,Completed,1900.0,7600.0,5192.0
ORD-105958,08/06/2026,Jawa Barat,Offline,C02252,Retail,SR05,Aksesoris,Headset USB H3,3,0.1,Cancelled,350.0,945.0,632.7
ORD-105962,08/06/2026,Jawa Barat,Offline,C01616,UMKM,SR05,Printer & Tinta,Tinta Botol Set CMYK,2,0.0,Completed,280.0,560.0,327.0
ORD-106557,2026-08-06,Jakarta,Online,C00193,UMKM,SYS-ONLINE,Peralatan Kantor,Kursi Ergonomis E1,14,0.05,Completed,1900000.0,25270000.0,18459000.0
ORD-106560,2026-08-06,Jawa Timur,Online,C02236,Retail,SYS-ONLINE,Networking,Switch 8 Port S8,2,0.0,Completed,450000.0,900000.0,
ORD-105964,09/06/2026,Jakarta,Offline,C01629,Retail,SR03,Laptop,Laptop Axio Pro 15,1,0.0,Cancelled,13000.0,13000.0,11820.2
ORD-105965,09/06/2026,Sulawesi,Offline,C02355,Retail,SR16,Laptop,Laptop Axio 14,2,0.05,Completed,8500.0,16150.0,15186.4
ORD-105966,09/06/2026,Jakarta,Offline,C01306,Retail,SR03,Aksesoris,Power Bank 20000mAh,5,0.0,Completed,320.0,1600.0,993.0
ORD-105967,09/06/2026,Jakarta,Offline,C00043,Retail,SR02,Aksesoris,Mouse Wireless M20,1,0.0,Completed,180.0,180.0,104.0
ORD-105968,09/06/2026,Jakarta,Offline,C02070,Retail,SR03,Printer & Tinta,Printer InkJet P200,2,0.05,Completed,2100.0,3990.0,3394.6
ORD-105969,09/06/2026,Jawa Timur,Offline,C00934,Retail,SR08,Aksesoris,Mouse Wireless M20,3,0.2,Completed,180.0,432.0,317.1
ORD-105970,09/06/2026,Jakarta,Offline,C00807,UMKM,SR03,Aksesoris,Keyboard Mekanik K7,11,0.0,Completed,650.0,7150.0,4459.4
ORD-105971,09/06/2026,Jawa Barat,Offline,C01604,Retail,SR04,Smartphone,Smartphone Lumo A5,1,0.05,Completed,2800.0,2660.0,2458.2
ORD-105972,09/06/2026,Sulawesi,Offline,C01816,UMKM,SR18,Smartphone,Smartphone Lumo A5,1,0.0,Completed,2800.0,2800.0,2459.2
ORD-105973,09/06/2026,Sumatera,Offline,C01851,UMKM,SR11,Printer & Tinta,Tinta Botol Set CMYK,4,0.0,Completed,280.0,1120.0,650.8
ORD-106866,2026-09-06,Jawa Timur,Online,C00327,Retail,SYS-ONLINE,Laptop,Laptop Axio Pro 15,1,0.0,Completed,13000000.0,13000000.0,11680100.0
ORD-105976,10/06/2026,Sulawesi,Offline,C02159,Retail,SR16,Aksesoris,Headset USB H3,1,0.0,Completed,350.0,350.0,210.7
ORD-105977,10/06/2026,Sumatera,Offline,C00307,Retail,SR11,Printer & Tinta,Printer InkJet P200,2,5.0,Completed,2100.0,3990.0,3365.0
ORD-105979,10/06/2026,Sumatera,Offline,C01504,Retail,SR10,Networking,Router WiFi 6 R600,2,0.0,Completed,1200.0,2400.0,
ORD-105979,10/06/2026,Sumatera,Offline,C01504,Retail,SR10,Networking,Router WiFi 6 R600,2,0.0,Completed,1200.0,2400.0,
ORD-105980,10/06/2026,Jawa Barat,Offline,C01883,Retail,SR04,Laptop,Laptop Axio 14,2,0.0,Completed,8500.0,17000.0,15225.0
ORD-105983,11/06/2026,Jawa Timur,Offline,C00786,UMKM,SR07,Networking,Switch 8 Port S8,14,20.0,Completed,450.0,5040.0,
ORD-105984,11/06/2026,Jawa Timur,Offline,C01767,Retail,SR07,Printer & Tinta,Printer InkJet P200,2,0.0,Completed,2100.0,4200.0,3414.6
ORD-105985,11/06/2026,Jakarta,Offline,C00761,Retail,SR01,Aksesoris,Headset USB H3,5,0.0,Completed,350.0,1750.0,1045.5
ORD-105986,11/06/2026,Sumatera,Offline,C00939,Retail,SR12,Smartphone,Smartphone Lumo X,1,0.05,Completed,5500.0,5225.0,4734.2
ORD-105990,11/06/2026,Jakarta,Offline,K0050,Korporat,SR03,Peralatan Kantor,Kursi Ergonomis E1,13,0.0,Completed,1900.0,24700.0,17070.3
ORD-105991,12/06/2026,Sulawesi,Offline,C00803,UMKM,SR16,Peralatan Kantor,Kursi Ergonomis E1,9,0.1,Completed,1900.0,15390.0,11782.8
ORD-105992,12/06/2026,Jakarta,Offline,C01449,UMKM,SR02,Smartphone,Smartphone Lumo A5,1,0.0,Completed,2800.0,2800.0,2437.1
ORD-105993,12/06/2026,Jakarta,Offline,C01694,UMKM,SR03,Laptop,Laptop Axio 14,4,0.0,Completed,8500.0,34000.0,30714.0
ORD-106000,12/06/2026,Jakarta,Offline,C00389,UMKM,SR03,Aksesoris,Headset USB H3,13,0.0,Completed,350.0,4550.0,2705.3
ORD-106001,13/06/2026,Jawa Barat,Offline,K0135,Korporat,SR06,Peralatan kantor,Kursi Ergonomis E1,11,0.0,Completed,1900.0,20900.0,14163.6
ORD-106002,13/06/2026,Jawa Barat,Offline,K0108,Korporat,SR06,Printer & Tinta,Printer InkJet P200,8,0.0,Completed,2100.0,16800.0,13788.8
ORD-106003,13/06/2026,Sulawesi,Offline,C00239,Retail,SR17,Peralatan Kantor,Kursi Ergonomis E1,5,0.0,Completed,1900.0,9500.0,6451.5
ORD-106004,2026-06-13,Sumatera,Online,C01972,UMKM,SYS-ONLINE,Peralatan Kantor,Kursi Ergonomis E1,13,0.1,Completed,1900000.0,22230000.0,16708900.0
ORD-106005,13/06/2026,Jakarta,Offline,K0143,Korporat,SR03,Aksesoris,Keyboard Mekanik K7,22,0.0,Completed,650.0,14300.0,8782.4
ORD-106006,13/06/2026,Sumatera,Offline,C00892,Retail,SR11,Networking,Router WiFi 6 R600,2,0.0,Completed,1200.0,2400.0,
ORD-106007,2026-06-13,Kalimantan,Online,C01797,Retail,SYS-ONLINE,Smartphone,Smartphone Lumo X,1,0.3,Completed,5500000.0,3850000.0,4790700.0
ORD-106008,2026-06-13,Sumatera,Online,C00541,UMKM,SYS-ONLINE,Networking,Router WiFi 6 R600,14,0.1,Completed,1200000.0,15120000.0,12054000.0
RET-105972,13/06/2026,SULAWESI,Offline,C01816,UMKM,SR18,Smartphone,Smartphone Lumo A5,-1,0.0,Returned,2800.0,-2800.0,-2459.2
ORD-106009,14/06/2026,Jawa Barat,Offline,K0172,Korporat,SR04,Printer & Tinta,Tinta Botol Set CMYK,3,0.0,Completed,280.0,840.0,487.5
ORD-106010,14/06/2026,Sumatera,Offline,C01060,Retail,SR12,Laptop,Laptop Axio 14,2,0.0,Completed,8500.0,17000.0,15238.8
ORD-106011,14/06/2026,Jakarta,Offline,K0128,Korporat,SR03,Smartphone,Smartphone Lumo X,6,0.0,Completed,5500.0,33000.0,28771.2
ORD-106012,14/06/2026,Sumatera,Offline,C00664,UMKM,SR10,Aksesoris,Keyboard Mekanik K7,8,0.05,Completed,650.0,4940.0,3246.4
ORD-106013,14/06/2026,Jakarta,Offline,C01808,Retail,SR03,Laptop,Laptop Axio Pro 15,1,0.0,Completed,13000.0,13000.0,11641.1
ORD-106014,14/06/2026,Sulawesi,Offline,C01329,Retail,SR17,Aksesoris,Keyboard Mekanik K7,4,0.0,Completed,650.0,2600.0,1615.2
ORD-106015,15/06/2026,jawa timur,Offline,C02338,Retail,SR07,Aksesoris,Keyboard Mekanik K7,3,0.0,Completed,650.0,1950.0,1207.8
ORD-106016,15/06/2026,Jawa Timur,Offline,C01946,Retail,SR07,Aksesoris,Headset USB H3,4,0.0,Completed,350.0,1400.0,841.2
ORD-106017,15/06/2026,kalimantan,Offline,C01523,Retail,SR13,Smartphone,Smartphone Lumo A5,1,0.0,Completed,2800.0,2800.0,2406.7
ORD-106018,15/06/2026,Jakarta,Offline,C00115,Retail,SR01,Laptop,Laptop Axio 14,2,0.1,Completed,8500.0,15300.0,15364.0
ORD-106019,15/06/2026,Jakarta,Offline,C02060,UMKM,SR03,Laptop,Laptop Axio 14,1,0.0,Completed,8500.0,8500.0,7565.6
ORD-106020,2026-06-15,Kalimantan,Online,C01874,Retail,SYS-ONLINE,Laptop,Laptop Axio 14,1,0.0,Completed,8500000.0,8500000.0,7673900.0
ORD-106021,15/06/2026,Jawa Barat,Offline,C00984,Retail,SR05,Laptop,Laptop Axio Pro 15,2,0.0,Completed,13000.0,26000.0,23035.2
ORD-106022,2026-06-15,Sumatera,Online,C00705,Retail,SYS-ONLINE,Smartphone,Smartphone Lumo A5,2,0.1,Completed,2800000.0,5040000.0,4869400.0
ORD-106023,15/06/2026,Jakarta,Offline,C00503,Retail,SR01,Aksesoris,Power Bank 20000mAh,2,0.0,Completed,320.0,640.0,405.4
ORD-106024,2026-06-16,Jawa Timur,Online,C02178,Retail,SYS-ONLINE,Smartphone,Smartphone Lumo X,1,0.3,Completed,5500000.0,3850000.0,4758200.0
ORD-106025,16/06/2026,Sulawesi,Offline,C01368,Retail,SR16,Aksesoris,Mouse Wireless M20,2,0.0,Completed,180.0,360.0,
ORD-106026,2026-06-16,Jawa Barat,Online,C01798,Retail,SYS-ONLINE,Aksesoris,Headset USB H3,2,0.0,Completed,350000.0,700000.0,422400.0
ORD-106027,16/06/2026,Sumatra,Offline,C01699,Retail,SR11,Printer & Tinta,Tinta Botol Set CMYK,2,0.0,Completed,280.0,560.0,329.8
ORD-106028,16/06/2026,Sumatera,Offline,C02122,UMKM,SR10,Smartphone,Smartphone Lumo A5,5,0.05,Completed,2800.0,13300.0,12250.0
ORD-106029,2026-06-16,Jakarta,Online,K0052,Korporat,SYS-ONLINE,Networking,Router WiFi 6 R600,15,0.1,Completed,1200000.0,16200000.0,12907500.0
ORD-106030,2026-06-16,Jawa Barat,Online,C01114,UMKM,SYS-ONLINE,Printer & Tinta,Tinta Botol Set CMYK,1,0.05,Completed,280000.0,266000.0,167300.0
ORD-106031,2026-06-16,Jawa Timur,Online,C01526,Retail,SYS-ONLINE,Aksesoris,Keyboard Mekanik K7,5,0.15,Completed,650000.0,2762500.0,2028500.0
ORD-106032,16/06/2026,Sumatera,Offline,C01764,Retail,SR10,Laptop,Laptop Axio 14,1,0.1,Completed,8500.0,7650.0,7709.6
ORD-106033,2026-06-17,Jakarta,Online,K0161,Korporat,SYS-ONLINE,Laptop,Laptop Veno 13,2,0.05,Completed,6200000.0,11780000.0,11052400.0
ORD-106034,2026-06-17,Jakarta,Online,C00053,Retail,SYS-ONLINE,Laptop,Laptop Veno 13,2,0.1,Completed,6200000.0,11160000.0,11075000.0
ORD-106035,17/06/2026,Jawa barat ,Offline,K0011,Korporat,SR05,Aksesoris,Headset USB H3,46,0.0,Completed,350.0,16100.0,9683.0
ORD-106036,2026-06-17,DKI Jakarta,Online,C00631,Retail,SYS-ONLINE,Laptop,Laptop Axio 14,1,0.05,Completed,8500000.0,8075000.0,7711200.0
ORD-106037,17/06/2026,Kalimantan,Offline,C02102,Retail,SR15,Aksesoris,Keyboard Mekanik K7,1,5.0,Completed,650.0,617.5,394.9
ORD-106038,17/06/2026,Jawa Timur,Offline,C00784,Retail,SR08,networking,Switch 8 Port S8,1,0.05,Completed,450.0,427.5,304.1
ORD-106039,17/06/2026,Sulawesi,Offline,C01700,UMKM,SR18,Aksesoris,Power Bank 20000mAh,3,0.1,Cancelled,320.0,864.0,604.2
ORD-106040,18/06/2026,Jakarta,Offline,K0085,Korporat,SR02,Networking,Switch 8 Port S8,3,0.0,Completed,450.0,1350.0,
ORD-106041,2026-06-18,Jawa Timur,Online,C01712,Retail,SYS-ONLINE,aksesoris ,Keyboard Mekanik K7,2,0.2,Completed,650000.0,1040000.0,790200.0
ORD-106042,2026-06-18,Sulawesi,Online,C00561,UMKM,SYS-ONLINE,Peralatan Kantor,Kertas A4 80gsm (rim),13,0.05,Completed,55000.0,679250.0,488800.0
ORD-106043,2026-06-18,Jawa Timur,Online,C02026,Retail,SYS-ONLINE,Networking,Switch 8 Port S8,1,0.3,Completed,450000.0,315000.0,
ORD-106044,18/06/2026,Jawa Barat,Offline,C00490,Retail,SR06,Printer&Tinta,Printer InkJet P200,1,0.0,Completed,2100.0,2100.0,1689.6
ORD-106045,2026-06-18,Jawa Timur,Online,C01400,UMKM,SYS-ONLINE,Printer & Tinta,Tinta Botol Set CMYK,3,0.05,Completed,280000.0,798000.0,490500.0
ORD-106046,18/06/2026,Jawa Timur,Offline,K0026,Korporat,SR08,Printer & Tinta,Printer InkJet P200,2,0.0,Cancelled,2100.0,4200.0,3419.4
ORD-106047,18/06/2026,Jawa Timur,Offline,C00583,Retail,SR09,Laptop,Laptop Axio 14,1,0.1,Completed,8500.0,7650.0,7659.9
ORD-106048,18/06/2026,Kalimantan,Offline,C02273,Retail,SR14,Laptop,Laptop Veno 13,2,0.05,Completed,6200.0,11780.0,11097.4
ORD-106049,18/06/2026,Jawa Barat,Offline,C01918,Retail,SR04,Laptop,Laptop Veno 13,2,0.05,Completed,6200.0,11780.0,11131.4
ORD-106050,18/06/2026,Jakarta,Offline,K0031,Korporat,SR02,Laptop,Laptop Veno 13,6,0.0,Completed,6200.0,37200.0,33770.4
ORD-106051,2026-06-18,Jawa Barat,Online,C01259,UMKM,SYS-ONLINE,Networking,Router WiFi 6 R600,8,0.0,Completed,1200000.0,9600000.0,
ORD-106052,2026-06-18,Sumatera,Online,C00577,Retail,SYS-ONLINE,Printer & Tinta,Tinta Botol Set CMYK,1,0.1,Completed,280000.0,252000.0,166400.0
ORD-106053,2026-06-18,Sumatera,Online,C00204,Retail,SYS-ONLINE,Peralatan Kantor,Kursi Ergonomis E1,1,0.2,Completed,1900000.0,1520000.0,1301900.0
ORD-106054,19/06/2026,Jakarta,Offline,C01530,UMKM,SR02,Aksesoris,Power Bank 20000mAh,12,0.0,Completed,320.0,3840.0,2394.0
ORD-106055,19/06/2026,kalimantan,Offline,C01268,UMKM,SR15,Networking,Switch 8 Port S8,11,0.0,Completed,450.0,4950.0,
ORD-106056,2026-06-19,Sulawesi,Online,C02009,Retail,SYS-ONLINE,Printer & Tinta,Printer InkJet P200,2,0.05,Completed,2100000.0,3990000.0,3449000.0
ORD-106057,2026-06-19,Sulawesi,Online,C00092,UMKM,SYS-ONLINE,Smartphone,Smartphone Lumo X,3,0.1,Completed,5500000.0,14850000.0,14544000.0
ORD-106058,19/06/2026,Sulawesi,Offline,C02176,UMKM,SR16,Laptop,Laptop Axio Pro 15,3,0.0,Completed,13000.0,39000.0,34488.3
ORD-106059,19/06/2026,Jawa Timur,Offline,C00955,Retail,SR08,Aksesoris,Headset USB H3,3,0.0,Completed,350.0,1050.0,625.5
ORD-106060,19/06/2026,Jakarta,Offline,C00877,Retail,SR03,Laptop,Laptop Axio 14,2,0.0,Completed,8500.0,17000.0,15087.4
ORD-106061,2026-06-19,,Online,K0167,Korporat,SYS-ONLINE,Networking,Switch 8 Port S8,14,0.25,Completed,450000.0,4725000.0,
ORD-106062,2026-06-19,Sulawesi,Online,C02277,UMKM,SYS-ONLINE,Laptop,Laptop Veno 13,5,0.0,Completed,6200000.0,31000000.0,27685500.0
ORD-106063,19/06/2026,Sumatera,Offline,C01074,Retail,SR11,Smartphone,Smartphone Lumo A5,1,5.0,Completed,2800.0,2660.0,2449.5
ORD-106064,2026-06-19,Jawa Timur,Online,C02075,Retail,SYS-ONLINE,Laptop,Laptop Axio Pro 15,1,0.05,Completed,13000000.0,12350000.0,11717500.0
ORD-106065,19/06/2026,Kalimantan,Offline,C02239,Retail,SR13,Aksesoris,Keyboard Mekanik K7,4,0.0,Completed,650.0,2600.0,1587.2
ORD-106066,19/06/2026,Jakarta,Offline,C01103,UMKM,SR03,Laptop,Laptop Axio 14,2,0.0,Completed,8500.0,17000.0,15288.8
ORD-106067,20/06/2026,Jakarta,Offline,C01307,Retail,SR03,Networking,Switch 8 Port S8,1,0.0,Completed,450.0,450.0,
ORD-106068,20/06/2026,Jawa Timur,Offline,C00978,Retail,SR07,Peralatan Kantor,Kertas A4 80gsm (rim),1,0.0,Completed,55.0,55.0,37.6
ORD-106069,2026-06-20,Kalimantan,Online,C00013,Retail,SYS-ONLINE,Peralatan Kantor,Kursi Ergonomis E1,5,0.2,Completed,1900000.0,7600000.0,6441500.0
ORD-106070,2026-06-20,Kalimantan,Online,K0106,Korporat,SYS-ONLINE,Networking,Router WiFi 6 R600,33,0.2,Completed,1200000.0,31680000.0,
ORD-106071,20/06/2026,Jawa Timur,Offline,C01009,Retail,SR08,Smartphone,Smartphone Lumo A5,1,0.0,Completed,2800.0,2800.0,2423.5
ORD-106072,20/06/2026,Jawa Barat,Offline,C01455,UMKM,SR05,Peralatan Kantor,Kertas A4 80gsm (rim),2,0.0,Completed,55.0,110.0,76.8
ORD-106073,20/06/2026,Sulawesi,Offline,C01396,UMKM,SR18,Peralatan Kantor,Kertas A4 80gsm (rim),14,0.0,Completed,55.0,770.0,526.4
ORD-106074,2026-06-20,Jawa Timur,Online,C00180,UMKM,SYS-ONLINE,Printer & Tinta,Tinta Botol Set CMYK,3,0.2,Completed,280000.0,672000.0,495000.0
RET-105963,2026-06-20,Jawa Barat,Online,C01541,Retail,SYS-ONLINE,Laptop,Laptop Veno 13,-2,0.05,Returned,6200000.0,-11780000.0,-11196400.0
ORD-106075,21/06/2026,Jakarta,Offline,C01704,Retail,SR03,Printer & Tinta,Tinta Botol Set CMYK,2,0.0,Completed,280.0,560.0,331.8
ORD-106076,2026-06-21,Jakarta,Online,C00721,Retail,SYS-ONLINE,Smartphone,Smartphone Lumo A5,2,0.0,Completed,2800000.0,5600000.0,4846000.0
ORD-106077,2026-06-21,Jakarta,Online,C01842,Retail,SYS-ONLINE,Networking,Router WiFi 6 R600,4,0.0,Completed,1200000.0,4800000.0,
ORD-106078,21/06/2026,Jawa Barat,Offline,C01144,Retail,SR05,Peralatan Kantor,Kertas A4 80gsm (rim),2,0.0,Completed,55.0,110.0,76.8
ORD-106079,21/06/2026,Sumatera,Offline,C01725,Retail,SR12,Printer & Tinta,Printer InkJet P200,1,0.0,Completed,2100.0,2100.0,1722.6
ORD-106080,21/06/2026,Jawa Barat,Offline,C00221,Retail,SR05,Networking,Switch 8 Port S8,1,0.0,Completed,450.0,450.0,
ORD-106081,21/06/2026,Kalimantan,Offline,C01134,UMKM,SR13,Peralatan Kantor,Kursi Ergonomis E1,2,0.05,Completed,1900.0,3610.0,2578.0
ORD-106082,2026-06-21,Jawa Timur,Online,C01119,UMKM,SYS-ONLINE,Laptop,Laptop Axio 14,1,0.15,Completed,8500000.0,7225000.0,7585500.0
ORD-106083,21/06/2026,Jawa Timur,Offline,C01121,Retail,SR07,Peralatan Kantor,Kursi Ergonomis E1,1,5.0,Completed,1900.0,1805.0,1282.3
ORD-106084,21/06/2026,jawa timur,Offline,C00604,UMKM,SR07,Aksesoris,Keyboard Mekanik K7,14,25.0,Completed,650.0,6825.0,5665.8
ORD-106085,22/06/2026,Jawa Barat,Offline,C01827,Retail,SR04,Peralatan Kantor,Kertas A4 80gsm (rim),4,0.0,Completed,55.0,220.0,153.2
ORD-106086,22/06/2026,Jakarta,Offline,C00113,Retail,SR02,Aksesori,Power Bank 20000mAh,5,0.0,Completed,320.0,1600.0,1008.5
ORD-106087,22/06/2026,Jawa Barat,Offline,K0016,Korporat,SR05,Aksesoris,Power Bank 20000mAh,40,0.0,Completed,320.0,12800.0,7952.0
ORD-106088,22/06/2026,Jakarta,Offline,C01499,Retail,SR01,Aksesoris,Power Bank 20000mAh,3,0.0,Completed,320.0,960.0,597.3
ORD-106089,22/06/2026,Jawa Barat,Offline,C00115,UMKM,SR04,Aksesoris,Keyboard Mekanik K7,13,0.1,Completed,650.0,7605.0,5236.4
ORD-106090,2026-06-23,Jakarta,Online,C01850,Retail,SYS-ONLINE,Printer & Tinta,Printer InkJet P200,2,0.05,Completed,2100000.0,3990000.0,3415200.0
ORD-106091,23/06/2026,Jakarta,Offline,K0118,Korporat,SR01,Printer & Tinta,Printer InkJet P200,5,0.0,Completed,2100.0,10500.0,8385.5
ORD-106092,23/06/2026,Kalimantan,Offline,C01657,UMKM,SR14,Aksesoris,Mouse Wireless M20,5,0.0,Completed,180.0,900.0,531.0
ORD-106093,23/06/2026,Jawa Barat,Offline,C01880,UMKM,SR05,Aksesoris,Keyboard Mekanik K7,6,0.05,Completed,650.0,3705.0,2416.2
ORD-106094,23/06/2026,Sulawesi,Offline,C01376,UMKM,SR16,Laptop,Laptop Veno 13,5,0.1,Completed,6200.0,27900.0,27481.5
ORD-106095,2026-06-23,Jabar,Online,C02007,Retail,SYS-ONLINE,Aksesoris,Mouse Wireless M20,3,0.2,Completed,180000.0,432000.0,318000.0
ORD-106096,24/06/2026,Jawa Barat,Offline,C01634,Retail,SR04,Smartphone,Smartphone Lumo X,1,0.05,Completed,5500.0,5225.0,4841.9
ORD-106097,2026-06-24,SULAWESI,Online,C01052,Retail,SYS-ONLINE,Aksesoris,Mouse Wireless M20,3,0.05,Completed,180000.0,513000.0,317100.0
ORD-106098,24/06/2026,Jakarta,Offline,C01110,UMKM,SR02,Smartphone,Smartphone Lumo X,2,0.0,Completed,5500.0,11000.0,9743.6
ORD-106099,24/06/2026,Jawa Timur,Offline,K0165,Korporat,SR08,Peralatan Kantor,Kertas A4 80gsm (rim),20,0.25,Completed,55.0,825.0,762.0
ORD-106100,24/06/2026,Jakarta,Offline,C00030,Retail,SR02,Aksesoris,Mouse Wireless M20,4,0.1,Cancelled,180.0,648.0,419.2
ORD-106101,2026-06-24,Jakarta,Online,C01796,UMKM,SYS-ONLINE,Aksesoris,Keyboard Mekanik K7,4,0.3,Cancelled,650000.0,1820000.0,1593200.0
ORD-106102,2026-06-24,Jakarta,Online,C02004,Retail,SYS-ONLINE,Peralatan Kantor,Kursi Ergonomis E1,1,0.2,Completed,1900000.0,1520000.0,1317900.0
ORD-106103,24/06/2026,Kalimantan,Offline,C02054,Retail,SR15,Aksesoris,Keyboard Mekanik K7,4,0.0,Completed,650.0,2600.0,1618.4
ORD-106104,24/06/2026,Sumatera,Offline,C01714,Retail,SR12,Aksesoris,Headset USB H3,2,0.05,Completed,350.0,665.0,425.0
ORD-106105,24/06/2026,Jakarta,Offline,C00073,Retail,SR02,Peralatan Kantor,Kertas A4 80gsm (rim),1,0.0,Completed,55.0,55.0,37.7
ORD-106106,2026-06-24,Jawa Barat,Online,C00762,Retail,SYS-ONLINE,Aksesoris,Mouse Wireless M20,5,0.2,Completed,180000.0,720000.0,521500.0
ORD-106107,2026-06-24,Jawa Barat,Online,C01470,UMKM,SYS-ONLINE,Peralatan Kantor,Kertas A4 80gsm (rim),14,0.3,Completed,55000.0,539000.0,539000.0
ORD-106108,24/06/2026,Jakarta,Offline,C01058,Retail,SR01,Aksesoris,Power Bank 20000mAh,5,0.05,Completed,320.0,1520.0,1006.5
ORD-106108,24/06/2026,Jakarta,Offline,C01058,Retail,SR01,Aksesoris,Power Bank 20000mAh,5,0.05,Completed,320.0,1520.0,1006.5
ORD-106109,24/06/2026,Sumatera,Offline,K0143,Korporat,SR10,Laptop,Laptop Axio Pro 15,2,0.0,Completed,13000.0,26000.0,23018.6
ORD-106110,25/06/2026,Sulawesi,Offline,C01564,UMKM,SR17,Laptop,Laptop Axio Pro 15,2,0.05,Completed,13000.0,24700.0,23477.4
ORD-106111,25/06/2026,Jawa Barat,Offline,C00681,Retail,SR06,Networking,Switch 8 Port S8,3,0.05,Completed,450.0,1282.5,894.0
ORD-106112,25/06/2026,Jakarta,Offline,C02277,UMKM,SR03,Peralatan Kantor,Kertas A4 80gsm (rim),11,0.05,Completed,55.0,574.75,413.6
ORD-106113,2026-06-25,Jawa Barat,Online,C02352,Retail,SYS-ONLINE,Smartphone,Smartphone Lumo X,1,0.1,Completed,5500000.0,4950000.0,4784200.0
ORD-106114,25/06/2026,Sulawesi,Offline,C01107,Retail,SR16,Peralatan Kantor,Kertas A4 80gsm (rim),5,0.0,Completed,55.0,275.0,192.0
ORD-106115,2026-06-25,Jawa Barat,Online,C02226,Retail,SYS-ONLINE,Laptop,Laptop Veno 13,2,0.0,Completed,6200000.0,12400000.0,11226400.0
ORD-106116,2026-06-25,Jawa Barat,Online,C01752,Retail,SYS-ONLINE,Laptop,Laptop Axio Pro 15,1,0.3,Completed,13000000.0,9100000.0,11787600.0
ORD-106117,25/06/2026,Jawa Timur,Offline,C00280,Retail,SR09,Laptop,Laptop Veno 13,2,0.25,Completed,6200.0,9300.0,11133.6
ORD-106118,2026-06-25,Sumatera,Online,C01747,Retail,SYS-ONLINE,Smartphone,Smartphone Lumo X,100,0.15,Completed,5500000.0,467500000.0,483960000.0
ORD-106119,2026-06-25,Jawa Timur,Online,C02003,UMKM,SYS-ONLINE,Printer & Tinta,Printer InkJet P200,1,0.05,Completed,2100000.0,1995000.0,1714700.0
ORD-106120,2026-06-25,Jawa Timur,Online,C01860,Retail,SYS-ONLINE,Peralatan Kantor,Kertas A4 80gsm (rim),5,0.2,Completed,55000.0,220000.0,189000.0
ORD-106121,25/06/2026,kalimantan,Offline,C01684,Retail,SR14,Aksesoris,Headset USB H3,5,0.0,Completed,350.0,1750.0,1059.5
ORD-106122,25/06/2026,Sulawesi,Offline,C01774,Retail,SR16,Printer & Tinta,Tinta Botol Set CMYK,2,0.0,Completed,280.0,560.0,329.6
ORD-106123,2026-06-25,Sulawesi,Online,C00385,UMKM,SYS-ONLINE,Laptop,Laptop Veno 13,3,0.0,Completed,6200000.0,18600000.0,16808400.0
ORD-106124,2026-06-25,Sulawesi,Online,C02368,UMKM,SYS-ONLINE,Peralatan Kantor,Kursi Ergonomis E1,1,0.25,Completed,1900000.0,1425000.0,1304600.0
ORD-106125,2026-06-25,Sumatera,Online,C01264,Retail,SYS-ONLINE,Laptop,Laptop Veno 13,2,0.3,Completed,6200000.0,8680000.0,11103000.0
ORD-106126,2026-06-25,Sumatera,Online,C00976,Retail,SYS-ONLINE,Aksesoris,Mouse Wireless M20,2,0.05,Completed,180000.0,342000.0,207600.0
ORD-106127,2026-06-26,Jawa Barat,Online,C02391,UMKM,SYS-ONLINE,Laptop,Laptop Axio 14,4,0.2,Completed,8500000.0,27200000.0,30110800.0
ORD-106128,26/06/2026,Sumatera,Offline,C01708,UMKM,SR10,Peralatan Kantor,Kursi Ergonomis E1,5,0.05,Completed,1900.0,9025.0,6425.5
ORD-106129,2026-06-26,Jakarta,Online,C00476,Retail,SYS-ONLINE,Laptop,Laptop Axio Pro 15,2,0.05,Completed,13000000.0,24700000.0,23119000.0
ORD-106129,2026-06-26,Jakarta,Online,C00476,Retail,SYS-ONLINE,Laptop,Laptop Axio Pro 15,2,0.05,Completed,13000000.0,24700000.0,23119000.0
ORD-106130,26/06/2026,Kalimantan,Offline,C02060,Retail,SR15,Networking,Router WiFi 6 R600,4,0.0,Completed,1200.0,4800.0,3404.0
ORD-106131,26/06/2026,Jakarta,Offline,C00004,Retail,SR03,Aksesoris,Headset USB H3,3,0.0,Completed,350.0,1050.0,
ORD-106132,26/06/2026,Jawa Barat,Offline,C00615,Retail,SR05,Laptop,Laptop Axio Pro 15,2,0.0,Completed,13000.0,26000.0,23086.4
ORD-106133,26/06/2026,Jawa Barat,Offline,C02002,Retail,SR06,Printer & Tinta,Tinta Botol Set CMYK,1,0.05,Completed,280.0,266.0,164.3
ORD-106134,27/06/2026,Kalimantan,Offline,C02124,Retail,SR13,Aksesoris,Headset USB H3,3,0.05,Completed,350.0,997.5,629.4
ORD-106135,27/06/2026,Jawa Barat,Offline,C00510,Retail,SR05,Printer & Tinta,Tinta Botol Set CMYK,1,0.0,Completed,280.0,280.0,165.8
ORD-106136,27/06/2026,Jawa Timur,Offline,C00489,UMKM,SR07,Laptop,Laptop Axio Pro 15,5,0.0,Completed,13000.0,65000.0,58815.5
ORD-106137,27/06/2026,Jawa Timur,Offline,C01152,Retail,SR09,Printer & Tinta,Printer InkJet P200,2,0.0,Completed,2100.0,4200.0,3386.6
ORD-106138,2026-06-27,Jakarta,Online,C01785,Retail,SYS-ONLINE,Networking,Switch 8 Port S8,4,0.15,Completed,450000.0,1530000.0,
ORD-106138,2026-06-27,Jakarta,Online,C01785,Retail,SYS-ONLINE,Networking,Switch 8 Port S8,4,0.15,Completed,450000.0,1530000.0,
ORD-106139,2026-06-27,Jawa Timur,Online,C00881,Retail,SYS-ONLINE,Aksesoris,Power Bank 20000mAh,4,0.1,Completed,320000.0,1152000.0,796800.0
ORD-106140,2026-06-27,,Online,C00444,Retail,SYS-ONLINE,Networking,Router WiFi 6 R600,3,0.3,Completed,1200000.0,2520000.0,
ORD-106141,2026-06-27,Jakarta,Online,C00022,UMKM,SYS-ONLINE,Laptop,Laptop Axio 14,4,0.2,Completed,8500000.0,27200000.0,29984800.0
ORD-106142,2026-06-27,Jakarta,Online,C01911,Retail,SYS-ONLINE,Laptop,Laptop Veno 13,2,0.3,Completed,6200000.0,8680000.0,11252200.0
ORD-106143,28/06/2026,Jawa Barat,Offline,C00090,Retail,SR04,Laptop,Laptop Axio 14,2,0.0,Completed,8500.0,17000.0,15028.0
ORD-106144,28/06/2026,Jakarta,Offline,C00575,Retail,SR01,Networking,Router WiFi 6 R600,1,0.0,Completed,1200.0,1200.0,
ORD-106145,28/06/2026,Sulawesi,Offline,C00293,UMKM,SR18,Smartphone,Smartphone Lumo X,2,0.05,Completed,5500.0,10450.0,9680.0
ORD-106146,28/06/2026,Jawa Timur,Offline,C02390,Retail,SR08,Aksesoris,Power Bank 20000mAh,1,0.3,Completed,320.0,224.0,198.0
ORD-106147,2026-06-28,Sumatera,E-Commerce,C02231,UMKM,SYS-ONLINE,Aksesoris,Mouse Wireless M20,2,0.1,Completed,180000.0,324000.0,209600.0
ORD-106148,28/06/2026,Jawa Timur,Offline,C00739,Retail,SR09,Printer & Tinta,Tinta Botol Set CMYK,1,0.0,Completed,280.0,280.0,162.6
ORD-106149,28/06/2026,DKI Jakarta,Offline,C02032,Retail,SR02,Peralatan Kantor,Kursi Ergonomis E1,3,0.0,Completed,1900.0,5700.0,3903.0
ORD-106150,2026-06-28,Jakarta,Online,K0104,Korporat,SYS-ONLINE,Aksesoris,Mouse Wireless M20,4,0.3,Completed,180000.0,504000.0,417200.0
ORD-106151,2026-06-28,Sumatera,online,C00003,UMKM,SYS-ONLINE,Printer & Tinta,Tinta Botol Set CMYK,5,0.0,Completed,280000.0,1400000.0,820000.0
ORD-106152,2026-06-28,Jawa Timur,Online,C01375,Retail,SYS-ONLINE,Laptop,Laptop Veno 13,2,0.05,Completed,6200000.0,11780000.0,11188800.0
ORD-106153,28/06/2026,Jakarta,Offline,C00215,Retail,SR01,Peralatan Kantor,Kertas A4 80gsm (rim),4,0.0,Completed,55.0,220.0,153.2
ORD-106154,29/06/2026,Jawa Barat,Offline,C01830,Retail,SR06,Laptop,Laptop Veno 13,1,0.05,Completed,6200.0,5890.0,5611.3
ORD-106155,29/06/2026,Kalimantan,Offline,K0073,Korporat,SR14,Printer & Tinta,Printer InkJet P200,3,0.0,Completed,2100.0,6300.0,5028.9
ORD-106156,2026-06-29,Jawa Barat,Online,C01651,Retail,SYS-ONLINE,Networking,Router WiFi 6 R600,4,0.3,Completed,1200000.0,3360000.0,3386000.0
ORD-106157,29/06/2026,Sulawesi,Offline,C00603,Retail,SR18,Printer & Tinta,Printer InkJet P200,1,0.05,Completed,2100.0,1995.0,1677.1
ORD-106158,29/06/2026,Jawa Barat,Offline,C00681,UMKM,SR05,Aksesoris,Keyboard Mekanik K7,11,0.05,Completed,650.0,6792.5,4378.0
ORD-106159,29/06/2026,Sumatera,Offline,C01690,UMKM,SR12,Printer & Tinta,Tinta Botol Set CMYK,1,0.0,Completed,280.0,280.0,162.9
ORD-106160,29/06/2026,Sumatera,Offline,C00812,Retail,SR12,Peralatan Kantor,Kertas A4 80gsm (rim),4,0.05,Completed,55.0,209.0,154.0
ORD-106161,2026-06-29,Sulawesi,Online,C02004,UMKM,SYS-ONLINE,Aksesori,Power Bank 20000mAh,9,0.05,Completed,320000.0,2736000.0,1773900.0
ORD-106162,2026-06-29,Jakarta,Online,C02289,UMKM,SYS-ONLINE,Laptop,Laptop Veno 13,1,0.25,Completed,6200000.0,4650000.0,5632200.0
ORD-106163,30/06/2026,Jawa Timur,Offline,C01963,UMKM,SR08,Peralatan Kantor,Kursi Ergonomis E1,13,0.2,Completed,1900.0,19760.0,16931.2
ORD-106164,30/06/2026,Jawa Timur,Offline,C02265,UMKM,SR08,Aksesoris,Power Bank 20000mAh,14,0.3,Completed,320.0,3136.0,2769.2
ORD-106165,2026-06-30,Jabar,Online,C02052,UMKM,SYS-ONLINE,Aksesoris,Mouse Wireless M20,11,0.1,Completed,180000.0,1782000.0,1144000.0
ORD-106166,2026-06-30,Jawa Barat,Online,C01066,Retail,SYS-ONLINE,Aksesoris,Power Bank 20000mAh,1,0.15,Completed,320000.0,272000.0,201900.0
ORD-106167,2026-06-30,Jawa Timur,Online,C01023,UMKM,SYS-ONLINE,Peralatan Kantor,Kertas A4 80gsm (rim),9,0.1,Completed,55000.0,445500.0,341100.0
ORD-106168,30/06/2026,Sulawesi,Offline,C00171,Retail,SR17,Aksesoris,Keyboard Mekanik K7,5,0.0,Completed,650.0,3250.0,2009.5
ORD-106169,2026-06-30,Jawa barat ,Online,C01152,Retail,SYS-ONLINE,Printer & Tinta,Tinta Botol Set CMYK,1,0.15,Completed,280000.0,238000.0,164100.0
ORD-104512,2026-01-07,Kalimantan,Offline,C01234,UMKM,SR15,Laptop,Laptop Axio 14,1,0.0,Completed,8500000.0,8500000.0,7501200.0
ORD-104513,2026-01-07,Jawa Timur,Offline,C02024,Retail,SR09,networking,Switch 8 Port S8,4,0.3,Completed,450000.0,1260000.0,1212400.0
ORD-104514,2026-01-07,Jawa Timur,Offline,C01482,Retail,SR08,Laptop,Laptop Axio Pro 15,1,0.25,Completed,13000000.0,9750000.0,11800200.0
ORD-104514,2026-01-07,Jawa Timur,Offline,C01482,Retail,SR08,Laptop,Laptop Axio Pro 15,1,0.25,Completed,13000000.0,9750000.0,11800200.0
ORD-104515,2026-01-07,Kalimantan,Offline,C01557,Retail,SR14,Smartphone,Smartphone Lumo X,2,0.0,Completed,5500000.0,11000000.0,9650400.0
ORD-104516,2026-01-07,Jawa Barat,Offline,C00148,Retail,SR05,Peralatan Kantor,Kertas A4 80gsm (rim),2,0.05,Completed,55000.0,104500.0,76800.0
ORD-104517,2026-01-07,Jawa Barat,Offline,C01473,UMKM,SR05,Peralatan Kantor,Kertas A4 80gsm (rim),14,0.0,Completed,55000.0,770000.0,534800.0
ORD-106171,01/07/2026,Jakarta,Offline,C00930,Retail,SR03,Printer & Tinta,Printer InkJet P200,2,0.0,Cancelled,2100.0,4200.0,3428.2
ORD-106172,01/07/2026,Jawa Timur,Offline,C01285,Retail,SR09,Peralatan Kantor,Kertas A4 80gsm (rim),5,0.05,Completed,55.0,261.25,190.5
ORD-106175,01/07/2026,Sulawesi,Offline,C01901,Retail,SR17,networking,Switch 8 Port S8,1,0.1,Completed,450.0,405.0,
ORD-106177,01/07/2026,Jakarta,Offline,C02392,UMKM,SR02,Smartphone,Smartphone Lumo A5,1,0.05,Completed,2800.0,2660.0,2410.8
ORD-106178,01/07/2026,Sumatera,Offline,C00713,UMKM,SR12,Peralatan Kantor,Kursi Ergonomis E1,1,0.1,Cancelled,1900.0,1710.0,1317.8
ORD-106178,01/07/2026,Sumatera,Offline,C00713,UMKM,SR12,Peralatan Kantor,Kursi Ergonomis E1,1,0.1,Cancelled,1900.0,1710.0,1317.8
ORD-106180,01/07/2026,Kalimantan,Offline,K0142,Korporat,SR15,Printer & Tinta,Printer InkJet P200,10,0.0,Completed,2100.0,21000.0,17232.0
ORD-106181,01/07/2026,Sumatera,Offline,C01185,UMKM,SR10,Aksesoris,Keyboard Mekanik K7,8,0.05,Completed,650.0,4940.0,3222.4
ORD-104784,2026-02-07,Kalimantan,Offline,C01699,Retail,SR13,Printer & Tinta,Printer InkJet P200,1,0.0,Completed,2100000.0,2100000.0,1713000.0
ORD-104785,2026-02-07,Jakarta,Offline,C02336,Retail,SR03,Aksesoris,Power Bank 20000mAh,2,0.1,Completed,320000.0,576000.0,401800.0
ORD-104786,2026-02-07,Kalimantan,Offline,C01552,UMKM,SR15,Printer & Tinta,Printer InkJet P200,2,0.0,Completed,2100000.0,4200000.0,3392600.0
ORD-104787,2026-02-07,Sulawesi,Online,C00549,UMKM,SYS-ONLINE,Laptop,Laptop Veno 13,5,0.2,Completed,6200000.0,24800000.0,27594000.0
ORD-104788,2026-02-07,Jakarta,Offline,C01835,UMKM,SR03,Aksesoris,Keyboard Mekanik K7,10,0.0,Cancelled,650000.0,6500000.0,3957000.0
ORD-104789,2026-02-07,Jawa Barat,Offline,C00409,Retail,SR05,Laptop,Laptop Veno 13,2,0.0,Completed,6200000.0,12400000.0,11096000.0
ORD-104790,2026-02-07,Jawa Barat,Offline,C01448,UMKM,SR05,Laptop,Laptop Veno 13,3,0.05,Completed,6200000.0,17670000.0,16470300.0
ORD-104791,2026-02-07,Jawa Barat,Online,C00631,UMKM,SYS-ONLINE,Printer & Tinta,Printer InkJet P200,4,0.0,Completed,2100000.0,8400000.0,6706400.0
ORD-104792,2026-02-07,Kalimantan,Offline,C00077,UMKM,SR14,Laptop,Laptop Veno 13,2,0.0,Completed,6200000.0,12400000.0,11257000.0
ORD-104793,2026-02-07,Jawa Barat,Offline,C01378,Retail,SR04,Smartphone,Smartphone Lumo A5,2,0.0,Completed,2800000.0,5600000.0,4908400.0
ORD-104794,2026-02-07,Jawa Timur,Online,C00735,UMKM,SYS-ONLINE,Aksesoris,Headset USB H3,9,0.0,Completed,350000.0,3150000.0,1903500.0
ORD-104795,2026-02-07,Jawa Timur,Online,C02095,Retail,SYS-ONLINE,Aksesoris,Power Bank 20000mAh,2,0.05,Completed,320000.0,608000.0,405400.0
ORD-106184,02/07/2026,Jawa Barat,Offline,C00806,Retail,SR06,Laptop,Laptop Axio 14,1,0.0,Completed,8500.0,8500.0,7618.3
ORD-106184,02/07/2026,Jawa Barat,Offline,C00806,Retail,SR06,Laptop,Laptop Axio 14,1,0.0,Completed,8500.0,8500.0,7618.3
ORD-106186,02/07/2026,Sulawesi,Offline,C00882,Retail,SR17,Laptop,Laptop Axio Pro 15,2,0.05,Completed,13000.0,24700.0,23108.6
ORD-106187,02/07/2026,Jawa Timur,Offline,C01786,Retail,SR09,Laptop,Laptop Veno 13,2,0.3,Completed,6200.0,8680.0,11096.6
ORD-106188,02/07/2026,Jawa Timur,Offline,K0132,Korporat,SR09,Laptop,Laptop Axio 14,2,0.0,Completed,8500.0,17000.0,15124.0
ORD-106189,02/07/2026,Jawa Timur,Offline,C00359,Retail,SR09,Laptop,Laptop Veno 13,2,0.3,Completed,6200.0,8680.0,10968.0
ORD-106192,02/07/2026,jakarta,Offline,C01725,UMKM,SR01,Peralatan Kantor,Kursi Ergonomis E1,7,0.0,Completed,1900.0,13300.0,9042.6
ORD-106193,02/07/2026,Jakarta,Offline,C00890,UMKM,SR03,Smartphone,Smartphone Lumo A5,2,0.05,Completed,2800.0,5320.0,4838.4
ORD-106194,02/07/2026,Sulawesi,Offline,C01948,Retail,SR17,Smartphone,Smartphone Lumo A5,2,0.0,Completed,2800.0,5600.0,4912.6
ORD-106195,02/07/2026,Jawa Barat,Offline,C01863,Retail,SR05,Laptop,Laptop Axio 14,1,0.0,Completed,8500.0,8500.0,7492.0
ORD-106195,02/07/2026,Jawa Barat,Offline,C01863,Retail,SR05,Laptop,Laptop Axio 14,1,0.0,Completed,8500.0,8500.0,7492.0
ORD-106196,02/07/2026,Sumatera,Offline,C00415,Retail,SR10,Printer & Tinta,Printer InkJet P200,1,0.0,Completed,2100.0,2100.0,1679.2
ORD-106198,02/07/2026,Jakarta,Offline,C00691,Retail,SR02,aksesoris ,Mouse Wireless M20,1,0.0,Completed,180.0,180.0,104.8
ORD-106199,02/07/2026,Jawa Barat,Offline,C00851,Retail,SR05,Peralatan Kantor,Kursi Ergonomis E1,1,0.05,Completed,1900.0,1805.0,1302.3
ORD-106201,02/07/2026,Jakarta,Offline,C01840,Retail,SR01,Laptop,Laptop Axio Pro 15,2,0.0,Completed,13000.0,26000.0,23366.6
RET-104731,2026-02-07,Jawa Barat,Offline,C01161,Retail,SR06,Smartphone,Smartphone Lumo A5,-2,0.0,Returned,2800000.0,-5600000.0,-4922600.0
ORD-105069,2026-03-07,Jawa Barat,Offline,C00687,Retail,SR06,Peralatan Kantor,Kursi Ergonomis E1,3,0.0,Completed,1900000.0,5700000.0,3933300.0
ORD-105070,2026-03-07,Jawa Barat,ONLINE,C00114,UMKM,SYS-ONLINE,Peralatan Kantor,Kursi Ergonomis E1,12,0.05,Completed,1900000.0,21660000.0,15661200.0
ORD-105071,2026-03-07,Jawa Barat,Online,K0065,Korporat,SYS-ONLINE,Smartphone,Smartphone Lumo A5,7,0.25,Cancelled,2800000.0,14700000.0,16791600.0
ORD-105072,2026-03-07,Sumatera,Online,C02162,UMKM,SYS-ONLINE,Aksesoris,Mouse Wireless M20,3,0.1,Completed,180000.0,486000.0,316200.0
ORD-105073,2026-03-07,Kalimantan,Offline,C00005,Retail,SR15,Networking,Router WiFi 6 R600,4,5.0,Completed,1200000.0,4560000.0,3392800.0
ORD-105074,2026-03-07,Sumatera,Offline,C00991,Retail,SR10,Peralatan Kantor,Kertas A4 80gsm (rim),3,0.0,Completed,55000.0,165000.0,113100.0
ORD-105075,2026-03-07,Jawa Timur,Offline,K0014,Korporat,SR09,Printer & Tinta,Tinta Botol Set CMYK,9,0.2,Completed,280000.0,2016000.0,1492200.0
ORD-105076,2026-03-07,Jakarta,Offline,C00204,Retail,SR03,Aksesoris,Mouse Wireless M20,5,0.0,Completed,180000.0,900000.0,528500.0
ORD-105077,2026-03-07,Jawa Timur,Offline,K0146,Korporat,SR08,Peralatan Kantor,Kertas A4 80gsm (rim),16,0.2,Completed,55000.0,704000.0,603200.0
ORD-105078,2026-03-07,Sumatera,Offline,C01287,Retail,SR11,Aksesoris,Headset USB H3,4,5.0,Completed,350000.0,1330000.0,846000.0
ORD-105079,2026-03-07,Sulawesi,Offline,C01725,Retail,SR16,Smartphone,Smartphone Lumo A5,2,0.0,Completed,2800000.0,5600000.0,4919800.0
ORD-105080,2026-03-07,Sulawesi,Online,C00067,Retail,SYS-ONLINE,Networking,Switch 8 Port S8,2,0.2,Completed,450000.0,720000.0,
ORD-105081,2026-03-07,Jawa Barat,Offline,C00974,Retail,SR04,Aksesoris,Power Bank 20000mAh,5,0.0,Completed,320000.0,1600000.0,1002000.0
ORD-105082,2026-03-07,Sulawesi,Offline,C02332,UMKM,SR16,Printer & Tinta,Tinta Botol Set CMYK,5,0.0,Completed,280000.0,1400000.0,816500.0
ORD-106202,03/07/2026,Jakarta,Offline,C01136,Retail,SR02,Printer & Tinta,Tinta Botol Set CMYK,2,0.05,Completed,280.0,532.0,328.4
ORD-106203,03/07/2026,Jakarta,Offline,C01168,Retail,SR01,Laptop,Laptop Veno 13,2,0.0,Completed,6200.0,12400.0,11110.4
ORD-106204,03/07/2026,Jawa Barat,Offline,C02236,Retail,SR04,Aksesoris,Power Bank 20000mAh,5,0.05,Completed,320.0,1520.0,988.0
ORD-106205,03/07/2026,Jawa Barat,Offline,C01140,UMKM,SR05,Printer & Tinta,Tinta Botol Set CMYK,3,0.0,Completed,280.0,840.0,492.3
ORD-106207,03/07/2026,kalimantan,Offline,C00104,Retail,SR15,Networking,Switch 8 Port S8,4,0.0,Completed,450.0,1800.0,
ORD-106208,03/07/2026,Jawa Barat,Offline,K0082,Korporat,SR05,Printer & Tinta,Tinta Botol Set CMYK,2,0.05,Completed,280.0,532.0,326.6
ORD-106209,03/07/2026,Jawa Timur,Offline,C01114,Retail,SR07,Aksesoris,Mouse Wireless M20,5,20.0,Completed,180.0,720.0,525.5
ORD-106210,03/07/2026,Jatim,Offline,C00844,UMKM,SR07,Smartphone,Smartphone Lumo A5,5,30.0,Completed,2800.0,9800.0,12170.5
ORD-106212,03/07/2026,Jawa Timur,Offline,C01926,UMKM,SR09,Aksesoris,Mouse Wireless M20,8,0.0,Completed,180.0,1440.0,831.2
ORD-106213,03/07/2026,Jawa Timur,Offline,C01826,Retail,SR07,Printer & Tinta,Printer InkJet P200,2,5.0,Completed,2100.0,3990.0,3399.2
ORD-106214,03/07/2026,Sulawesi,Offline,C01360,Retail,SR16,Peralatan Kantor,Kursi Ergonomis E1,1,0.0,Completed,1900.0,1900.0,1308.4
ORD-106215,03/07/2026,Sumatera,Offline,C00347,UMKM,SR11,Peralatan Kantor,Kertas A4 80gsm (rim),9,0.0,Completed,55.0,495.0,341.1
ORD-105465,2026-04-07,Jawa Barat,Online,C01306,UMKM,SYS-ONLINE,Printer & Tinta,Tinta Botol Set CMYK,2,0.1,Completed,280000.0,504000.0,332200.0
ORD-105466,2026-04-07,Jawa Barat,Online,K0027,Korporat,SYS-ONLINE,Laptop,Laptop Veno 13,3,0.3,Cancelled,6200000.0,13020000.0,16476000.0
ORD-105467,2026-04-07,Jawa Timur,Online,C02157,UMKM,SYS-ONLINE,Laptop,Laptop Veno 13,3,0.15,Completed,6200000.0,15810000.0,16409400.0
ORD-105468,2026-04-07,Jakarta,Online,C02173,Retail,SYS-ONLINE,Aksesoris,Keyboard Mekanik K7,2,0.05,Completed,650000.0,1235000.0,811400.0
ORD-105472,2026-04-07,JKT ,Online,C01151,UMKM,SYS-ONLINE,Peralatan Kantor,Kursi Ergonomis E1,8,0.1,Completed,1900000.0,13680000.0,10499200.0
ORD-106216,04/07/2026,Jawa Barat,Offline,C01397,UMKM,SR04,Laptop,Laptop Veno 13,2,0.1,Completed,6200.0,11160.0,11249.4
ORD-106217,04/07/2026,JKT ,Offline,C02002,Retail,SR03,Aksesoris,Keyboard Mekanik K7,3,0.05,Cancelled,650.0,1852.5,1192.5
ORD-106218,04/07/2026,Jawa Barat,Offline,C02034,Retail,SR04,Networking,Switch 8 Port S8,100,0.1,Completed,450.0,40500.0,
ORD-106219,04/07/2026,Sumatera,Offline,C00202,Retail,SR12,Printer & Tinta,Tinta Botol Set CMYK,1,0.0,Completed,280.0,280.0,166.0
ORD-106221,04/07/2026,Jawa Timur,Offline,C01686,UMKM,SR08,Networking,Switch 8 Port S8,10,0.3,Completed,450.0,3150.0,
ORD-106223,04/07/2026,Jakarta,Offline,C01002,Retail,SR02,Peralatan Kantor,Kertas A4 80gsm (rim),1,0.05,Completed,55.0,52.25,38.1
ORD-106224,04/07/2026,Sumatera,Offline,C01187,UMKM,SR12,aksesoris ,Headset USB H3,14,0.0,Completed,350.0,4900.0,2966.6
ORD-106225,04/07/2026,Jawa barat ,Offline,C01511,Retail,SR06,Aksesoris,Headset USB H3,1,0.0,Completed,350.0,350.0,211.1
ORD-105683,2026-05-07,Kalimantan,Online,C01568,UMKM,SYS-ONLINE,Printer & Tinta,Tinta Botol Set CMYK,5,0.3,Completed,280000.0,980000.0,813500.0
ORD-105685,2026-05-07,Jawa Barat,Online,C01256,Retail,SYS-ONLINE,Printer & Tinta,Printer InkJet P200,2,0.15,Completed,2100000.0,3570000.0,3352200.0
ORD-105688,2026-05-07,Sumatera,Online,C00160,UMKM,SYS-ONLINE,Printer & Tinta,Printer InkJet P200,1,0.0,Completed,2100000.0,2100000.0,1674700.0
ORD-105689,2026-05-07,Sumatera,Online,K0062,Korporat,SYS-ONLINE,Aksesoris,Mouse Wireless M20,7,0.0,Completed,180000.0,1260000.0,738500.0
ORD-105689,2026-05-07,Sumatera,Online,K0062,Korporat,SYS-ONLINE,Aksesoris,Mouse Wireless M20,7,0.0,Completed,180000.0,1260000.0,738500.0
ORD-106229,05/07/2026,Jawa Barat,Offline,C00639,UMKM,SR06,Aksesoris,Keyboard Mekanik K7,5,0.05,Completed,650.0,3087.5,1988.0
ORD-106230,05/07/2026,Kalimantan,Offline,C01406,UMKM,SR15,Peralatan Kantor,Kursi Ergonomis E1,3,0.0,Completed,1900.0,5700.0,3949.8
ORD-106231,05/07/2026,Sumatera,Offline,C00242,Retail,SR10,Networking,Switch 8 Port S8,4,0.0,Completed,450.0,1800.0,1214.8
ORD-106232,05/07/2026,Sulawesi,Offline,C01791,Retail,SR17,Laptop,Laptop Axio Pro 15,2,0.0,Completed,13000.0,26000.0,23303.6
ORD-106235,05/07/2026,Jawa Barat,Offline,C00757,UMKM,SR06,Aksesoris,Power Bank 20000mAh,3,0.0,Completed,320.0,960.0,603.0
ORD-106236,05/07/2026,Jakarta,Offline,C00104,Retail,SR02,Smartphone,Smartphone Lumo X,2,0.05,Completed,5500.0,10450.0,9690.4
ORD-106237,05/07/2026,Jawa Timur,Offline,K0027,Korporat,SR08,Peralatan Kantor,Kertas A4 80gsm (rim),48,0.0,Completed,55.0,2640.0,1833.6
ORD-106238,05/07/2026,Sumatera,Offline,C01437,UMKM,SR10,Printer & Tinta,Tinta Botol Set CMYK,4,0.0,Completed,280.0,1120.0,661.2
ORD-106239,05/07/2026,Jakarta,Offline,C01915,Retail,SR03,Aksesoris,Headset USB H3,3,0.0,Completed,350.0,1050.0,626.1
ORD-106240,05/07/2026,Jawa barat ,Offline,C01374,UMKM,SR06,Laptop,Laptop Axio 14,3,0.0,Completed,8500.0,25500.0,22464.3
ORD-105946,2026-06-07,Jawa Timur,Online,C02342,UMKM,SYS-ONLINE,Laptop,Laptop Axio 14,4,0.15,Completed,8500000.0,28900000.0,30262400.0
ORD-105949,2026-06-07,Sumatra,Online,C02036,Retail,SYS-ONLINE,networking,Router WiFi 6 R600,2,0.1,Completed,1200000.0,2160000.0,1699800.0
ORD-106241,06/07/2026,Jakarta,Offline,C01722,Retail,SR02,Aksesoris,Mouse Wireless M20,2,0.0,Completed,180.0,360.0,209.4
ORD-106242,06/07/2026,Jawa Timur,Offline,C01588,Retail,SR09,Aksesoris,Keyboard Mekanik K7,4,0.05,Completed,650.0,2470.0,1584.0
ORD-106243,06/07/2026,Jawa Timur,Offline,C01849,UMKM,SR08,Networking,Switch 8 Port S8,3,0.3,Completed,450.0,945.0,
ORD-106243,06/07/2026,Jawa Timur,Offline,C01849,UMKM,SR08,Networking,Switch 8 Port S8,3,0.3,Completed,450.0,945.0,
ORD-106244,06/07/2026,Kalimantan,Offline,C01615,Retail,SR15,Networking,Switch 8 Port S8,4,0.0,Completed,450.0,1800.0,
ORD-106245,06/07/2026,Sulawesi,Offline,K0139,Korporat,SR18,Peralatan Kantor,Kursi Ergonomis E1,39,0.05,Completed,1900.0,70395.0,51062.7
ORD-106246,06/07/2026,Jawa Timur,Offline,C01656,Retail,SR08,Smartphone,Smartphone Lumo X,1,0.25,Completed,5500.0,4125.0,4801.1
ORD-106248,06/07/2026,Jakarta,Offline,C00738,UMKM,SR01,Laptop,Laptop Axio Pro 15,1,0.0,Completed,13000.0,13000.0,11709.9
ORD-106251,06/07/2026,Jakarta,Offline,C01704,Retail,SR02,Laptop,Laptop Axio Pro 15,1,0.05,Completed,13000.0,12350.0,11703.0
ORD-106252,06/07/2026,Jawa Timur,Offline,C01546,Retail,SR07,Printer & Tinta,Tinta Botol Set CMYK,2,30.0,Completed,280.0,392.0,330.2
ORD-106253,06/07/2026,Jawa Timur,Offline,C00345,Retail,SR07,Aksesoris,Power Bank 20000mAh,4,10.0,Completed,320.0,1152.0,807.2
RET-105906,2026-06-07,JKT ,Online,C00920,UMKM,SYS-ONLINE,Peralatan Kantor,Kertas A4 80gsm (rim),-14,0.25,Returned,55000.0,-577500.0,-529200.0
ORD-106255,2026-07-07,Jawa Timur,Online,C00507,Retail,SYS-ONLINE,Laptop,Laptop Axio 14,2,0.1,Completed,8500000.0,15300000.0,15400400.0
ORD-106256,07/07/2026,Sumatera,Offline,C01586,UMKM,SR11,Aksesoris,Mouse Wireless M20,3,0.0,Completed,180.0,540.0,313.2
ORD-106257,07/07/2026,Jawa Barat,Offline,C00426,UMKM,SR06,Networking,Switch 8 Port S8,3,0.0,Completed,450.0,1350.0,902.7
ORD-106258,07/07/2026,Sumatera,Offline,C00316,UMKM,SR12,Laptop,Laptop Veno 13,1,0.05,Completed,6200.0,5890.0,5555.1
ORD-106259,07/07/2026,Kalimantan,Offline,K0140,Korporat,SR13,Peralatan Kantor,Kursi Ergonomis E1,27,0.0,Completed,1900.0,51300.0,35181.0
ORD-106262,08/07/2026,Sumatera,Offline,C02284,Retail,SR10,Smartphone,Smartphone Lumo X,1,0.1,Completed,5500.0,4950.0,4762.8
ORD-106262,08/07/2026,Sumatera,Offline,C02284,Retail,SR10,Smartphone,Smartphone Lumo X,1,0.1,Completed,5500.0,4950.0,4762.8
ORD-106265,08/07/2026,Jawa Timur,Offline,C01228,Retail,SR09,Aksesoris,Mouse Wireless M20,2,0.2,Completed,180.0,288.0,207.8
ORD-106266,08/07/2026,Jakarta,Offline,C00352,UMKM,SR02,Smartphone,Smartphone Lumo X,3,0.05,Completed,5500.0,15675.0,14490.0
ORD-106267,08/07/2026,Jawa Barat,Offline,K0143,Korporat,SR06,Laptop,Laptop Veno 13,9,0.0,Completed,6200.0,55800.0,49204.8
ORD-106270,08/07/2026,Sulawesi,Offline,C00569,Retail,SR16,Printer & Tinta,Printer InkJet P200,1,0.1,Completed,2100.0,1890.0,1714.6
ORD-106271,08/07/2026,Sulawesi,Offline,C01542,Retail,SR16,Laptop,Laptop Axio 14,1,0.1,Completed,8500.0,7650.0,7598.6
ORD-106568,2026-08-07,Kalimantan,Online,C01015,Retail,SYS-ONLINE,Laptop,Laptop Axio 14,2,0.05,Completed,8500000.0,16150000.0,15122000.0
ORD-106569,2026-08-07,Kalimantan,Online,C01885,UMKM,SYS-ONLINE,Aksesoris,Mouse Wireless M20,14,0.15,Completed,180000.0,2142000.0,1481200.0
ORD-106570,2026-08-07,Jawa Barat,Online,C02109,UMKM,SYS-ONLINE,Printer & Tinta,Printer InkJet P200,1,0.15,Completed,2100000.0,1785000.0,1699700.0
ORD-106273,09/07/2026,Sumatera,Offline,C00096,Retail,SR10,Laptop,Laptop Axio Pro 15,2,0.05,Completed,13000.0,24700.0,23040.6
ORD-106274,09/07/2026,Jawa Timur,Offline,C00640,UMKM,SR08,Aksesoris,Headset USB H3,13,0.0,Completed,350.0,4550.0,2719.6
ORD-106276,09/07/2026,Jakarta,Offline,C01551,Retail,SR03,Printer & Tinta,Printer InkJet P200,1,0.0,Completed,2100.0,2100.0,1724.4
ORD-106277,09/07/2026,Jawa Timur,Offline,C02223,UMKM,SR07,Networking,Router WiFi 6 R600,12,0.0,Completed,1200.0,14400.0,10246.8
ORD-106278,09/07/2026,Sulawesi,Offline,C02089,UMKM,SR17,Laptop,Laptop Veno 13,5,0.0,Completed,6200.0,31000.0,27919.5
ORD-106279,09/07/2026,Jawa Timur,Offline,C00176,Retail,SR07,Peralatan Kantor,Kertas A4 80gsm (rim),3,0.0,Completed,55.0,165.0,114.3
ORD-106280,09/07/2026,Jatim,Offline,C02088,Retail,SR07,Smartphone,Smartphone Lumo X,1,5.0,Completed,5500.0,5225.0,4820.0
ORD-106281,09/07/2026,Jakarta,Offline,C01053,Retail,SR02,Smartphone,Smartphone Lumo A5,1,0.0,Completed,2800.0,2800.0,2434.5
ORD-106867,2026-09-07,Jawa Timur,Online,C01902,Retail,SYS-ONLINE,Aksesoris,Mouse Wireless M20,2,0.25,Completed,180000.0,270000.0,207000.0
ORD-106873,2026-09-07,Jawa Barat,Online,C02208,Retail,SYS-ONLINE,aksesoris ,Keyboard Mekanik K7,3,0.05,Completed,650000.0,1852500.0,1183800.0
ORD-106976,2026-09-07,Jawa Timur,Online,C01902,Retail,SYS-ONLINE,Aksesoris,Mouse Wireless M20,2,0.25,Completed,180000.0,270000.0,210400.0
RET-106195,09/07/2026,Jawa Barat,Offline,C01863,Retail,SR05,laptop,Laptop Axio 14,-1,0.0,Returned,8500.0,-8500.0,-7492.0
ORD-106283,10/07/2026,Jawa Timur,Offline,C01101,Retail,SR07,Smartphone,Smartphone Lumo A5,2,0.0,Completed,2800.0,5600.0,4877.4
ORD-106283,10/07/2026,Jawa Timur,Offline,C01101,Retail,SR07,Smartphone,Smartphone Lumo A5,2,0.0,Completed,2800.0,5600.0,4877.4
ORD-106284,10/07/2026,Jakarta,Offline,C02266,UMKM,SR01,Laptop,Laptop Veno 13,2,0.0,Completed,6200.0,12400.0,10939.0
ORD-106285,10/07/2026,Jakarta,Offline,C00522,Retail,SR03,Aksesoris,Headset USB H3,5,0.05,Completed,350.0,1662.5,1044.5
ORD-106287,10/07/2026,Jawa Timur,Offline,C00951,UMKM,SR09,Laptop,Laptop Axio Pro 15,5,0.25,Completed,13000.0,48750.0,58387.0
ORD-106289,10/07/2026,Jawa Barat,Offline,C01479,Retail,SR04,Smartphone,Smartphone Lumo X,1,0.0,Completed,5500.0,5500.0,4834.2
ORD-106290,10/07/2026,Sumatera,Offline,C01200,UMKM,SR11,Peralatan Kantor,Kertas A4 80gsm (rim),13,0.0,Completed,55.0,715.0,499.2
ORD-106291,10/07/2026,Kalimantan,Offline,C00278,Retail,SR13,Peralatan Kantor,Kertas A4 80gsm (rim),4,0.05,Completed,55.0,209.0,150.0
ORD-106293,11/07/2026,Sumatra,Offline,C01634,Retail,SR11,Aksesoris,Headset USB H3,2,0.0,Completed,350.0,700.0,417.6
ORD-106294,11/07/2026,Jawa Timur,Offline,C00121,UMKM,SR07,Smartphone,Smartphone Lumo X,3,30.0,Completed,5500.0,11550.0,14246.4
ORD-106296,11/07/2026,Kalimantan,Offline,C01181,Retail,SR15,Aksesoris,Mouse Wireless M20,4,10.0,Completed,180.0,648.0,417.2
ORD-106297,11/07/2026,Jawa Barat,Offline,C01890,UMKM,SR04,LAPTOP,Laptop Axio 14,5,0.0,Completed,8500.0,42500.0,37815.0
ORD-106299,11/07/2026,Jawa Timur,Offline,C01432,Retail,SR08,Aksesoris,Mouse Wireless M20,3,0.0,Completed,180.0,540.0,314.1
ORD-106300,11/07/2026,Jawa Timur,Offline,C00219,Retail,SR09,Smartphone,Smartphone Lumo A5,2,0.25,Completed,2800.0,4200.0,4869.8
ORD-106302,11/07/2026,Jawa Timur,Offline,C01073,UMKM,SR09,Laptop,Laptop Axio Pro 15,4,0.0,Completed,13000.0,52000.0,46199.6
ORD-106303,11/07/2026,Kalimantan,Offline,C01743,UMKM,SR13,Aksesori,Power Bank 20000mAh,5,0.0,Completed,320.0,1600.0,1000.5
ORD-106304,11/07/2026,Kalimantan,Offline,C01098,Retail,SR13,Printer & Tinta,Printer InkJet P200,2,0.0,Completed,2100.0,4200.0,3436.2
ORD-106306,12/07/2026,Jawa Barat,Offline,C02391,Retail,SR05,Peralatan Kantor,Kertas A4 80gsm (rim),2,0.0,Completed,55.0,110.0,76.2
ORD-106307,12/07/2026,Sumatera,Offline,C02326,UMKM,SR10,Networking,Switch 8 Port S8,11,0.05,Completed,450.0,4702.5,3325.3
ORD-106309,12/07/2026,Sulawesi,Offline,K0052,Korporat,SR16,Smartphone,Smartphone Lumo A5,5,0.05,Completed,2800.0,13300.0,12326.0
ORD-106310,12/07/2026,Sulawesi,Offline,C00992,Retail,SR18,Laptop,Laptop Axio Pro 15,2,0.0,Cancelled,13000.0,26000.0,23538.6
ORD-106311,12/07/2026,Sumatera,Offline,C01746,UMKM,SR11,Aksesoris,Keyboard Mekanik K7,9,5.0,Completed,650.0,5557.5,3569.4
ORD-106313,12/07/2026,Jakarta,Offline,C02331,UMKM,SR01,Peralatan Kantor,Kursi Ergonomis E1,5,0.0,Completed,1900.0,9500.0,6411.5
ORD-106317,12/07/2026,Jawa Barat,Offline,C00040,Retail,SR05,Smartphone,Smartphone Lumo X,1,0.05,Completed,5500.0,5225.0,4826.5
ORD-106318,13/07/2026,Jakarta,Offline,K0026,Korporat,SR02,Aksesoris,Mouse Wireless M20,27,0.0,Completed,180.0,4860.0,2821.5
ORD-106319,13/07/2026,Jakarta,Offline,C01037,UMKM,SR02,Laptop,Laptop Axio Pro 15,3,0.05,Completed,13000.0,37050.0,34569.0
ORD-106320,13/07/2026,Jakarta,Offline,C02315,UMKM,SR02,Aksesoris,Keyboard Mekanik K7,12,0.0,Completed,650.0,7800.0,4768.8
ORD-106321,13/07/2026,Jawa Barat,Offline,C00799,Retail,SR05,Peralatan Kantor,Kertas A4 80gsm (rim),4,0.0,Completed,55.0,220.0,153.6
ORD-106322,13/07/2026,Sumatera,Offline,C00680,Retail,SR10,Aksesoris,Mouse Wireless M20,5,0.05,Completed,180.0,855.0,524.0
ORD-106323,13/07/2026,Jawa Barat,Offline,C00693,Retail,SR05,Smartphone,Smartphone Lumo X,1,0.0,Completed,5500.0,5500.0,4851.2
ORD-106324,2026-07-13,Jakarta,Online,C00272,UMKM,SYS-ONLINE,Aksesoris,Power Bank 20000mAh,9,0.2,Completed,320000.0,2304000.0,1815300.0
ORD-106325,13/07/2026,Kalimantan,Offline,C01282,Retail,SR13,Peralatan Kantor,Kursi Ergonomis E1,3,0.05,Completed,1900.0,5415.0,3857.7
ORD-106326,13/07/2026,Jawa Barat,Offline,C01597,UMKM,SR04,Laptop,Laptop Axio Pro 15,4,0.1,Completed,13000.0,46800.0,47244.0
ORD-106327,2026-07-13,Kalimantan,Online,C01907,Retail,SYS-ONLINE,Printer & Tinta,Printer InkJet P200,1,0.0,Completed,2100000.0,2100000.0,1719100.0
ORD-106328,2026-07-13,,Online,C02279,Retail,SYS-ONLINE,Networking,Switch 8 Port S8,1,0.05,Completed,450000.0,427500.0,
ORD-106329,2026-07-13,Sulawesi,Online,C02202,Retail,SYS-ONLINE,Smartphone,Smartphone Lumo X,1,0.05,Completed,5500000.0,5225000.0,4778600.0
ORD-106330,14/07/2026,Jakarta,Offline,C01774,UMKM,SR02,Peralatan Kantor,Kertas A4 80gsm (rim),8,0.05,Completed,55.0,418.0,304.8
ORD-106331,14/07/2026,Jabar,Offline,C00200,Retail,SR06,Networking,Router WiFi 6 R600,5,0.0,Completed,1200.0,6000.0,
ORD-106332,14/07/2026,Jawa Barat,Offline,C00543,UMKM,SR04,Networking,Switch 8 Port S8,14,0.0,Completed,450.0,6300.0,
ORD-106333,2026-07-14,Jawa Barat,Online,C01604,UMKM,SYS-ONLINE,Aksesoris,Headset USB H3,1,0.0,Completed,350000.0,350000.0,208100.0
ORD-106334,2026-07-14,Jakarta,Online,C01013,Retail,SYS-ONLINE,Laptop,Laptop Veno 13,1,0.05,Completed,6200000.0,5890000.0,5539700.0
ORD-106335,2026-07-14,Jakarta,Online,C02292,Retail,SYS-ONLINE,Peralatan Kantor,Kertas A4 80gsm (rim),4,0.05,Completed,55000.0,209000.0,152000.0
ORD-106336,14/07/2026,Jakarta,Offline,K0099,Korporat,SR02,Aksesoris,Power Bank 20000mAh,7,0.05,Completed,320.0,2128.0,1384.6
ORD-106337,14/07/2026,Jakarta,Offline,K0108,Korporat,SR03,Peralatan Kantor,Kursi Ergonomis E1,32,0.0,Completed,1900.0,60800.0,41267.2
ORD-106338,14/07/2026,Jakarta,Offline,C01725,Retail,SR02,Aksesoris,Headset USB H3,2,0.0,Completed,350.0,700.0,421.0
ORD-106339,14/07/2026,Kalimantan,Offline,C02176,Retail,SR13,Printer & Tinta,Tinta Botol Set CMYK,2,0.05,Cancelled,280.0,532.0,326.2
ORD-106340,14/07/2026,Jawa Timur,Offline,C00188,Retail,SR08,Peralatan Kantor,Kursi Ergonomis E1,4,0.25,Completed,1900.0,5700.0,5271.2
ORD-106341,14/07/2026,Jawa Timur,Offline,C02377,UMKM,SR08,Aksesoris,Power Bank 20000mAh,8,0.05,Completed,320.0,2432.0,1608.8
ORD-106342,15/07/2026,Jawa Barat,Offline,C01340,Retail,SR04,Aksesoris,Headset USB H3,3,0.0,Completed,350.0,1050.0,629.7
ORD-106343,2026-07-15,Jawa Timur,Online,C00016,Retail,SYS-ONLINE,Printer & Tinta,Tinta Botol Set CMYK,2,0.1,Completed,280000.0,504000.0,326600.0
ORD-106344,2026-07-15,Jakarta,Online,C02146,Retail,SYS-ONLINE,Networking,Switch 8 Port S8,4,0.0,Completed,450000.0,1800000.0,1213200.0
ORD-106345,15/07/2026,Sumatra,Offline,C02201,Retail,SR11,networking,Router WiFi 6 R600,5,0.0,Completed,1200.0,6000.0,4276.5
ORD-106346,2026-07-15,Jawa Timur,Online,K0169,Korporat,SYS-ONLINE,Networking,Switch 8 Port S8,32,0.1,Completed,450000.0,12960000.0,
RET-106198,15/07/2026,Jakarta,Offline,C00691,Retail,SR02,Aksesoris,Mouse Wireless M20,-1,0.0,Returned,180.0,-180.0,-104.8
RET-106207,15/07/2026,Kalimantan,Offline,C00104,Retail,SR15,Networking,Switch 8 Port S8,-4,0.0,Returned,450.0,-1800.0,
ORD-106347,16/07/2026,Kalimantan,Offline,C01811,Retail,SR13,smartphone,Smartphone Lumo X,1,0.05,Completed,5500.0,5225.0,4761.7
ORD-106348,2026-07-16,Jakarta,Online,C00217,Retail,SYS-ONLINE,Peralatan Kantor,Kursi Ergonomis E1,1,0.1,Completed,1900000.0,1710000.0,1299200.0
ORD-106349,2026-07-16,JKT ,Online,C01144,Retail,SYS-ONLINE,Aksesoris,Keyboard Mekanik K7,1,0.25,Completed,650000.0,487500.0,402800.0
ORD-106350,16/07/2026,Jawa Barat,Offline,C02258,Retail,SR06,Smartphone,Smartphone Lumo A5,2,0.0,Completed,2800.0,5600.0,4834.8
ORD-106351,16/07/2026,Sumatera,Offline,C00533,Retail,SR10,Peralatan Kantor,Kertas A4 80gsm (rim),3,0.0,Completed,55.0,165.0,115.8
ORD-106352,16/07/2026,Jakarta,Offline,K0081,Korporat,SR01,Peralatan Kantor,Kertas A4 80gsm (rim),36,0.0,Completed,55.0,1980.0,1353.6
ORD-106353,16/07/2026,SULAWESI,Offline,C00499,Retail,SR16,Aksesoris,Keyboard Mekanik K7,5,0.05,Completed,650.0,3087.5,2024.5
ORD-106354,2026-07-16,Kalimantan,Online,C02377,Retail,SYS-ONLINE,Networking,Switch 8 Port S8,4,0.1,Completed,450000.0,1620000.0,
ORD-106355,16/07/2026,Jawa Barat,Offline,C01445,Retail,SR04,Smartphone,Smartphone Lumo X,1,0.0,Completed,5500.0,5500.0,4858.7
ORD-106356,16/07/2026,Jawa Barat,Offline,C00859,Retail,SR05,Smartphone,Smartphone Lumo X,2,0.0,Completed,5500.0,11000.0,9619.8
ORD-106357,16/07/2026,Jakarta,Offline,C01952,Retail,SR03,Printer & Tinta,Tinta Botol Set CMYK,1,0.0,Completed,280.0,280.0,166.3
ORD-106358,16/07/2026,Jawa Barat,Offline,K0061,Korporat,SR05,Laptop,Laptop Axio 14,2,0.0,Completed,8500.0,17000.0,15022.2
ORD-106359,16/07/2026,Sulawesi,Offline,C01677,UMKM,SR18,Networking,Router WiFi 6 R600,14,0.0,Completed,1200.0,16800.0,11722.2
ORD-106360,2026-07-16,jawa timur,Online,C00376,UMKM,SYS-ONLINE,Aksesoris,Mouse Wireless M20,2,0.3,Completed,180000.0,252000.0,209200.0
ORD-106361,16/07/2026,Jawa Timur,Offline,C01862,Retail,SR08,Aksesoris,Keyboard Mekanik K7,2,0.0,Completed,650.0,1300.0,794.6
ORD-106362,2026-07-16,Sumatera,Online,K0179,Korporat,SYS-ONLINE,Aksesoris,Keyboard Mekanik K7,7,0.1,Completed,650000.0,4095000.0,2821700.0
ORD-106363,2026-07-17,Jakarta,Online,C00637,Retail,SYS-ONLINE,Smartphone,Smartphone Lumo X,2,0.1,Completed,5500000.0,9900000.0,9668200.0
ORD-106364,17/07/2026,Jawa Timur,Offline,K0079,Korporat,SR09,Laptop,Laptop Axio Pro 15,5,0.05,Completed,13000.0,61750.0,57849.5
ORD-106365,17/07/2026,Jawa Timur,Offline,C00953,Retail,SR09,Aksesoris,Mouse Wireless M20,4,0.1,Completed,180.0,648.0,421.6
ORD-106366,2026-07-17,Jawa Timur,Online,K0163,Korporat,SYS-ONLINE,HP,Smartphone Lumo A5,2,0.3,Completed,2800000.0,3920000.0,4799400.0
ORD-106367,17/07/2026,Sumatera,Offline,C00620,UMKM,SR12,Aksesoris,Headset USB H3,12,0.0,Completed,350.0,4200.0,2488.8
ORD-106368,17/07/2026,Jakarta,Offline,C00061,UMKM,SR02,Networking,Switch 8 Port S8,12,0.05,Completed,450.0,5130.0,
ORD-106369,17/07/2026,Jawa Barat,Offline,C00866,UMKM,SR04,Smartphone,Smartphone Lumo X,2,0.05,Completed,5500.0,10450.0,9462.0
ORD-106370,2026-07-17,Jawa Barat,online,C00864,UMKM,SYS-ONLINE,Smartphone,Smartphone Lumo X,1,0.15,Completed,5500000.0,4675000.0,4822100.0
ORD-106371,2026-07-17,Jawa Barat,Online,K0108,Korporat,SYS-ONLINE,Networking,Router WiFi 6 R600,4,0.05,Completed,1200000.0,4560000.0,
ORD-106372,17/07/2026,Kalimantan,Offline,C00677,Retail,SR13,Aksesoris,Keyboard Mekanik K7,5,0.05,Completed,650.0,3087.5,2011.0
ORD-106373,17/07/2026,Kalimantan,Offline,C00065,Retail,SR14,Aksesoris,Power Bank 20000mAh,4,0.0,Completed,320.0,1280.0,789.6
ORD-106374,2026-07-18,Jawa Timur,Online,C00722,Retail,SYS-ONLINE,Peralatan Kantor,Kursi Ergonomis E1,5,0.05,Completed,1900000.0,9025000.0,6568500.0
ORD-106375,18/07/2026,Jakarta,Offline,C01008,Retail,SR01,Peralatan Kantor,Kertas A4 80gsm (rim),5,0.0,Completed,55.0,275.0,190.0
ORD-106376,2026-07-18,Jakarta,Online,C01400,UMKM,SYS-ONLINE,Laptop,Laptop Axio Pro 15,4,0.05,Cancelled,13000000.0,49400000.0,47276400.0
ORD-106377,18/07/2026,Jakarta,Offline,C00388,UMKM,SR03,Aksesoris,Power Bank 20000mAh,2,0.05,Completed,320.0,608.0,405.4
ORD-106378,2026-07-18,Jawa Barat,Online,K0171,Korporat,SYS-ONLINE,Laptop,Laptop Axio Pro 15,7,0.05,Completed,13000000.0,86450000.0,81774000.0
ORD-106379,18/07/2026,Jakarta,Offline,C01072,Retail,SR02,Peralatan Kantor,Kertas A4 80gsm (rim),2,0.05,Completed,55.0,104.5,75.4
ORD-106380,2026-07-18,Jawa Barat,Online,C01846,Retail,SYS-ONLINE,Networking,Router WiFi 6 R600,2,0.05,Cancelled,1200000.0,2280000.0,
ORD-106381,18/07/2026,Jawa Timur,Offline,C02146,UMKM,SR09,Printer & Tinta,Tinta Botol Set CMYK,1,0.0,Completed,280.0,280.0,166.5
ORD-106382,19/07/2026,Jakarta,Offline,C00580,UMKM,SR01,Laptop,Laptop Axio 14,3,0.05,Completed,8500.0,24225.0,22553.1
ORD-106383,19/07/2026,Sumatera,Offline,C00739,Retail,SR11,Laptop,Laptop Axio 14,1,0.0,Completed,8500.0,8500.0,7597.0
ORD-106384,19/07/2026,Kalimantan,Offline,K0022,Korporat,SR14,Laptop,Laptop Axio 14,3,0.05,Completed,8500.0,24225.0,22877.7
ORD-106385,19/07/2026,Jawa Timur,Offline,C02379,UMKM,SR09,Smartphone,Smartphone Lumo X,1,0.05,Completed,5500.0,5225.0,4800.2
ORD-106385,19/07/2026,Jawa Timur,Offline,C02379,UMKM,SR09,Smartphone,Smartphone Lumo X,1,0.05,Completed,5500.0,5225.0,4800.2
ORD-106386,19/07/2026,Jakarta,Offline,C00353,Retail,SR01,Aksesoris,Power Bank 20000mAh,4,0.0,Completed,320.0,1280.0,809.2
ORD-106387,2026-07-19,,E-Commerce,C02019,Retail,SYS-ONLINE,Aksesoris,Mouse Wireless M20,5,0.3,Completed,180000.0,630000.0,529500.0
ORD-106388,2026-07-19,Kalimantan,Online,C00767,Retail,SYS-ONLINE,Smartphone,Smartphone Lumo A5,1,0.05,Completed,2800000.0,2660000.0,2417300.0
ORD-106389,19/07/2026,Jakarta,Offline,C01467,Retail,SR01,Aksesoris,Power Bank 20000mAh,4,0.05,Completed,320.0,1216.0,810.0
ORD-106390,19/07/2026,Jawa Barat,Offline,C00569,Retail,SR04,Printer & Tinta,Printer InkJet P200,1,0.1,Completed,2100.0,1890.0,1681.1
ORD-106391,19/07/2026,Kalimantan,Offline,K0034,Korporat,SR13,Aksesoris,Keyboard Mekanik K7,39,0.05,Completed,650.0,24082.5,15420.6
ORD-106392,19/07/2026,Sumatera,Offline,C01019,Retail,SR12,Laptop,Laptop Axio Pro 15,2,0.0,Completed,13000.0,26000.0,23080.6
ORD-106393,2026-07-19,Sumatera,Online,K0103,Korporat,SYS-ONLINE,Peralatan Kantor,Kursi Ergonomis E1,35,0.0,Completed,1900000.0,66500000.0,46004000.0
ORD-106394,2026-07-19,Sumatera,Online,K0147,Korporat,SYS-ONLINE,Aksesoris,Keyboard Mekanik K7,48,0.05,Completed,650000.0,29640000.0,19142400.0
ORD-106395,2026-07-20,Jakarta,Online,C00307,Retail,SYS-ONLINE,Laptop,Laptop Axio Pro 15,1,0.1,Completed,13000000.0,11700000.0,11504500.0
ORD-106396,2026-07-20,Jawa Timur,online,C02310,Retail,SYS-ONLINE,Aksesoris,Keyboard Mekanik K7,1,0.3,Completed,650000.0,455000.0,402300.0
ORD-106397,2026-07-20,Jawa Barat,Online,C00433,UMKM,SYS-ONLINE,Smartphone,Smartphone Lumo X,2,0.3,Completed,5500000.0,7700000.0,9544200.0
ORD-106398,20/07/2026,Jakarta,Offline,C01011,UMKM,SR03,Smartphone,Smartphone Lumo A5,3,0.0,Completed,2800.0,8400.0,7239.9
ORD-106399,20/07/2026,Jakarta,Offline,C01988,UMKM,SR01,Smartphone,Smartphone Lumo A5,1,0.0,Completed,2800.0,2800.0,2446.4
ORD-106400,20/07/2026,Jakarta,Offline,C01016,Retail,SR02,Laptop,Laptop Axio 14,2,0.0,Completed,8500.0,17000.0,15124.8
RET-106284,20/07/2026,Jakarta,Offline,C02266,UMKM,SR01,Laptop,Laptop Veno 13,-2,0.0,Returned,6200.0,-12400.0,-10939.0
ORD-106401,2026-07-21,Jawa Timur,Online,C01111,Retail,SYS-ONLINE,Smartphone,Smartphone Lumo A5,2,0.2,Completed,2800000.0,4480000.0,4923000.0
ORD-106402,2026-07-21,Jawa Barat,Online,C00848,Retail,SYS-ONLINE,Networking,Switch 8 Port S8,4,0.15,Completed,450000.0,1530000.0,
ORD-106403,2026-07-21,Kalimantan,Online,C00990,UMKM,SYS-ONLINE,Peralatan Kantor,Kertas A4 80gsm (rim),13,0.0,Completed,55000.0,715000.0,488800.0
ORD-106404,2026-07-21,Jawa Timur,Online,K0149,Korporat,SYS-ONLINE,Printer & Tinta,Tinta Botol Set CMYK,3,0.25,Cancelled,280000.0,630000.0,494100.0
RET-106323,21/07/2026,Jawa Barat,Offline,C00693,Retail,SR05,Smartphone,Smartphone Lumo X,-1,0.0,Returned,5500.0,-5500.0,-4851.2
ORD-106405,2026-07-22,Jawa Timur,Online,K0015,Korporat,SYS-ONLINE,Smartphone,Smartphone Lumo A5,8,0.2,Completed,2800000.0,17920000.0,19260000.0
ORD-106406,2026-07-22,Jakarta,Online,C01128,UMKM,SYS-ONLINE,Peralatan Kantor,Kursi Ergonomis E1,7,0.05,Completed,1900000.0,12635000.0,9205000.0
ORD-106407,22/07/2026,Sumatera,Offline,C01936,UMKM,SR10,Aksesoris,Power Bank 20000mAh,8,0.05,Completed,320.0,2432.0,1608.0
ORD-106408,2026-07-22,Sumatera,Online,C02143,UMKM,SYS-ONLINE,Peralatan Kantor,Kertas A4 80gsm (rim),6,0.0,Completed,55000.0,330000.0,231000.0
ORD-106409,2026-07-22,Sumatera,Online,C01743,Retail,SYS-ONLINE,Printer & Tinta,Printer InkJet P200,2,0.2,Completed,2100000.0,3360000.0,3437800.0
ORD-106410,22/07/2026,Sulawesi,Offline,C01167,Retail,SR17,Aksesoris,Power Bank 20000mAh,5,0.0,Completed,320.0,1600.0,1013.5
ORD-106411,22/07/2026,Jabar,Offline,K0065,Korporat,SR05,Laptop,Laptop Veno 13,8,0.05,Completed,6200.0,47120.0,44806.4
ORD-106412,22/07/2026,Jawa Barat,Offline,C01494,Retail,SR05,Aksesoris,Power Bank 20000mAh,1,0.05,Completed,320.0,304.0,201.0
ORD-106413,2026-07-22,Jawa Timur,Online,C02083,UMKM,SYS-ONLINE,Smartphone,Smartphone Lumo A5,2,0.2,Completed,2800000.0,4480000.0,4824000.0
ORD-106413,2026-07-22,Jawa Timur,Online,C02083,UMKM,SYS-ONLINE,Smartphone,Smartphone Lumo A5,2,0.2,Completed,2800000.0,4480000.0,4824000.0
ORD-106414,2026-07-22,Jawa Timur,Online,K0134,Korporat,SYS-ONLINE,Printer & Tinta,Tinta Botol Set CMYK,6,0.1,Completed,280000.0,1512000.0,1002600.0
ORD-106415,22/07/2026,jakarta,Offline,C01583,Retail,SR03,Aksesoris,Headset USB H3,5,0.0,Completed,350.0,1750.0,1043.5
ORD-106416,22/07/2026,Sumatera,Offline,C00057,Retail,SR11,Peralatan Kantor,Kursi Ergonomis E1,4,0.0,Completed,1900.0,7600.0,5266.4
ORD-106417,22/07/2026,Kalimantan,Offline,C00108,UMKM,SR15,Laptop,Laptop Axio Pro 15,3,5.0,Completed,13000.0,37050.0,34648.5
ORD-106418,22/07/2026,Sumatera,Offline,C02158,UMKM,SR11,Printer&Tinta,Printer InkJet P200,3,5.0,Completed,2100.0,5985.0,5147.1
ORD-106419,23/07/2026,Jabar,Offline,C01606,Retail,SR06,Printer & Tinta,Printer InkJet P200,1,0.05,Completed,2100.0,1995.0,1705.2
ORD-106420,2026-07-23,Jawa Timur,Online,C01866,Retail,SYS-ONLINE,Aksesoris,Mouse Wireless M20,2,0.0,Completed,180000.0,360000.0,212800.0
ORD-106421,23/07/2026,Jakarta,Offline,K0134,Korporat,SR01,Peralatan Kantor,Kertas A4 80gsm (rim),23,0.0,Completed,55.0,1265.0,867.1
ORD-106422,2026-07-23,Jawa Barat,Online,C01297,UMKM,SYS-ONLINE,Aksesoris,Keyboard Mekanik K7,3,0.0,Completed,650000.0,1950000.0,1194000.0
ORD-106423,2026-07-23,Jawa Barat,Online,C02105,UMKM,SYS-ONLINE,Laptop,Laptop Axio Pro 15,1,0.05,Completed,13000000.0,12350000.0,11516900.0
ORD-106424,24/07/2026,Jakarta,Offline,C00030,Retail,SR01,Aksesoris,Mouse Wireless M20,3,0.05,Completed,180.0,513.0,315.6
ORD-106424,24/07/2026,Jakarta,Offline,C00030,Retail,SR01,Aksesoris,Mouse Wireless M20,3,0.05,Completed,180.0,513.0,315.6
ORD-106425,24/07/2026,Jakarta,Offline,C01991,Retail,SR02,Printer & Tinta,Tinta Botol Set CMYK,1,0.0,Completed,280.0,280.0,163.4
ORD-106426,2026-07-24,Jakarta,Online,C02396,Retail,SYS-ONLINE,Laptop,Laptop Veno 13,2,0.0,Completed,6200000.0,12400000.0,11125200.0
ORD-106427,24/07/2026,Sumatera,Offline,C00044,Retail,SR10,Laptop,Laptop Axio Pro 15,2,0.0,Completed,13000.0,26000.0,23369.0
ORD-106428,24/07/2026,Jakarta,Offline,C00498,Retail,SR02,Aksesoris,Keyboard Mekanik K7,1,0.0,Completed,650.0,650.0,404.2
ORD-106429,2026-07-24,Jawa Timur,Online,K0150,Korporat,SYS-ONLINE,Networking,Switch 8 Port S8,9,0.2,Completed,450000.0,3240000.0,2664000.0
ORD-106430,24/07/2026,Jawa Barat,Offline,C00862,Retail,SR06,Printer & Tinta,Printer InkJet P200,1,0.05,Completed,2100.0,1995.0,1707.9
ORD-106431,24/07/2026,Sumatera,Offline,C00481,Retail,SR11,Aksesoris,Power Bank 20000mAh,4,0.0,Completed,320.0,1280.0,806.0
ORD-106432,24/07/2026,Jawa Timur,Offline,K0116,Korporat,SR07,Smartphone,Smartphone Lumo A5,10,25.0,Completed,2800.0,21000.0,24563.0
ORD-106433,24/07/2026,Sumatera,Offline,C01994,Retail,SR11,Aksesoris,Headset USB H3,1,0.0,Completed,350.0,350.0,208.4
ORD-106434,24/07/2026,Jakarta,Offline,C00716,Retail,SR01,Laptop,Laptop Veno 13,2,0.05,Completed,6200.0,11780.0,11139.4
ORD-106435,24/07/2026,Jawa Barat,Offline,C00790,UMKM,SR05,Peralatan Kantor,Kertas A4 80gsm (rim),11,0.05,Completed,55.0,574.75,416.9
ORD-106435,24/07/2026,Jawa Barat,Offline,C00790,UMKM,SR05,Peralatan Kantor,Kertas A4 80gsm (rim),11,0.05,Completed,55.0,574.75,416.9
ORD-106436,24/07/2026,Jakarta,Offline,C00525,Retail,SR03,Networking,Router WiFi 6 R600,1,0.0,Completed,1200.0,1200.0,
RET-106395,2026-07-24,Jakarta,Online,C00307,Retail,SYS-ONLINE,Laptop,Laptop Axio Pro 15,-1,0.1,Returned,13000000.0,-11700000.0,-11504500.0
ORD-106437,25/07/2026,Jawa Barat,Offline,K0151,Korporat,SR04,Laptop,Laptop Axio 14,7,0.05,Completed,8500.0,56525.0,53187.4
ORD-106438,25/07/2026,Jawa Timur,Offline,K0090,Korporat,SR09,Aksesoris,Keyboard Mekanik K7,220,0.12,Completed,650.0,125840.0,87186.0
ORD-106439,2026-07-25,Jawa Timur,Online,C00504,Retail,SYS-ONLINE,Aksesoris,Keyboard Mekanik K7,5,0.25,Cancelled,650000.0,2437500.0,2020000.0
ORD-106440,25/07/2026,Kalimantan,Offline,C01882,Retail,SR13,Printer & Tinta,Tinta Botol Set CMYK,2,0.1,Completed,280.0,504.0,330.6
ORD-106441,25/07/2026,jawa timur,Offline,C01627,UMKM,SR09,aksesoris ,Mouse Wireless M20,8,0.2,Completed,180.0,1152.0,832.8
ORD-106442,2026-07-25,Sumatera,Online,K0046,Korporat,SYS-ONLINE,Laptop,Laptop Axio Pro 15,10,0.3,Completed,13000000.0,91000000.0,115804000.0
ORD-106443,26/07/2026,Jakarta,Offline,C02163,Retail,SR02,Smartphone,Smartphone Lumo X,1,0.05,Completed,5500.0,5225.0,4760.5
ORD-106444,2026-07-26,Kalimantan,Online,C00153,Retail,SYS-ONLINE,Printer & Tinta,Tinta Botol Set CMYK,1,0.05,Completed,280000.0,266000.0,163900.0
ORD-106445,26/07/2026,Jawa Barat,Offline,C02096,Retail,SR04,Peralatan Kantor,Kursi Ergonomis E1,1,0.05,Completed,1900.0,1805.0,1283.4
ORD-106446,26/07/2026,Jakarta,Offline,C02130,Retail,SR03,Smartphone,Smartphone Lumo X,1,0.0,Completed,5500.0,5500.0,4764.1
ORD-106447,26/07/2026,Jawa Barat,Offline,C00426,UMKM,SR06,Aksesoris,Mouse Wireless M20,1,0.05,Completed,180.0,171.0,105.8
ORD-106448,26/07/2026,Sumatera,Offline,C01758,Retail,SR12,Networking,Router WiFi 6 R600,4,0.0,Cancelled,1200.0,4800.0,
ORD-106449,26/07/2026,Sulawesi,Offline,C00932,Retail,SR18,Aksesoris,Headset USB H3,5,0.0,Completed,350.0,1750.0,1057.5
ORD-106450,2026-07-26,Kalimantan,Online,C01365,Retail,SYS-ONLINE,Aksesoris,Mouse Wireless M20,5,0.1,Completed,180000.0,810000.0,526000.0
ORD-106450,2026-07-26,Kalimantan,Online,C01365,Retail,SYS-ONLINE,Aksesoris,Mouse Wireless M20,5,0.1,Completed,180000.0,810000.0,526000.0
ORD-106451,26/07/2026,Jawa Barat,Offline,C01155,UMKM,SR06,Networking,Router WiFi 6 R600,2,0.05,Completed,1200.0,2280.0,
ORD-106452,2026-07-26,Jakarta,Online,C01503,UMKM,SYS-ONLINE,Smartphone,Smartphone Lumo X,4,0.25,Completed,5500000.0,16500000.0,19080800.0
RET-106351,26/07/2026,Sumatera,Offline,C00533,Retail,SR10,Peralatan Kantor,Kertas A4 80gsm (rim),-3,0.0,Returned,55.0,-165.0,-115.8
RET-106405,2026-07-26,Jawa Timur,online,K0015,Korporat,SYS-ONLINE,Smartphone,Smartphone Lumo A5,-8,0.2,Returned,2800000.0,-17920000.0,-19260000.0
ORD-106453,27/07/2026,Sulawesi,Offline,C00459,Retail,SR16,Laptop,Laptop Axio Pro 15,2,0.05,Completed,13000.0,24700.0,23596.8
ORD-106454,27/07/2026,Sulawesi,Offline,C01510,Retail,SR16,Networking,Router WiFi 6 R600,2,0.1,Completed,1200.0,2160.0,1694.4
ORD-106455,27/07/2026,Jawa Barat,Offline,C01520,Retail,SR05,Peralatan Kantor,Kursi Ergonomis E1,5,0.0,Completed,1900.0,9500.0,6474.0
ORD-106456,27/07/2026,jakarta,Offline,C01414,UMKM,SR03,Aksesoris,Keyboard Mekanik K7,5,0.0,Completed,650.0,3250.0,1993.0
ORD-106457,2026-07-27,Kalimantan,Online,C01614,Retail,SYS-ONLINE,Aksesoris,Headset USB H3,4,0.3,Completed,350000.0,980000.0,840800.0
ORD-106458,27/07/2026,Jawa Barat,Offline,K0067,Korporat,SR04,Networking,Switch 8 Port S8,31,0.0,Completed,450.0,13950.0,
ORD-106459,27/07/2026,Sumatera,Offline,C02059,Retail,SR11,Smartphone,Smartphone Lumo X,1,0.0,Completed,5500.0,5500.0,4773.5
ORD-106460,27/07/2026,Sulawesi,Offline,C02377,UMKM,SR16,Smartphone,Smartphone Lumo A5,4,0.0,Completed,2800.0,11200.0,9670.4
ORD-106461,2026-07-27,Jawa Barat,ONLINE,C00921,Retail,SYS-ONLINE,Smartphone,Smartphone Lumo X,2,0.1,Completed,5500000.0,9900000.0,9619000.0
ORD-106462,2026-07-27,Sulawesi,Online,K0088,Korporat,SYS-ONLINE,Networking,Router WiFi 6 R600,46,0.05,Completed,1200000.0,52440000.0,
RET-106348,2026-07-27,Jakarta,Online,C00217,Retail,SYS-ONLINE,Peralatan Kantor,Kursi Ergonomis E1,-1,0.1,Returned,1900000.0,-1710000.0,-1299200.0
ORD-106463,2026-07-28,Kalimantan,Online,C01073,UMKM,SYS-ONLINE,Aksesori,Headset USB H3,8,0.1,Completed,350000.0,2520000.0,1690400.0
ORD-106464,28/07/2026,Jawa Barat,Offline,C01529,Retail,SR04,Aksesoris,Mouse Wireless M20,2,0.05,Completed,180.0,342.0,208.4
ORD-106464,28/07/2026,Jawa Barat,Offline,C01529,Retail,SR04,Aksesoris,Mouse Wireless M20,2,0.05,Completed,180.0,342.0,208.4
ORD-106465,28/07/2026,Jakarta,Offline,C00962,Retail,SR03,Aksesoris,Headset USB H3,4,0.0,Completed,350.0,1400.0,830.0
ORD-106466,28/07/2026,SULAWESI,Offline,C02270,UMKM,SR18,Laptop,Laptop Axio 14,1,0.05,Completed,8500.0,8075.0,7555.3
ORD-106467,2026-07-28,Jawa Timur,Online,C02269,Retail,SYS-ONLINE,Printer & Tinta,Printer InkJet P200,2,0.3,Completed,2100000.0,2940000.0,3365600.0
ORD-106468,2026-07-28,Jawa Timur,Online,C00473,Retail,SYS-ONLINE,Networking,Switch 8 Port S8,3,0.1,Completed,450000.0,1215000.0,895500.0
ORD-106469,2026-07-28,Jakarta,Online,C01908,Retail,SYS-ONLINE,Aksesoris,Keyboard Mekanik K7,4,0.15,Completed,650000.0,2210000.0,1585200.0
ORD-106470,28/07/2026,Jakarta,Offline,C01245,UMKM,SR03,Printer & Tinta,Printer InkJet P200,3,0.0,Completed,2100.0,6300.0,5133.9
ORD-106471,28/07/2026,Jakarta,Offline,C00042,UMKM,SR03,Peralatan Kantor,Kertas A4 80gsm (rim),5,0.0,Completed,55.0,275.0,187.5
ORD-106472,28/07/2026,JKT ,Offline,C01055,Retail,SR02,Peralatan Kantor,Kursi Ergonomis E1,4,0.0,Completed,1900.0,7600.0,5223.2
ORD-106473,2026-07-29,Jawa Timur,Online,C02017,Retail,SYS-ONLINE,Aksesoris,Mouse Wireless M20,1,0.1,Completed,180000.0,162000.0,104500.0
ORD-106474,29/07/2026,Jakarta,Offline,C00732,Retail,SR01,Aksesoris,Mouse Wireless M20,3,0.05,Completed,180.0,513.0,316.2
ORD-106475,29/07/2026,Sumatera,Offline,C01338,UMKM,SR10,Printer & Tinta,Tinta Botol Set CMYK,3,0.0,Completed,280.0,840.0,494.1
ORD-106476,29/07/2026,Sumatera,Offline,C00592,UMKM,SR11,Smartphone,Smartphone Lumo X,4,0.0,Completed,5500.0,22000.0,19086.4
ORD-106477,29/07/2026,Jawa Barat,Offline,C00803,UMKM,SR05,Laptop,Laptop Axio 14,4,0.0,Completed,8500.0,34000.0,30514.4
ORD-106478,2026-07-29,Jawa Timur,Online,C00525,Retail,SYS-ONLINE,Laptop,Laptop Axio 14,1,0.1,Completed,8500000.0,7650000.0,7516600.0
ORD-106479,29/07/2026,Jawa Barat,Offline,C00172,UMKM,SR05,Aksesoris,Mouse Wireless M20,11,0.0,Completed,180.0,1980.0,1144.0
ORD-106480,29/07/2026,Sumatera,Offline,C00783,UMKM,SR10,Peralatan Kantor,Kertas A4 80gsm (rim),8,0.05,Completed,55.0,418.0,304.0
ORD-106481,29/07/2026,Jakarta,Offline,C02025,UMKM,SR02,Laptop,Laptop Axio 14,5,0.0,Completed,8500.0,42500.0,38168.0
ORD-106482,29/07/2026,Jakarta,Offline,C01253,Retail,SR02,aksesoris ,Power Bank 20000mAh,5,0.0,Completed,320.0,1600.0,1000.0
ORD-106483,2026-07-29,Jatim,Online,C01945,Retail,SYS-ONLINE,Printer & Tinta,Printer InkJet P200,1,0.0,Completed,2100000.0,2100000.0,1700500.0
ORD-106484,2026-07-29,Jawa Timur,Online,C00715,UMKM,SYS-ONLINE,Smartphone,Smartphone Lumo X,1,0.0,Completed,5500000.0,5500000.0,4768200.0
ORD-106485,2026-07-30,Jawa Timur,Online,C00034,Retail,SYS-ONLINE,Peralatan Kantor,Kertas A4 80gsm (rim),3,0.05,Completed,55000.0,156750.0,114600.0
ORD-106486,2026-07-30,Jawa Timur,Online,C01013,Retail,SYS-ONLINE,Aksesoris,Power Bank 20000mAh,4,0.3,Completed,320000.0,896000.0,803600.0
ORD-106487,30/07/2026,Sulawesi,Offline,C02310,UMKM,SR16,Laptop,Laptop Axio 14,4,0.0,Completed,8500.0,34000.0,30254.0
ORD-106488,2026-07-30,Sumatera,Online,C00198,UMKM,SYS-ONLINE,Smartphone,Smartphone Lumo A5,5,0.1,Completed,2800000.0,12600000.0,12010500.0
ORD-106489,2026-07-30,Sumatera,Online,C02157,Retail,SYS-ONLINE,Aksesoris,Headset USB H3,2,0.3,Completed,350000.0,490000.0,417200.0
ORD-106490,2026-07-30,Jawa Timur,Online,C02399,Retail,SYS-ONLINE,Peralatan Kantor,Kertas A4 80gsm (rim),1,0.2,Completed,55000.0,44000.0,38200.0
ORD-106491,30/07/2026,Sumatra,Offline,C00950,Retail,SR12,Aksesoris,Keyboard Mekanik K7,5,0.0,Completed,650.0,3250.0,2024.0
ORD-106492,2026-07-30,Sumatera,Online,K0138,Korporat,SYS-ONLINE,Aksesoris,Power Bank 20000mAh,46,0.05,Completed,320000.0,13984000.0,9154000.0
ORD-106492,2026-07-30,Sumatera,Online,K0138,Korporat,SYS-ONLINE,Aksesoris,Power Bank 20000mAh,46,0.05,Completed,320000.0,13984000.0,9154000.0
ORD-106493,2026-07-30,Jawa Timur,Online,C01187,Retail,SYS-ONLINE,Aksesoris,Mouse Wireless M20,5,0.0,Completed,180000.0,900000.0,519000.0
ORD-106494,30/07/2026,Jakarta,Offline,C02082,Retail,SR03,Aksesoris,Mouse Wireless M20,4,0.0,Completed,180.0,720.0,414.8
ORD-106495,2026-07-30,Jabar,Online,C02179,UMKM,SYS-ONLINE,HP,Smartphone Lumo X,2,0.3,Completed,5500000.0,7700000.0,9577800.0
ORD-106496,31/07/2026,Kalimantan,Offline,C01397,UMKM,SR13,Printer & Tinta,Printer InkJet P200,2,0.0,Completed,2100.0,4200.0,3400.2
ORD-106497,2026-07-31,Sulawesi,ONLINE,C02223,Retail,SYS-ONLINE,Laptop,Laptop Axio 14,1,0.05,Completed,8500000.0,8075000.0,7704800.0
ORD-106498,31/07/2026,Jakarta,Offline,C00286,Retail,SR03,Laptop,Laptop Veno 13,1,0.0,Completed,6200.0,6200.0,5614.3
ORD-106499,2026-07-31,Sumatera,Online,C01648,Retail,SYS-ONLINE,Laptop,Laptop Axio 14,1,0.05,Completed,8500000.0,8075000.0,7676900.0
ORD-106500,31/07/2026,Jawa Barat,Offline,K0068,Korporat,SR04,Aksesoris,Headset USB H3,48,0.0,Completed,350.0,16800.0,10185.6
ORD-106501,31/07/2026,Jawa Timur,Offline,C01365,Retail,SR07,Aksesoris,Mouse Wireless M20,1,0.0,Completed,180.0,180.0,105.8
ORD-106502,2026-07-31,Jakarta,Online,C02337,Retail,SYS-ONLINE,Smartphone,Smartphone Lumo X,2,0.05,Completed,5500000.0,10450000.0,9681400.0
ORD-106503,31/07/2026,Jakarta,Offline,C02099,Retail,SR02,Aksesoris,Headset USB H3,4,0.05,Completed,350.0,1330.0,831.2
ORD-106504,31/07/2026,Jakarta,Offline,K0035,Korporat,SR02,LAPTOP,Laptop Axio Pro 15,6,0.0,Completed,13000.0,78000.0,70718.4
ORD-106505,31/07/2026,Jakarta,Offline,C02044,Retail,SR02,Aksesoris,Mouse Wireless M20,4,0.0,Completed,180.0,720.0,414.0
ORD-106506,2026-07-31,Sumatera,Online,C01551,Retail,SYS-ONLINE,Printer & Tinta,Printer InkJet P200,2,0.0,Completed,2100000.0,4200000.0,3352600.0
ORD-106507,31/07/2026,Sumatra,Offline,C01433,UMKM,SR11,Networking,Switch 8 Port S8,8,0.0,Completed,450.0,3600.0,
ORD-106508,2026-07-31,Jawa Timur,Online,C01300,UMKM,SYS-ONLINE,networking,Router WiFi 6 R600,7,0.05,Completed,1200000.0,7980000.0,
ORD-106509,2026-07-31,Jatim,Online,C01975,Retail,SYS-ONLINE,Smartphone,Smartphone Lumo X,1,0.25,Completed,5500000.0,4125000.0,4859700.0
ORD-106510,31/07/2026,Jawa Timur,Offline,C01311,Retail,SR09,Networking,Router WiFi 6 R600,3,0.2,Completed,1200.0,2880.0,
ORD-106511,2026-07-31,SULAWESI,Online,C01115,Retail,SYS-ONLINE,Networking,Switch 8 Port S8,2,0.05,Completed,450000.0,855000.0,
ORD-106512,2026-07-31,Jawa Barat,Online,C02396,UMKM,SYS-ONLINE,Peralatan Kantor,Kursi Ergonomis E1,8,0.05,Completed,1900000.0,14440000.0,10508000.0
ORD-106513,2026-07-31,Jawa Barat,Online,C01687,Retail,SYS-ONLINE,Printer & Tinta,Tinta Botol Set CMYK,2,0.1,Completed,280000.0,504000.0,326600.0
RET-106400,31/07/2026,JKT ,Offline,C01016,Retail,SR02,Laptop,Laptop Axio 14,-2,0.0,Returned,8500.0,-17000.0,-15124.8
ORD-104518,2026-01-08,Jawa Timur,Online,C01322,UMKM,SYS-ONLINE,Smartphone,Smartphone Lumo X,4,0.05,Completed,5500000.0,20900000.0,18986400.0
ORD-104519,2026-01-08,Jawa Timur,Online,K0074,Korporat,SYS-ONLINE,Laptop,Laptop Axio Pro 15,2,0.05,Completed,13000000.0,24700000.0,23195400.0
ORD-104520,2026-01-08,Sumatra,Offline,C00462,Retail,SR10,Networking,Router WiFi 6 R600,1,0.05,Completed,1200000.0,1140000.0,847400.0
ORD-104521,2026-01-08,Jawa Timur,Offline,K0108,Korporat,SR08,Aksesoris,Mouse Wireless M20,15,0.25,Cancelled,180000.0,2025000.0,1558500.0
ORD-104522,2026-01-08,Jawa Timur,Offline,C00148,UMKM,SR07,Smartphone,Smartphone Lumo A5,2,0.0,Completed,2800000.0,5600000.0,4813000.0
ORD-104523,2026-01-08,Sumatera,Offline,C00148,Retail,SR10,Laptop,Laptop Veno 13,1,0.05,Completed,6200000.0,5890000.0,5607100.0
ORD-104524,2026-01-08,Jawa Barat,Offline,C00055,Retail,SR05,Aksesoris,Mouse Wireless M20,4,0.1,Completed,180000.0,648000.0,422800.0
ORD-104525,2026-01-08,JKT ,Online,K0091,Korporat,SYS-ONLINE,Aksesoris,Mouse Wireless M20,5,0.05,Completed,180000.0,855000.0,519000.0
ORD-104526,2026-01-08,Sumatera,Online,C02232,Retail,SYS-ONLINE,Laptop,Laptop Axio 14,1,0.0,Completed,8500000.0,8500000.0,7635200.0
ORD-104527,2026-01-08,Sumatra,Online,C00686,UMKM,SYS-ONLINE,Peralatan Kantor,Kertas A4 80gsm (rim),8,0.05,Completed,55000.0,418000.0,306400.0
ORD-104528,2026-01-08,Sulawesi,Online,C00034,Retail,SYS-ONLINE,Peralatan Kantor,Kertas A4 80gsm (rim),1,0.1,Completed,55000.0,49500.0,38200.0
ORD-104529,2026-01-08,Jakarta,Offline,C01194,Retail,SR01,Aksesoris,Power Bank 20000mAh,1,0.1,Completed,320000.0,288000.0,202500.0
ORD-104530,2026-01-08,Jawa Barat,Offline,C00474,Retail,SR04,Printer & Tinta,Tinta Botol Set CMYK,2,0.1,Completed,280000.0,504000.0,325200.0
ORD-104531,2026-01-08,SULAWESI,Offline,K0174,Korporat,SR16,Aksesoris,Keyboard Mekanik K7,30,0.0,Completed,650000.0,19500000.0,11955000.0
ORD-104532,2026-01-08,Jakarta,Offline,C01879,Retail,SR01,Networking,Router WiFi 6 R600,3,0.0,Completed,1200000.0,3600000.0,
ORD-104532,2026-01-08,Jakarta,Offline,C01879,Retail,SR01,Networking,Router WiFi 6 R600,3,0.0,Completed,1200000.0,3600000.0,
ORD-106515,01/08/2026,Jawa Barat,Offline,C01538,Retail,SR06,HP,Smartphone Lumo A5,1,0.0,Completed,2800.0,2800.0,2442.5
ORD-106516,01/08/2026,Jakarta,Offline,C00313,UMKM,SR02,Aksesori,Mouse Wireless M20,2,0.05,Completed,180.0,342.0,211.8
ORD-106519,01/08/2026,Jawa Barat,Offline,K0077,Korporat,SR05,Smartphone,Smartphone Lumo X,8,0.05,Completed,5500.0,41800.0,38714.4
ORD-106522,01/08/2026,Jawa barat ,Offline,C01186,Retail,SR04,Aksesoris,Power Bank 20000mAh,3,0.0,Completed,320.0,960.0,594.3
ORD-106523,01/08/2026,Jawa Timur,Offline,C01943,UMKM,SR07,Printer & Tinta,Printer InkJet P200,2,5.0,Cancelled,2100.0,3990.0,3390.2
ORD-106524,01/08/2026,Jawa Timur,Offline,C01068,UMKM,SR08,Peralatan Kantor,Kursi Ergonomis E1,8,0.3,Completed,1900.0,10640.0,10250.4
ORD-106524,01/08/2026,Jawa Timur,Offline,C01068,UMKM,SR08,Peralatan Kantor,Kursi Ergonomis E1,8,0.3,Completed,1900.0,10640.0,10250.4
ORD-106525,01/08/2026,Sumatera,Offline,C02357,Retail,SR12,Smartphone,Smartphone Lumo X,2,0.0,Completed,5500.0,11000.0,9471.4
ORD-104796,2026-02-08,Jawa Barat,Offline,C00031,UMKM,SR04,Laptop,Laptop Axio Pro 15,4,0.0,Completed,13000000.0,52000000.0,46777200.0
ORD-104797,2026-02-08,Jawa Barat,Online,C00329,Retail,SYS-ONLINE,Laptop,Laptop Axio Pro 15,2,0.0,Completed,13000000.0,26000000.0,23172400.0
ORD-104798,2026-02-08,Jakarta,Offline,C01505,Retail,SR02,Smartphone,Smartphone Lumo A5,2,0.0,Completed,2800000.0,5600000.0,4846000.0
ORD-104799,2026-02-08,Sumatera,Online,C01688,Retail,SYS-ONLINE,smartphone,Smartphone Lumo A5,1,0.25,Completed,2800000.0,2100000.0,2462500.0
ORD-104800,2026-02-08,Jakarta,Online,K0114,Korporat,SYS-ONLINE,Peralatan Kantor,Kertas A4 80gsm (rim),13,0.1,Completed,55000.0,643500.0,490100.0
ORD-104801,2026-02-08,,Online,C00330,UMKM,SYS-ONLINE,Printer & Tinta,Tinta Botol Set CMYK,4,0.1,Completed,280000.0,1008000.0,665200.0
ORD-104802,2026-02-08,Kalimantan,Offline,K0167,Korporat,SR13,Aksesoris,Power Bank 20000mAh,17,0.1,Completed,320000.0,4896000.0,3349000.0
ORD-104803,2026-02-08,Jawa Timur,E-Commerce,C00044,Retail,SYS-ONLINE,Laptop,Laptop Axio 14,1,0.05,Completed,8500000.0,8075000.0,7523600.0
ORD-104803,2026-02-08,Jawa Timur,E-Commerce,C00044,Retail,SYS-ONLINE,Laptop,Laptop Axio 14,1,0.05,Completed,8500000.0,8075000.0,7523600.0
ORD-104804,2026-02-08,SULAWESI,Online,C01949,UMKM,SYS-ONLINE,Laptop,Laptop Axio Pro 15,5,0.1,Completed,13000000.0,58500000.0,57412500.0
ORD-104805,2026-02-08,Jakarta,Online,C00685,Retail,SYS-ONLINE,Laptop,Laptop Axio 14,1,0.25,Completed,8500000.0,6375000.0,7623600.0
ORD-106526,02/08/2026,Jawa Timur,Offline,C00102,Retail,SR08,Smartphone,Smartphone Lumo X,1,0.0,Completed,5500.0,5500.0,4762.8
ORD-106527,02/08/2026,Jawa Barat,Offline,C00091,UMKM,SR06,Smartphone,Smartphone Lumo A5,1,0.05,Completed,2800.0,2660.0,2405.1
ORD-106528,02/08/2026,Kalimantan,Offline,K0144,Korporat,SR15,Peralatan kantor,Kursi Ergonomis E1,23,0.0,Completed,1900.0,43700.0,30316.3
ORD-106530,02/08/2026,Jawa Timur,Offline,C01314,UMKM,SR07,Networking,Router WiFi 6 R600,3,20.0,Completed,1200.0,2880.0,
ORD-106531,02/08/2026,Jakarta,Offline,C00552,UMKM,SR02,Laptop,Laptop Axio 14,2,0.05,Completed,8500.0,16150.0,15254.8
ORD-106532,02/08/2026,Jakarta,Offline,C00610,UMKM,SR02,Peralatan Kantor,Kertas A4 80gsm (rim),2,0.05,Completed,55.0,104.5,75.4
ORD-106533,02/08/2026,Jakarta,Offline,K0150,Korporat,SR01,Aksesoris,Headset USB H3,22,0.05,Completed,350.0,7315.0,4626.6
ORD-106534,02/08/2026,Jabar,Offline,C02184,Retail,SR04,Aksesoris,Keyboard Mekanik K7,5,0.0,Completed,650.0,3250.0,1976.5
ORD-106535,02/08/2026,Jakarta,Offline,C00615,UMKM,SR01,Aksesoris,Keyboard Mekanik K7,12,0.05,Completed,650.0,7410.0,4790.4
ORD-105083,2026-03-08,jawa timur,Offline,C00839,Retail,SR08,Aksesoris,Power Bank 20000mAh,5,0.2,Completed,320000.0,1280000.0,1010500.0
ORD-105084,2026-03-08,Jawa Timur,Offline,C00457,Retail,SR07,Smartphone,Smartphone Lumo A5,1,5.0,Completed,2800000.0,2660000.0,2437100.0
ORD-105085,2026-03-08,Jakarta,Online,C01527,UMKM,SYS-ONLINE,Printer & Tinta,Printer InkJet P200,4,0.3,Completed,2100000.0,5880000.0,6811600.0
ORD-105086,2026-03-08,Jawa Timur,Offline,C01259,Retail,SR08,Laptop,Laptop Axio 14,2,0.0,Completed,8500000.0,17000000.0,15006000.0
ORD-105087,2026-03-08,Jakarta,Offline,C01874,Retail,SR02,Laptop,Laptop Veno 13,1,0.0,Completed,6200000.0,6200000.0,5549100.0
ORD-105088,2026-03-08,Jakarta,Offline,C00067,Retail,SR01,Smartphone,Smartphone Lumo A5,1,0.0,Completed,2800000.0,2800000.0,2402800.0
ORD-105089,2026-03-08,Jawa Timur,Online,C01095,UMKM,SYS-ONLINE,Peralatan Kantor,Kertas A4 80gsm (rim),12,0.05,Completed,55000.0,627000.0,462000.0
ORD-105090,2026-03-08,jawa timur,Online,C00896,Retail,SYS-ONLINE,Peralatan Kantor,Kertas A4 80gsm (rim),3,0.3,Completed,55000.0,115500.0,112800.0
ORD-105091,2026-03-08,Jawa Barat,ONLINE,K0022,Korporat,SYS-ONLINE,Laptop,Laptop Veno 13,6,0.1,Completed,6200000.0,33480000.0,33478200.0
ORD-105092,2026-03-08,Jawa Barat,Online,C01731,UMKM,SYS-ONLINE,Laptop,Laptop Veno 13,3,0.1,Completed,6200000.0,16740000.0,16454700.0
ORD-105093,2026-03-08,,Online,C00910,Retail,SYS-ONLINE,Printer & Tinta,Tinta Botol Set CMYK,2,0.2,Completed,280000.0,448000.0,332400.0
ORD-105094,2026-03-08,Sumatera,Offline,C00358,Retail,SR11,Laptop,Laptop Axio Pro 15,1,0.0,Completed,13000000.0,13000000.0,11731400.0
ORD-105095,2026-03-08,Jakarta,Online,C01073,Retail,SYS-ONLINE,Peralatan Kantor,Kursi Ergonomis E1,4,0.15,Completed,1900000.0,6460000.0,5246000.0
ORD-105096,2026-03-08,Jawa Barat,Offline,C00044,Retail,SR04,Laptop,Laptop Veno 13,1,0.05,Completed,6200000.0,5890000.0,5486000.0
ORD-106536,03/08/2026,Jawa Barat,Offline,C01874,Retail,SR05,Peralatan Kantor,Kertas A4 80gsm (rim),5,0.0,Completed,55.0,275.0,192.5
ORD-106537,03/08/2026,Kalimantan,Offline,C00505,UMKM,SR13,Peralatan Kantor,Kertas A4 80gsm (rim),12,0.0,Completed,55.0,660.0,454.8
ORD-106537,03/08/2026,Kalimantan,Offline,C00505,UMKM,SR13,Peralatan Kantor,Kertas A4 80gsm (rim),12,0.0,Completed,55.0,660.0,454.8
ORD-106538,03/08/2026,Sumatera,Offline,C00795,UMKM,SR10,Aksesoris,Mouse Wireless M20,12,0.0,Completed,180.0,2160.0,1256.4
ORD-106539,03/08/2026,Kalimantan,Offline,C01915,Retail,SR15,Aksesoris,Power Bank 20000mAh,2,0.0,Completed,320.0,640.0,397.2
ORD-106541,03/08/2026,Jawa Barat,Offline,C01468,Retail,SR06,Printer & Tinta,Tinta Botol Set CMYK,1,0.1,Completed,280.0,252.0,162.8
ORD-105474,2026-04-08,Sumatera,Online,C00269,Retail,SYS-ONLINE,Laptop,Laptop Axio Pro 15,2,0.05,Completed,13000000.0,24700000.0,23624600.0
ORD-105475,2026-04-08,Sumatera,Online,C01604,UMKM,SYS-ONLINE,Laptop,Laptop Axio Pro 15,5,0.05,Completed,13000000.0,61750000.0,58489000.0
ORD-106543,04/08/2026,Kalimantan,Offline,C02333,Retail,SR14,ATK,Kertas A4 80gsm (rim),2,0.0,Completed,55.0,110.0,76.8
ORD-105693,2026-05-08,Kalimantan,Online,C00456,Retail,SYS-ONLINE,Aksesoris,Headset USB H3,4,0.15,Completed,350000.0,1190000.0,843600.0
ORD-105698,2026-05-08,Jawa Barat,Online,C02353,Retail,SYS-ONLINE,Aksesoris,Headset USB H3,5,0.05,Completed,350000.0,1662500.0,1048500.0
ORD-105700,2026-05-08,Jawa Barat,Online,C01310,Retail,SYS-ONLINE,Smartphone,Smartphone Lumo A5,1,0.25,Completed,2800000.0,2100000.0,2409500.0
ORD-106550,05/08/2026,Sumatera,Offline,C00549,UMKM,SR12,Smartphone,Smartphone Lumo X,2,0.0,Completed,5500.0,11000.0,9683.4
ORD-106551,05/08/2026,Sulawesi,Offline,K0070,Korporat,SR17,Smartphone,Smartphone Lumo A5,2,0.0,Completed,2800.0,5600.0,4884.2
ORD-106553,05/08/2026,Sumatera,Offline,C00448,Retail,SR12,Aksesoris,Keyboard Mekanik K7,3,0.1,Completed,650.0,1755.0,1205.7
ORD-106554,05/08/2026,Jawa Barat,Offline,C01395,Retail,SR04,Laptop,Laptop Axio Pro 15,1,0.0,Completed,13000.0,13000.0,11500.6
ORD-105955,2026-06-08,Jawa Timur,Online,K0140,Korporat,SYS-ONLINE,Smartphone,Smartphone Lumo A5,3,0.2,Completed,2800000.0,6720000.0,7291200.0
ORD-105957,2026-06-08,Jakarta,Online,C01378,Retail,SYS-ONLINE,Smartphone,Smartphone Lumo A5,2,0.2,Completed,2800000.0,4480000.0,4794800.0
ORD-105959,2026-06-08,Jabar,Online,C01608,UMKM,SYS-ONLINE,Peralatan Kantor,Kertas A4 80gsm (rim),11,0.3,Completed,55000.0,423500.0,412500.0
ORD-105960,2026-06-08,Jawa Barat,Online,K0175,Korporat,SYS-ONLINE,Printer & Tinta,Tinta Botol Set CMYK,3,0.05,Completed,280000.0,798000.0,500400.0
ORD-105961,2026-06-08,Jawa Barat,Online,C00493,Retail,SYS-ONLINE,Laptop,Laptop Axio Pro 15,2,0.1,Completed,13000000.0,23400000.0,23500600.0
ORD-105963,2026-06-08,Jawa Barat,Online,C01541,Retail,SYS-ONLINE,Laptop,Laptop Veno 13,2,0.05,Completed,6200000.0,11780000.0,11196400.0
ORD-106555,06/08/2026,Jawa Barat,Offline,C02309,Retail,SR06,Printer & Tinta,Printer InkJet P200,1,0.0,Completed,2100.0,2100.0,1696.3
ORD-106556,06/08/2026,Sulawesi,Offline,C00905,Retail,SR17,Aksesoris,Mouse Wireless M20,5,0.0,Completed,180.0,900.0,529.5
ORD-106558,06/08/2026,Jawa Timur,Offline,C01592,UMKM,SR09,Peralatan Kantor,Kertas A4 80gsm (rim),10,0.05,Completed,55.0,522.5,379.0
ORD-106559,06/08/2026,Jawa Timur,Offline,K0034,Korporat,SR09,Smartphone,Smartphone Lumo X,9,0.05,Cancelled,5500.0,47025.0,
ORD-106561,06/08/2026,Jakarta,Offline,C01943,Retail,SR03,Smartphone,Smartphone Lumo A5,1,0.0,Completed,2800.0,2800.0,2426.5
ORD-106562,06/08/2026,DKI Jakarta,Offline,C01101,Retail,SR03,Networking,Router WiFi 6 R600,4,0.0,Cancelled,1200.0,4800.0,
ORD-106563,06/08/2026,Sulawesi,Offline,C01986,Retail,SR16,Peralatan Kantor,Kertas A4 80gsm (rim),3,0.0,Completed,55.0,165.0,114.3
ORD-106564,06/08/2026,Jawa Barat,Offline,C01784,Retail,SR04,Aksesoris,Power Bank 20000mAh,5,0.0,Completed,320.0,1600.0,985.0
ORD-106565,06/08/2026,Jawa Timur,Offline,C01475,Retail,SR07,Laptop,Laptop Veno 13,2,5.0,Completed,6200.0,11780.0,11101.6
ORD-106260,2026-07-08,Jakarta,Online,C00651,Retail,SYS-ONLINE,Smartphone,Smartphone Lumo X,1,0.15,Completed,5500000.0,4675000.0,4802300.0
ORD-106261,2026-07-08,Jakarta,Online,C01935,Retail,SYS-ONLINE,Laptop,Laptop Veno 13,1,0.05,Completed,6200000.0,5890000.0,5523500.0
ORD-106263,2026-07-08,Jakarta,Online,K0087,Korporat,SYS-ONLINE,Peralatan Kantor,Kertas A4 80gsm (rim),38,0.2,Completed,55000.0,1672000.0,1447800.0
ORD-106264,2026-07-08,Jakarta,Online,C00766,Retail,SYS-ONLINE,Aksesoris,Keyboard Mekanik K7,3,0.0,Completed,650000.0,1950000.0,1183800.0
ORD-106268,2026-07-08,Jawa Timur,Online,K0038,Korporat,SYS-ONLINE,Smartphone,Smartphone Lumo A5,3,0.0,Completed,2800000.0,8400000.0,7254900.0
ORD-106269,2026-07-08,Jawa Barat,Online,C00108,Retail,SYS-ONLINE,Laptop,Laptop Axio 14,2,0.0,Completed,8500000.0,17000000.0,15255600.0
ORD-106272,2026-07-08,,Online,C00360,Retail,SYS-ONLINE,Aksesoris,Mouse Wireless M20,4,0.15,Completed,180000.0,612000.0,414800.0
ORD-106566,07/08/2026,Jakarta,Offline,C01345,UMKM,SR02,Networking,Router WiFi 6 R600,12,0.0,Completed,1200.0,14400.0,10048.8
ORD-106567,07/08/2026,Jakarta,Offline,C02237,UMKM,SR01,Printer & Tinta,Tinta Botol Set CMYK,1,0.0,Completed,280.0,280.0,166.8
ORD-106571,07/08/2026,Kalimantan,Offline,C02361,Retail,SR14,Laptop,Laptop Axio 14,2,0.05,Completed,8500.0,16150.0,14998.2
ORD-106572,07/08/2026,Jakarta,Offline,C00376,Retail,SR03,Aksesoris,Power Bank 20000mAh,4,0.0,Completed,320.0,1280.0,788.4
ORD-106573,07/08/2026,Jawa Barat,Offline,C00767,Retail,SR05,Smartphone,Smartphone Lumo X,2,0.1,Completed,5500.0,9900.0,9730.6
ORD-106969,2026-07-08,Jawa Barat,Online,C00108,Retail,SYS-ONLINE,Laptop,Laptop Axio 14,2,0.0,Completed,8500000.0,17000000.0,15341200.0
ORD-106574,08/08/2026,Kalimantan,Offline,C01525,UMKM,SR15,Laptop,Laptop Axio 14,3,5.0,Completed,8500.0,24225.0,22458.9
ORD-106575,08/08/2026,Sumatra,Offline,C00965,Retail,SR11,Laptop,Laptop Axio 14,2,0.0,Completed,8500.0,17000.0,15355.0
ORD-106576,08/08/2026,Jawa Barat,Offline,C02357,Retail,SR05,Networking,Switch 8 Port S8,4,0.0,Completed,450.0,1800.0,
ORD-106577,2026-08-08,Kalimantan,Online,C01956,Retail,SYS-ONLINE,Aksesoris,Mouse Wireless M20,4,0.05,Completed,180000.0,684000.0,421200.0
ORD-106578,08/08/2026,Jakarta,Offline,C02368,Retail,SR01,Networking,Switch 8 Port S8,2,0.05,Completed,450.0,855.0,
ORD-106579,08/08/2026,Sumatera,Offline,C01703,UMKM,SR11,Aksesoris,Keyboard Mekanik K7,5,5.0,Completed,650.0,3087.5,1972.0
ORD-106580,08/08/2026,Jakarta,Offline,C00681,Retail,SR01,Peralatan Kantor,Kertas A4 80gsm (rim),4,0.1,Completed,55.0,198.0,152.0
ORD-106581,08/08/2026,Jakarta,Offline,C00187,Retail,SR02,Aksesoris,Headset USB H3,3,0.0,Completed,350.0,1050.0,627.6
ORD-106582,2026-08-08,Jawa Barat,Online,C01688,Retail,SYS-ONLINE,Aksesoris,Keyboard Mekanik K7,2,0.0,Completed,650000.0,1300000.0,802000.0
ORD-106583,2026-08-08,Sulawesi,Online,C01356,Retail,SYS-ONLINE,Laptop,Laptop Axio 14,2,0.05,Completed,8500000.0,16150000.0,15280600.0
ORD-106584,08/08/2026,Jakarta,Offline,C00550,Retail,SR03,Laptop,Laptop Veno 13,1,0.0,Completed,6200.0,6200.0,5567.7
ORD-106585,08/08/2026,Jawa Barat,Offline,C00987,UMKM,SR06,Aksesoris,Headset USB H3,3,0.1,Completed,350.0,945.0,626.4
ORD-106586,08/08/2026,Jawa Timur,Offline,C02345,Retail,SR07,Laptop,Laptop Veno 13,2,0.0,Completed,6200.0,12400.0,11101.4
ORD-106588,09/08/2026,Sumatera,Offline,C00697,UMKM,SR10,Smartphone,Smartphone Lumo X,1,0.0,Completed,5500.0,5500.0,4801.0
ORD-106590,09/08/2026,Jawa Timur,Offline,C00657,UMKM,SR07,Laptop,Laptop Axio 14,1,5.0,Completed,8500.0,8075.0,7638.1
ORD-106591,09/08/2026,Jawa Barat,Offline,C00116,Retail,SR06,Aksesoris,Keyboard Mekanik K7,2,0.05,Completed,650.0,1235.0,791.6
ORD-106876,2026-09-08,Sumatera,Online,C00407,Retail,SYS-ONLINE,Peralatan Kantor,Kertas A4 80gsm (rim),1,0.1,Completed,55000.0,49500.0,37700.0
ORD-106879,2026-09-08,,Online,K0121,Korporat,SYS-ONLINE,Smartphone,Smartphone Lumo X,8,0.0,Completed,5500000.0,44000000.0,38444000.0
ORD-106883,2026-09-08,Jawa Timur,Online,C01722,Retail,SYS-ONLINE,Smartphone,Smartphone Lumo A5,2,0.05,Completed,2800000.0,5320000.0,4789800.0
ORD-106989,09/08/2026,Jawa Barat,Offline,C00116,Retail,SR06,Aksesoris,Keyboard Mekanik K7,2,0.05,Completed,650.0,1235.0,789.6
ORD-106592,10/08/2026,Jakarta,Offline,C02039,Retail,SR03,Laptop,Laptop Axio Pro 15,1,0.0,Completed,13000.0,13000.0,11490.4
ORD-106593,10/08/2026,Jawa Barat,Offline,C01522,UMKM,SR06,Printer & Tinta,Tinta Botol Set CMYK,4,0.0,Completed,280.0,1120.0,657.2
ORD-106594,10/08/2026,Jakarta,Offline,C01751,Retail,SR02,Laptop,Laptop Veno 13,1,0.0,Completed,6200.0,6200.0,5487.3
ORD-106596,10/08/2026,Jakarta,Offline,C02065,UMKM,SR02,Laptop,Laptop Veno 13,5,0.0,Completed,6200.0,31000.0,28031.0
ORD-106597,10/08/2026,Jakarta,Offline,C02066,Retail,SR03,Laptop,Laptop Axio Pro 15,1,0.0,Completed,13000.0,13000.0,11521.2
ORD-106598,10/08/2026,Sumatera,Offline,C00984,Retail,SR11,Laptop,Laptop Axio 14,2,0.0,Completed,8500.0,17000.0,15028.6
ORD-106599,10/08/2026,Jawa Timur,Offline,C02326,Retail,SR09,Networking,Switch 8 Port S8,4,0.0,Completed,450.0,1800.0,1186.0
ORD-106600,10/08/2026,Kalimantan,Offline,K0031,Korporat,SR14,Aksesoris,Power Bank 20000mAh,19,0.0,Completed,320.0,6080.0,3824.7
ORD-106602,10/08/2026,Sumatera,Offline,C00157,UMKM,SR10,Peralatan Kantor,Kursi Ergonomis E1,14,0.05,Completed,1900.0,25270.0,18163.6
ORD-106604,10/08/2026,Sulawesi,Offline,C01537,UMKM,SR17,Peralatan Kantor,Kursi Ergonomis E1,5,0.05,Completed,1900.0,9025.0,6509.0
ORD-106605,10/08/2026,Jawa Timur,Offline,C01606,UMKM,SR08,Peralatan Kantor,Kursi Ergonomis E1,6,0.25,Completed,1900.0,8550.0,7863.6
ORD-106606,11/08/2026,Sulawesi,Offline,C00290,Retail,SR16,Laptop,Laptop Axio Pro 15,2,0.0,Completed,13000.0,26000.0,23354.6
ORD-106608,11/08/2026,Jawa barat ,Offline,C01985,Retail,SR05,Smartphone,Smartphone Lumo A5,1,0.05,Completed,2800.0,2660.0,2438.7
ORD-106610,11/08/2026,kalimantan,Offline,C01784,UMKM,SR13,Peralatan Kantor,Kursi Ergonomis E1,9,0.1,Completed,1900.0,15390.0,11755.8
ORD-106614,11/08/2026,Jakarta,Offline,C00913,Retail,SR03,Aksesoris,Mouse Wireless M20,3,0.05,Completed,180.0,513.0,317.4
ORD-106615,12/08/2026,Kalimantan,Offline,C02103,Retail,SR14,Aksesoris,Keyboard Mekanik K7,2,0.0,Completed,650.0,1300.0,809.8
ORD-106618,12/08/2026,Jakarta,Offline,C01253,UMKM,SR02,Peralatan Kantor,Kursi Ergonomis E1,8,0.0,Completed,1900.0,15200.0,10452.0
ORD-106619,12/08/2026,Jakarta,Offline,C02073,Retail,SR03,Aksesoris,Mouse Wireless M20,5,0.05,Completed,180.0,855.0,530.5
ORD-106621,12/08/2026,Jawa Timur,Offline,C01952,UMKM,SR08,Smartphone,Smartphone Lumo A5,1,0.0,Completed,2800.0,2800.0,2425.9
ORD-106622,12/08/2026,Jawa Barat,Offline,C01576,Retail,SR06,Laptop,Laptop Axio 14,1,0.05,Completed,8500.0,8075.0,7525.9
ORD-106623,12/08/2026,Sumatera,Offline,C01878,Retail,SR11,Peralatan Kantor,Kertas A4 80gsm (rim),5,10.0,Completed,55.0,247.5,190.0
ORD-106624,12/08/2026,Sulawesi,Offline,K0007,Korporat,SR18,Smartphone,Smartphone Lumo X,2,0.0,Completed,5500.0,11000.0,9557.0
ORD-106625,12/08/2026,Jakarta,Offline,C00090,UMKM,SR03,Aksesoris,Headset USB H3,10,0.1,Completed,350.0,3150.0,2082.0
ORD-106626,2026-08-13,Jakarta,Online,C01864,UMKM,SYS-ONLINE,Aksesori,Mouse Wireless M20,5,0.25,Completed,180000.0,675000.0,527500.0
ORD-106627,2026-08-13,Jawa Barat,Online,C00785,Retail,SYS-ONLINE,Laptop,Laptop Veno 13,2,0.25,Completed,6200000.0,9300000.0,11105800.0
ORD-106628,13/08/2026,Jakarta,Offline,C00956,Retail,SR03,Printer & Tinta,Tinta Botol Set CMYK,1,0.05,Completed,280.0,266.0,162.9
ORD-106629,13/08/2026,Jawa Timur,Offline,C01628,Retail,SR09,Laptop,Laptop Axio Pro 15,2,0.0,Completed,13000.0,26000.0,23353.8
ORD-106630,13/08/2026,Jawa Timur,Offline,C01627,Retail,SR08,Aksesoris,Headset USB H3,1,0.0,Completed,350.0,350.0,209.5
ORD-106631,13/08/2026,Kalimantan,Offline,C01498,UMKM,SR13,Smartphone,Smartphone Lumo A5,4,0.0,Completed,2800.0,11200.0,9763.6
ORD-106632,13/08/2026,Sumatera,Offline,C00428,Retail,SR11,Peralatan Kantor,Kursi Ergonomis E1,1,5.0,Completed,1900.0,1805.0,1301.1
ORD-106633,13/08/2026,Jakarta,Offline,C01958,Retail,SR01,Networking,Router WiFi 6 R600,1,0.05,Completed,1200.0,1140.0,841.0
ORD-106634,14/08/2026,Jawa Timur,Offline,C01281,UMKM,SR09,aksesoris ,Power Bank 20000mAh,14,0.0,Completed,320.0,4480.0,2767.8
ORD-106635,14/08/2026,Jawa Timur,Offline,C01892,Retail,SR07,Peralatan Kantor,Kertas A4 80gsm (rim),5,5.0,Completed,55.0,261.25,188.5
ORD-106636,14/08/2026,Sumatera,Offline,C02160,Retail,SR11,Aksesoris,Headset USB H3,4,5.0,Completed,350.0,1330.0,849.6
ORD-106637,14/08/2026,Sumatera,Offline,C00867,Retail,SR12,Laptop,Laptop Veno 13,2,0.0,Completed,6200.0,12400.0,11192.0
ORD-106638,14/08/2026,Jawa Timur,Offline,C01279,Retail,SR09,Laptop,Laptop Veno 13,1,0.2,Completed,6200.0,4960.0,5594.4
ORD-106639,2026-08-14,,Online,C00913,Retail,SYS-ONLINE,Smartphone,Smartphone Lumo A5,1,0.0,Completed,2800000.0,2800000.0,2441400.0
ORD-106640,2026-08-14,Jakarta,Online,C01160,Retail,SYS-ONLINE,Networking,Switch 8 Port S8,3,0.25,Completed,450000.0,1012500.0,891600.0
ORD-106641,14/08/2026,Jawa Barat,Offline,C00627,Retail,SR06,laptop,Laptop Axio Pro 15,1,0.1,Completed,13000.0,11700.0,11614.4
ORD-106642,14/08/2026,Jawa Barat,Offline,C00203,Retail,SR04,Smartphone,Smartphone Lumo X,2,0.0,Completed,5500.0,11000.0,9640.2
ORD-106643,14/08/2026,Sulawesi,Offline,C01727,UMKM,SR17,Aksesoris,Power Bank 20000mAh,3,0.0,Completed,320.0,960.0,606.3
ORD-106644,2026-08-14,,Online,C02256,Retail,SYS-ONLINE,Printer & Tinta,Tinta Botol Set CMYK,1,0.0,Completed,280000.0,280000.0,164200.0
ORD-106645,2026-08-14,Kalimantan,Online,C01392,Retail,SYS-ONLINE,Networking,Switch 8 Port S8,5,0.25,Completed,450000.0,1687500.0,1478500.0
ORD-106646,14/08/2026,Jakarta,Offline,C00150,Retail,SR03,smartphone,Smartphone Lumo A5,2,0.0,Completed,2800.0,5600.0,4904.2
ORD-106647,15/08/2026,Jawa Timur,Offline,K0026,Korporat,SR08,Aksesoris,Power Bank 20000mAh,28,0.05,Completed,320.0,8512.0,5656.0
ORD-106648,2026-08-15,Jakarta,E-Commerce,C00160,UMKM,SYS-ONLINE,Peralatan Kantor,Kertas A4 80gsm (rim),8,0.0,Completed,55000.0,440000.0,300800.0
ORD-106649,15/08/2026,Jawa Timur,Offline,C01618,UMKM,SR09,Peralatan Kantor,Kursi Ergonomis E1,6,0.0,Completed,1900.0,11400.0,7903.8
ORD-106650,15/08/2026,Jawa Timur,Offline,C02305,Retail,SR09,Smartphone,Smartphone Lumo X,2,0.0,Completed,5500.0,11000.0,9706.2
ORD-106651,15/08/2026,Jawa Barat,Offline,C02234,Retail,SR05,Aksesoris,Mouse Wireless M20,1,0.0,Cancelled,180.0,180.0,105.4
ORD-106652,15/08/2026,Jabar,Offline,C02039,Retail,SR05,Smartphone,Smartphone Lumo X,2,0.0,Completed,5500.0,11000.0,9526.8
ORD-106653,2026-08-15,Kalimantan,Online,C00837,UMKM,SYS-ONLINE,Aksesoris,Headset USB H3,4,0.1,Completed,350000.0,1260000.0,847200.0
ORD-106654,15/08/2026,Jawa Timur,Offline,C01091,Retail,SR07,Peralatan Kantor,Kertas A4 80gsm (rim),5,30.0,Completed,55.0,192.5,188.5
ORD-106655,15/08/2026,Kalimantan,Offline,C01914,UMKM,SR14,Smartphone,Smartphone Lumo A5,3,0.0,Completed,2800.0,8400.0,7354.8
ORD-106656,2026-08-15,Jakarta,online,C00761,Retail,SYS-ONLINE,smartphone,Smartphone Lumo A5,1,0.15,Completed,2800000.0,2380000.0,2397900.0
ORD-106657,16/08/2026,Jakarta,Offline,C02040,UMKM,SR03,Aksesoris,Power Bank 20000mAh,3,0.0,Completed,320.0,960.0,601.2
ORD-106658,16/08/2026,Jawa Barat,Offline,C01710,Retail,SR06,Networking,Switch 8 Port S8,1,0.05,Completed,450.0,427.5,
ORD-106659,2026-08-16,Jawa Timur,Online,C00556,Retail,SYS-ONLINE,Smartphone,Smartphone Lumo A5,2,0.25,Completed,2800000.0,4200000.0,4895600.0
ORD-106660,2026-08-16,Jawa Timur,Online,C00573,Retail,SYS-ONLINE,Laptop,Laptop Veno 13,1,0.0,Completed,6200000.0,6200000.0,5526400.0
ORD-106661,2026-08-16,,Online,C00014,Retail,SYS-ONLINE,Smartphone,Smartphone Lumo X,1,0.0,Completed,5500000.0,5500000.0,4749000.0
ORD-106662,2026-08-16,Jakarta,Online,C02337,Retail,SYS-ONLINE,Smartphone,Smartphone Lumo A5,1,0.1,Completed,2800000.0,2520000.0,2416800.0
ORD-106663,16/08/2026,Jakarta,Offline,C01645,Retail,SR03,Aksesoris,Keyboard Mekanik K7,4,0.05,Completed,650.0,2470.0,1600.0
ORD-106664,16/08/2026,Kalimantan,Offline,C01653,Retail,SR13,Peralatan Kantor,Kertas A4 80gsm (rim),2,0.05,Completed,55.0,104.5,76.4
ORD-106665,16/08/2026,Sumatera,Offline,C01644,UMKM,SR10,Smartphone,Smartphone Lumo A5,3,0.0,Completed,2800.0,8400.0,7280.7
ORD-106666,17/08/2026,Jakarta,Offline,C01177,Retail,SR02,Printer & Tinta,Tinta Botol Set CMYK,2,0.0,Completed,280.0,560.0,325.6
ORD-106667,2026-08-17,Jakarta,Online,C01904,UMKM,SYS-ONLINE,Laptop,Laptop Veno 13,3,0.05,Completed,6200000.0,17670000.0,16680000.0
ORD-106668,17/08/2026,Sulawesi,Offline,C01759,UMKM,SR17,Networking,Router WiFi 6 R600,11,0.0,Cancelled,1200.0,13200.0,9412.7
ORD-106669,17/08/2026,Kalimantan,Offline,C00942,UMKM,SR15,Aksesoris,Mouse Wireless M20,11,0.0,Completed,180.0,1980.0,1139.6
ORD-106670,17/08/2026,Sumatra,Offline,C01155,UMKM,SR10,Aksesoris,Headset USB H3,10,0.1,Completed,350.0,3150.0,2072.0
ORD-106671,17/08/2026,Jawa Barat,Offline,C00577,Retail,SR05,Peralatan Kantor,Kursi Ergonomis E1,4,0.0,Completed,1900.0,7600.0,5173.2
ORD-106672,17/08/2026,Jawa Timur,Offline,C01630,Retail,SR07,Networking,Switch 8 Port S8,5,0.0,Completed,450.0,2250.0,
ORD-106673,2026-08-17,Sulawesi,Online,C02392,Retail,SYS-ONLINE,Smartphone,Smartphone Lumo X,1,0.05,Completed,5500000.0,5225000.0,4729700.0
ORD-106972,2026-08-17,Jakarta,Online,C01904,UMKM,SYS-ONLINE,Laptop,Laptop Veno 13,3,0.05,Completed,6200000.0,17670000.0,16726200.0
ORD-106990,17/08/2026,Jawa Barat,Offline,C00577,Retail,SR05,Peralatan Kantor,Kursi Ergonomis E1,4,0.0,Completed,1900.0,7600.0,5170.8
ORD-106674,2026-08-18,Sumatera,Online,C02067,Retail,SYS-ONLINE,Printer & Tinta,Tinta Botol Set CMYK,2,0.25,Completed,280000.0,420000.0,333600.0
ORD-106675,2026-08-18,jakarta,ONLINE,K0104,Korporat,SYS-ONLINE,Printer & Tinta,Tinta Botol Set CMYK,6,0.1,Completed,280000.0,1512000.0,1003800.0
ORD-106676,18/08/2026,Sulawesi,Offline,K0114,Korporat,SR18,Peralatan Kantor,Kertas A4 80gsm (rim),12,0.0,Completed,55.0,660.0,460.8
ORD-106677,18/08/2026,Jawa Barat,Offline,C01977,Retail,SR04,Aksesoris,Keyboard Mekanik K7,4,0.05,Completed,650.0,2470.0,1622.8
ORD-106678,2026-08-18,Jakarta,Online,C00397,Retail,SYS-ONLINE,aksesoris ,Mouse Wireless M20,5,0.2,Completed,180000.0,720000.0,519000.0
ORD-106679,2026-08-18,Jawa Barat,Online,C00507,UMKM,SYS-ONLINE,Laptop,Laptop Veno 13,4,0.0,Completed,6200000.0,24800000.0,22138400.0
ORD-106680,18/08/2026,Jakarta,Offline,C01043,Retail,SR01,Printer & Tinta,Tinta Botol Set CMYK,2,0.1,Completed,280.0,504.0,325.0
ORD-106681,18/08/2026,Sumatera,Offline,C01374,Retail,SR10,Smartphone,Smartphone Lumo A5,2,0.1,Completed,2800.0,5040.0,4895.6
ORD-106682,18/08/2026,Sumatera,Offline,C00266,Retail,SR11,Laptop,Laptop Axio 14,2,0.0,Completed,8500.0,17000.0,15374.4
ORD-106683,18/08/2026,SULAWESI,Offline,C01033,Retail,SR17,Aksesoris,Keyboard Mekanik K7,2,0.0,Completed,650.0,1300.0,811.6
ORD-106684,2026-08-18,Sulawesi,Online,C00739,Retail,SYS-ONLINE,Aksesoris,Keyboard Mekanik K7,5,0.05,Completed,650000.0,3087500.0,1977500.0
ORD-106685,19/08/2026,Jawa Barat,Offline,C00009,Retail,SR04,Networking,Router WiFi 6 R600,3,0.0,Completed,1200.0,3600.0,2521.5
ORD-106686,2026-08-19,Jawa Timur,Online,K0023,Korporat,SYS-ONLINE,Printer & Tinta,Tinta Botol Set CMYK,4,0.05,Completed,280000.0,1064000.0,665200.0
ORD-106687,2026-08-19,Jawa Timur,Online,K0028,Korporat,SYS-ONLINE,Smartphone,Smartphone Lumo X,2,0.3,Completed,5500000.0,7700000.0,9700800.0
ORD-106688,2026-08-19,Jawa Timur,Online,C00944,UMKM,SYS-ONLINE,Peralatan Kantor,Kursi Ergonomis E1,10,0.2,Completed,1900000.0,15200000.0,12959000.0
ORD-106689,19/08/2026,Jakarta,Offline,C00826,Retail,SR02,HP,Smartphone Lumo A5,1,0.05,Completed,2800.0,2660.0,2450.1
ORD-106690,2026-08-19,DKI Jakarta,Online,C01911,UMKM,SYS-ONLINE,Printer & Tinta,Printer InkJet P200,3,0.25,Completed,2100000.0,4725000.0,5100300.0
ORD-106691,2026-08-19,DKI Jakarta,Online,C00302,Retail,SYS-ONLINE,Aksesoris,Keyboard Mekanik K7,1,0.1,Completed,650000.0,585000.0,395100.0
ORD-106692,19/08/2026,Jakarta,Offline,C00442,Retail,SR02,Printer & Tinta,Printer InkJet P200,2,0.05,Completed,2100.0,3990.0,3398.8
ORD-106693,19/08/2026,Jakarta,Offline,C00129,UMKM,SR01,Printer & Tinta,Tinta Botol Set CMYK,5,0.05,Completed,280.0,1330.0,821.0
ORD-106694,20/08/2026,Sumatera,Offline,C01923,Retail,SR11,Smartphone,Smartphone Lumo A5,2,0.0,Completed,2800.0,5600.0,4885.8
ORD-106695,2026-08-20,Sumatera,Online,C01434,Retail,SYS-ONLINE,Aksesoris,Mouse Wireless M20,3,0.15,Completed,180000.0,459000.0,316500.0
ORD-106696,2026-08-20,Jawa Timur,Online,C01776,Retail,SYS-ONLINE,Aksesoris,Mouse Wireless M20,1,0.1,Completed,180000.0,162000.0,104400.0
ORD-106697,2026-08-20,Sulawesi,Online,C00542,Retail,SYS-ONLINE,Networking,Switch 8 Port S8,4,0.1,Completed,450000.0,1620000.0,
ORD-106698,20/08/2026,Jawa Barat,Offline,C01201,UMKM,SR05,Smartphone,Smartphone Lumo A5,2,0.0,Completed,2800.0,5600.0,4840.2
ORD-106699,2026-08-21,Jakarta,Online,C01847,UMKM,SYS-ONLINE,Smartphone,Smartphone Lumo A5,2,0.25,Cancelled,2800000.0,4200000.0,4912200.0
ORD-106700,2026-08-21,Kalimantan,Online,C01631,Retail,SYS-ONLINE,Peralatan Kantor,Kursi Ergonomis E1,2,0.05,Completed,1900000.0,3610000.0,2595600.0
ORD-106701,21/08/2026,kalimantan,Offline,C01367,Retail,SR14,Aksesoris,Keyboard Mekanik K7,2,0.0,Completed,650.0,1300.0,799.8
ORD-106702,21/08/2026,Jakarta,Offline,C02198,Retail,SR01,Peralatan Kantor,Kursi Ergonomis E1,3,0.0,Completed,1900.0,5700.0,3887.7
ORD-106703,21/08/2026,Jakarta,Offline,C02066,Retail,SR03,Peralatan Kantor,Kertas A4 80gsm (rim),2,0.0,Completed,55.0,110.0,75.0
ORD-106704,2026-08-21,Sulawesi,Online,C02334,Retail,SYS-ONLINE,Peralatan Kantor,Kursi Ergonomis E1,3,0.25,Completed,1900000.0,4275000.0,3901800.0
ORD-106705,2026-08-21,Sulawesi,Online,K0013,Korporat,SYS-ONLINE,Aksesoris,Power Bank 20000mAh,41,0.1,Completed,320000.0,11808000.0,8122100.0
ORD-106706,21/08/2026,Sulawesi,Offline,C01850,Retail,SR18,Networking,Switch 8 Port S8,2,0.05,Completed,450.0,855.0,
ORD-106707,2026-08-21,Jawa Barat,Online,C02243,Retail,SYS-ONLINE,Networking,Router WiFi 6 R600,2,0.25,Completed,1200000.0,1800000.0,1715200.0
ORD-106708,21/08/2026,Jawa Timur,Offline,C00965,Retail,SR07,Smartphone,Smartphone Lumo X,2,0.0,Completed,5500.0,11000.0,9646.0
ORD-106709,21/08/2026,Kalimantan,Offline,C02260,Retail,SR14,Networking,Switch 8 Port S8,3,0.0,Cancelled,450.0,1350.0,
ORD-106710,2026-08-21,Sumatera,Online,C00565,UMKM,SYS-ONLINE,Networking,Switch 8 Port S8,9,0.0,Completed,450000.0,4050000.0,2684700.0
ORD-106711,21/08/2026,jakarta,Offline,C00896,UMKM,SR01,Printer & Tinta,Printer InkJet P200,1,0.1,Completed,2100.0,1890.0,1716.2
ORD-106712,21/08/2026,Jakarta,Offline,C00556,Retail,SR01,Laptop,Laptop Axio 14,2,0.05,Completed,8500.0,16150.0,15377.8
ORD-106713,21/08/2026,Jawa Barat,Offline,C01573,UMKM,SR05,Peralatan Kantor,Kertas A4 80gsm (rim),13,0.0,Completed,55.0,715.0,499.2
ORD-106714,21/08/2026,kalimantan,Offline,K0121,Korporat,SR13,Laptop,Laptop Axio Pro 15,6,0.1,Completed,13000.0,70200.0,68902.8
RET-106657,21/08/2026,JKT ,Offline,C02040,UMKM,SR03,Aksesoris,Power Bank 20000mAh,-3,0.0,Returned,320.0,-960.0,-601.2
ORD-106715,22/08/2026,Sumatra,Offline,C01077,Retail,SR12,Networking,Router WiFi 6 R600,2,0.1,Completed,1200.0,2160.0,
ORD-106716,2026-08-22,Jawa Barat,Online,C02173,Retail,SYS-ONLINE,Peralatan Kantor,Kertas A4 80gsm (rim),4,0.05,Completed,55000.0,209000.0,152400.0
ORD-106717,2026-08-22,Jawa Barat,Online,K0105,Korporat,SYS-ONLINE,Smartphone,Smartphone Lumo A5,10,0.25,Completed,2800000.0,21000000.0,23979000.0
ORD-106718,22/08/2026,Jakarta,Offline,K0011,Korporat,SR02,Laptop,Laptop Veno 13,5,0.05,Completed,6200.0,29450.0,27893.5
ORD-106719,22/08/2026,Jawa Barat,Offline,C01743,Retail,SR05,Networking,Router WiFi 6 R600,3,0.0,Completed,1200.0,3600.0,2563.5
ORD-106720,22/08/2026,Kalimantan,Offline,C02134,Retail,SR13,Printer & Tinta,Tinta Botol Set CMYK,1,0.0,Completed,280.0,280.0,163.1
ORD-106721,22/08/2026,Sumatera,Offline,C00804,Retail,SR10,Smartphone,Smartphone Lumo X,2,0.0,Completed,5500.0,11000.0,9610.4
ORD-106722,2026-08-23,Kalimantan,Online,C01973,Retail,SYS-ONLINE,Smartphone,Smartphone Lumo A5,2,0.05,Completed,2800000.0,5320000.0,4797800.0
ORD-106723,23/08/2026,Sulawesi,Offline,C01113,Retail,SR16,Networking,Switch 8 Port S8,5,0.0,Completed,450.0,2250.0,1506.5
ORD-106724,23/08/2026,Jakarta,Offline,C01858,UMKM,SR01,Networking,Router WiFi 6 R600,12,0.0,Completed,1200.0,14400.0,
ORD-106725,23/08/2026,Jakarta,Offline,C00156,Retail,SR02,ATK,Kursi Ergonomis E1,4,0.05,Completed,1900.0,7220.0,5252.8
ORD-106726,23/08/2026,Sumatera,Offline,C00601,UMKM,SR11,Smartphone,Smartphone Lumo A5,4,10.0,Completed,2800.0,10080.0,9719.2
ORD-106727,2026-08-23,Sumatera,Online,C01145,Retail,SYS-ONLINE,Networking,Switch 8 Port S8,1,0.1,Completed,450000.0,405000.0,
ORD-106728,23/08/2026,Kalimantan,Offline,C00150,Retail,SR13,Aksesoris,Mouse Wireless M20,5,0.0,Completed,180.0,900.0,517.0
ORD-106729,2026-08-23,Jawa Timur,Online,C00502,Retail,SYS-ONLINE,Printer & Tinta,Tinta Botol Set CMYK,1,0.0,Completed,280000.0,280000.0,165800.0
ORD-106730,23/08/2026,Jakarta,Offline,C00135,Retail,SR03,Aksesoris,Power Bank 20000mAh,3,0.05,Completed,320.0,912.0,601.2
ORD-106731,2026-08-23,Jawa barat ,Online,C00711,UMKM,SYS-ONLINE,Laptop,Laptop Axio Pro 15,4,0.3,Completed,13000000.0,36400000.0,45939600.0
ORD-106732,2026-08-23,Jawa Barat,ONLINE,C00998,UMKM,SYS-ONLINE,Printer&Tinta,Tinta Botol Set CMYK,4,0.3,Completed,280000.0,784000.0,660000.0
ORD-106733,2026-08-23,Jawa Barat,Online,C00653,Retail,SYS-ONLINE,Aksesoris,Keyboard Mekanik K7,5,0.3,Completed,650000.0,2275000.0,1973000.0
ORD-106734,2026-08-23,Jakarta,Online,C00277,Retail,SYS-ONLINE,networking,Router WiFi 6 R600,5,0.25,Completed,1200000.0,4500000.0,4293500.0
ORD-106735,23/08/2026,Jawa Timur,Offline,K0076,Korporat,SR08,Peralatan Kantor,Kursi Ergonomis E1,16,0.05,Completed,1900.0,28880.0,21094.4
ORD-106988,2026-08-23,Jakarta,Online,C00277,Retail,SYS-ONLINE,Networking,Router WiFi 6 R600,5,0.25,Completed,1200000.0,4500000.0,4293000.0
ORD-106736,24/08/2026,Sumatera,Offline,K0126,Korporat,SR11,Printer & Tinta,Tinta Botol Set CMYK,10,0.0,Completed,280.0,2800.0,1655.0
ORD-106737,24/08/2026,Sulawesi,Offline,C00205,Retail,SR17,Aksesoris,Mouse Wireless M20,5,0.1,Completed,180.0,810.0,518.5
ORD-106738,2026-08-24,Jawa Timur,Online,K0157,Korporat,SYS-ONLINE,Peralatan Kantor,Kertas A4 80gsm (rim),4,0.25,Completed,55000.0,165000.0,152400.0
ORD-106739,2026-08-24,Jawa Barat,Online,C01936,Retail,SYS-ONLINE,Aksesoris,Keyboard Mekanik K7,1,0.1,Completed,650000.0,585000.0,396900.0
ORD-106740,2026-08-24,Jawa Barat,Online,C00583,Retail,SYS-ONLINE,Laptop,Laptop Axio Pro 15,1,0.05,Completed,13000000.0,12350000.0,11803100.0
ORD-106741,24/08/2026,Kalimantan,Offline,C01380,Retail,SR13,Aksesoris,Headset USB H3,3,0.05,Completed,350.0,997.5,623.1
ORD-106742,24/08/2026,Jawa Barat,Offline,C00383,Retail,SR04,Laptop,Laptop Veno 13,1,0.0,Completed,6200.0,6200.0,5470.5
ORD-106743,24/08/2026,Jakarta,Offline,C02298,UMKM,SR02,Peralatan Kantor,Kursi Ergonomis E1,13,0.0,Completed,1900.0,24700.0,16802.5
ORD-106744,24/08/2026,Sumatera,Offline,C01352,Retail,SR12,Smartphone,Smartphone Lumo A5,2,0.05,Completed,2800.0,5320.0,4920.0
ORD-106745,24/08/2026,Sumatera,Offline,C00303,Retail,SR12,Aksesoris,Headset USB H3,5,0.1,Completed,350.0,1575.0,1055.0
ORD-106746,2026-08-24,kalimantan,Online,C02177,UMKM,SYS-ONLINE,Smartphone,Smartphone Lumo A5,1,0.05,Completed,2800000.0,2660000.0,2443600.0
ORD-106747,2026-08-25,Jawa Barat,Online,C01543,Retail,SYS-ONLINE,Smartphone,Smartphone Lumo A5,2,0.2,Completed,2800000.0,4480000.0,4907200.0
ORD-106748,2026-08-25,Jakarta,Online,C02256,Retail,SYS-ONLINE,Aksesoris,Headset USB H3,2,0.25,Completed,350000.0,525000.0,423800.0
ORD-106749,25/08/2026,Jawa Barat,Offline,C00539,Retail,SR04,Peralatan Kantor,Kertas A4 80gsm (rim),5,0.05,Completed,55.0,261.25,191.5
ORD-106750,2026-08-26,SULAWESI,Online,C01803,Retail,SYS-ONLINE,Aksesoris,Mouse Wireless M20,4,0.0,Completed,180000.0,720000.0,416800.0
ORD-106751,26/08/2026,Sumatera,Offline,K0002,Korporat,SR10,Aksesoris,Headset USB H3,13,0.1,Completed,350.0,4095.0,2727.4
ORD-106752,26/08/2026,Jawa Barat,Offline,C01502,Retail,SR06,Smartphone,Smartphone Lumo A5,2,0.0,Completed,2800.0,5600.0,4843.2
ORD-106753,26/08/2026,Jakarta,Offline,C02001,UMKM,SR03,Smartphone,Smartphone Lumo A5,1,0.05,Completed,2800.0,2660.0,2446.6
ORD-106754,2026-08-26,Jawa Barat,online,C01381,Retail,SYS-ONLINE,Printer&Tinta,Tinta Botol Set CMYK,1,0.1,Completed,280000.0,252000.0,163800.0
ORD-106755,2026-08-26,Jawa Barat,Online,C00635,Retail,SYS-ONLINE,Laptop,Laptop Veno 13,2,0.05,Completed,6200000.0,11780000.0,11262200.0
ORD-106756,2026-08-26,Jakarta,Online,C00821,Retail,SYS-ONLINE,Networking,Router WiFi 6 R600,5,0.2,Completed,1200000.0,4800000.0,
ORD-106757,2026-08-26,Jakarta,Online,K0131,Korporat,SYS-ONLINE,Smartphone,Smartphone Lumo A5,9,0.0,Completed,2800000.0,25200000.0,21791700.0
ORD-106758,2026-08-26,Kalimantan,Online,C00498,UMKM,SYS-ONLINE,Printer & Tinta,Tinta Botol Set CMYK,1,0.05,Completed,280000.0,266000.0,166800.0
ORD-106759,2026-08-26,,Online,C00714,UMKM,SYS-ONLINE,Laptop,Laptop Veno 13,5,0.05,Completed,6200000.0,29450000.0,28036500.0
ORD-106760,2026-08-26,Kalimantan,Online,C00039,Retail,SYS-ONLINE,Aksesoris,Keyboard Mekanik K7,1,0.05,Completed,650000.0,617500.0,403200.0
ORD-106761,2026-08-26,Sumatera,Online,C00956,Retail,SYS-ONLINE,Aksesoris,Mouse Wireless M20,3,0.3,Cancelled,180000.0,378000.0,314100.0
ORD-106762,26/08/2026,Jakarta,Offline,C02133,Retail,SR03,Aksesoris,Keyboard Mekanik K7,3,0.05,Completed,650.0,1852.5,1204.8
ORD-106763,2026-08-26,Jawa Timur,Online,C00271,Retail,SYS-ONLINE,Printer & Tinta,Tinta Botol Set CMYK,2,0.3,Completed,280000.0,392000.0,325400.0
ORD-106764,2026-08-26,Jawa Timur,Online,C01040,Retail,SYS-ONLINE,Aksesoris,Keyboard Mekanik K7,1,0.1,Completed,650000.0,585000.0,402800.0
ORD-106765,2026-08-26,Kalimantan,Online,C00206,UMKM,SYS-ONLINE,Peralatan Kantor,Kertas A4 80gsm (rim),12,0.1,Completed,55000.0,594000.0,462000.0
ORD-106766,2026-08-26,Kalimantan,Online,K0119,Korporat,SYS-ONLINE,Aksesoris,Power Bank 20000mAh,20,0.0,Cancelled,320000.0,6400000.0,4058000.0
RET-106627,2026-08-26,Jabar,Online,C00785,Retail,SYS-ONLINE,Laptop,Laptop Veno 13,-2,0.25,Returned,6200000.0,-9300000.0,-11105800.0
ORD-106767,27/08/2026,Sulawesi,Offline,K0090,Korporat,SR18,Aksesoris,Power Bank 20000mAh,10,0.1,Completed,320.0,2880.0,1977.0
ORD-106768,2026-08-27,Jawa Timur,Online,K0045,Korporat,SYS-ONLINE,Peralatan Kantor,Kursi Ergonomis E1,20,0.3,Completed,1900000.0,26600000.0,26280000.0
ORD-106769,27/08/2026,SULAWESI,Offline,C01010,Retail,SR17,Printer&Tinta,Tinta Botol Set CMYK,2,0.1,Completed,280.0,504.0,328.2
ORD-106770,27/08/2026,Jawa Timur,Offline,C00821,UMKM,SR09,Peralatan Kantor,Kertas A4 80gsm (rim),3,0.0,Completed,55.0,165.0,115.8
ORD-106771,27/08/2026,Sumatera,Offline,C02195,Retail,SR11,Laptop,Laptop Axio Pro 15,2,5.0,Completed,13000.0,24700.0,23542.2
ORD-106772,27/08/2026,Jawa Barat,Offline,C01204,Retail,SR06,Networking,Router WiFi 6 R600,1,0.0,Completed,1200.0,1200.0,
ORD-106773,27/08/2026,Jawa Timur,Offline,K0069,Korporat,SR09,Networking,Router WiFi 6 R600,37,0.0,Completed,1200.0,44400.0,
ORD-106774,27/08/2026,Jakarta,Offline,C01598,Retail,SR01,Aksesoris,Headset USB H3,4,0.0,Completed,350.0,1400.0,844.4
RET-106721,27/08/2026,Sumatera,Offline,C00804,Retail,SR10,Smartphone,Smartphone Lumo X,-2,0.0,Returned,5500.0,-11000.0,-9610.4
ORD-106775,28/08/2026,Sumatera,Offline,C00050,Retail,SR10,Peralatan Kantor,Kertas A4 80gsm (rim),1,0.05,Completed,55.0,52.25,38.5
ORD-106776,2026-08-28,Jawa Timur,Online,K0124,Korporat,SYS-ONLINE,Printer & Tinta,Printer InkJet P200,8,0.3,Completed,2100000.0,11760000.0,13751200.0
ORD-106777,2026-08-28,jakarta,Online,C01753,Retail,SYS-ONLINE,Networking,Router WiFi 6 R600,3,0.1,Completed,1200000.0,3240000.0,
ORD-106778,2026-08-28,,Online,C01050,UMKM,SYS-ONLINE,Networking,Router WiFi 6 R600,6,0.0,Completed,1200000.0,7200000.0,5162400.0
ORD-106779,2026-08-28,Jawa Barat,Online,C00811,UMKM,SYS-ONLINE,laptop,Laptop Axio Pro 15,4,0.1,Completed,13000000.0,46800000.0,47227600.0
ORD-106780,28/08/2026,Kalimantan,Offline,C01022,UMKM,SR14,Networking,Switch 8 Port S8,8,0.0,Completed,450.0,3600.0,
ORD-106781,28/08/2026,Sumatera,Offline,C01547,Retail,SR12,Smartphone,Smartphone Lumo A5,1,0.05,Completed,2800.0,2660.0,2463.5
ORD-106782,29/08/2026,Jakarta,Offline,C01019,Retail,SR03,Laptop,Laptop Axio Pro 15,2,0.05,Completed,13000.0,24700.0,23382.6
ORD-106783,29/08/2026,Jakarta,Offline,C00847,UMKM,SR03,Networking,Switch 8 Port S8,4,0.0,Completed,450.0,1800.0,
ORD-106784,2026-08-29,Jawa Barat,Online,C02129,Retail,SYS-ONLINE,Smartphone,Smartphone Lumo X,1,0.25,Completed,5500000.0,4125000.0,4813900.0
ORD-106785,29/08/2026,Jawa Barat,Offline,C02178,Retail,SR05,Peralatan Kantor,Kertas A4 80gsm (rim),2,0.05,Completed,55.0,104.5,76.2
ORD-106786,29/08/2026,Sumatera,Offline,K0069,Korporat,SR10,Laptop,Laptop Axio Pro 15,5,0.0,Completed,13000.0,65000.0,58278.0
ORD-106787,2026-08-29,Jawa Timur,Online,C01129,Retail,SYS-ONLINE,Peralatan Kantor,Kertas A4 80gsm (rim),1,0.1,Completed,55000.0,49500.0,37600.0
ORD-106788,2026-08-29,Sumatera,Online,C02244,UMKM,SYS-ONLINE,Printer & Tinta,Tinta Botol Set CMYK,4,0.3,Completed,280000.0,784000.0,655200.0
ORD-106789,2026-08-29,,Online,C00673,Retail,SYS-ONLINE,Smartphone,Smartphone Lumo X,1,0.05,Completed,5500000.0,5225000.0,4851900.0
ORD-106789,2026-08-29,,Online,C00673,Retail,SYS-ONLINE,Smartphone,Smartphone Lumo X,1,0.05,Completed,5500000.0,5225000.0,4851900.0
ORD-106790,30/08/2026,Jakarta,Offline,K0086,Korporat,SR03,Peralatan Kantor,Kertas A4 80gsm (rim),12,0.05,Completed,55.0,627.0,463.2
ORD-106791,2026-08-30,Jakarta,Online,C01878,UMKM,SYS-ONLINE,Laptop,Laptop Axio 14,4,0.0,Completed,8500000.0,34000000.0,30529600.0
ORD-106792,30/08/2026,Sulawesi,Offline,C00778,UMKM,SR17,Laptop,Laptop Veno 13,3,0.0,Completed,6200.0,18600.0,16865.7
ORD-106793,2026-08-30,Jakarta,Online,C00865,Retail,SYS-ONLINE,Aksesoris,Headset USB H3,1,0.1,Completed,350000.0,315000.0,208400.0
ORD-106794,2026-08-30,Jakarta,Online,K0127,Korporat,SYS-ONLINE,Printer & Tinta,Printer InkJet P200,4,0.15,Completed,2100000.0,7140000.0,6768800.0
ORD-106795,30/08/2026,Jakarta,Offline,C00770,Retail,SR01,Aksesoris,Headset USB H3,3,0.0,Completed,350.0,1050.0,633.9
ORD-106796,30/08/2026,Jakarta,Offline,C00598,Retail,SR03,Smartphone,Smartphone Lumo A5,2,0.0,Completed,2800.0,5600.0,4913.4
ORD-106797,30/08/2026,Jawa Timur,Offline,C01843,UMKM,SR09,Networking,Router WiFi 6 R600,10,0.0,Completed,1200.0,12000.0,
RET-106661,2026-08-30,Jakarta,Online,C00014,Retail,SYS-ONLINE,Smartphone,Smartphone Lumo X,-1,0.0,Returned,5500000.0,-5500000.0,-4749000.0
ORD-106798,2026-08-31,Jawa Barat,Online,C02075,UMKM,SYS-ONLINE,Smartphone,Smartphone Lumo A5,2,0.1,Completed,2800000.0,5040000.0,4902400.0
ORD-106799,2026-08-31,Jawa Barat,Online,K0098,Korporat,SYS-ONLINE,Networking,Router WiFi 6 R600,13,0.0,Completed,1200000.0,15600000.0,11100700.0
ORD-106800,2026-08-31,Jawa Barat,Online,C01032,UMKM,SYS-ONLINE,Aksesoris,Power Bank 20000mAh,3,0.1,Completed,320000.0,864000.0,597300.0
ORD-106801,31/08/2026,Jabar,Offline,K0159,Korporat,SR04,Aksesoris,Mouse Wireless M20,44,0.0,Completed,180.0,7920.0,4558.4
ORD-106802,2026-08-31,Jawa Barat,Online,C00896,Retail,SYS-ONLINE,Networking,Switch 8 Port S8,1,0.05,Completed,450000.0,427500.0,299600.0
ORD-106803,2026-08-31,Sulawesi,online,C00533,Retail,SYS-ONLINE,Smartphone,Smartphone Lumo A5,1,0.3,Completed,2800000.0,1960000.0,2409100.0
ORD-106804,31/08/2026,Jawa Barat,Offline,C01695,Retail,SR05,Laptop,Laptop Veno 13,100,0.0,Completed,6200.0,620000.0,550400.0
ORD-106805,31/08/2026,Jakarta,Offline,C00658,Retail,SR03,Networking,Router WiFi 6 R600,1,0.0,Completed,1200.0,1200.0,
ORD-106806,2026-08-31,Jawa Timur,Online,C00660,Retail,SYS-ONLINE,Networking,Router WiFi 6 R600,2,0.2,Completed,1200000.0,1920000.0,1706200.0
ORD-104533,2026-01-09,Jakarta,Offline,C02251,Retail,SR02,Aksesoris,Mouse Wireless M20,2,0.1,Completed,180000.0,324000.0,212000.0
ORD-104534,2026-01-09,Sulawesi,Online,C01898,Retail,SYS-ONLINE,Printer & Tinta,Tinta Botol Set CMYK,2,0.05,Completed,280000.0,532000.0,329600.0
ORD-104534,2026-01-09,Sulawesi,Online,C01898,Retail,SYS-ONLINE,Printer & Tinta,Tinta Botol Set CMYK,2,0.05,Completed,280000.0,532000.0,329600.0
ORD-104535,2026-01-09,Jabar,Offline,C00767,UMKM,SR05,Smartphone,Smartphone Lumo A5,2,0.1,Completed,2800000.0,5040000.0,4848800.0
ORD-104536,2026-01-09,Jawa Timur,Offline,C01308,Retail,SR09,Aksesoris,Keyboard Mekanik K7,2,0.3,Completed,650000.0,910000.0,798000.0
ORD-104537,2026-01-09,Sumatera,Offline,C00604,Retail,SR10,Peralatan kantor,Kertas A4 80gsm (rim),1,0.05,Completed,55000.0,52250.0,37900.0
ORD-104538,2026-01-09,Jakarta,Offline,C00790,UMKM,SR02,Peralatan Kantor,Kertas A4 80gsm (rim),10,0.0,Completed,55000.0,550000.0,385000.0
ORD-106807,01/09/2026,Jawa Timur,Offline,C00058,UMKM,SR07,Peralatan Kantor,Kertas A4 80gsm (rim),5,0.0,Completed,55.0,275.0,191.5
ORD-106808,01/09/2026,jawa timur,Offline,C00616,UMKM,SR09,Peralatan Kantor,Kertas A4 80gsm (rim),5,0.1,Completed,55.0,247.5,188.5
ORD-106809,01/09/2026,Sulawesi,Offline,C00891,Retail,SR18,Aksesoris,Mouse Wireless M20,5,0.0,Completed,180.0,900.0,517.5
ORD-106810,01/09/2026,Jawa Timur,Offline,C01595,Retail,SR09,Laptop,Laptop Axio Pro 15,2,0.1,Cancelled,13000.0,23400.0,23157.8
ORD-106811,01/09/2026,Jakarta,Offline,C00084,Retail,SR01,Networking,Router WiFi 6 R600,3,0.0,Completed,1200.0,3600.0,2566.2
ORD-106812,01/09/2026,Jawa Timur,Offline,C00898,Retail,SR07,Networking,Switch 8 Port S8,2,0.0,Completed,450.0,900.0,
ORD-106814,01/09/2026,Jabar,Offline,C01056,Retail,SR04,Laptop,Laptop Axio Pro 15,2,0.1,Completed,13000.0,23400.0,23601.0
ORD-106815,01/09/2026,Jawa Barat,Offline,C01322,Retail,SR06,Peralatan Kantor,Kertas A4 80gsm (rim),1,0.0,Completed,55.0,55.0,37.5
ORD-106816,01/09/2026,Jawa Timur,Offline,C00097,Retail,SR07,Aksesoris,Power Bank 20000mAh,2,0.0,Completed,320.0,640.0,396.2
ORD-106817,01/09/2026,Jawa Barat,Offline,K0038,Korporat,SR05,Aksesori,Headset USB H3,28,0.0,Completed,350.0,9800.0,5846.4
ORD-106818,01/09/2026,Jawa Barat,Offline,C01466,UMKM,SR06,Aksesori,Keyboard Mekanik K7,14,0.0,Completed,650.0,9100.0,5670.0
ORD-104806,2026-02-09,Sumatera,Offline,C01117,Retail,SR12,Laptop,Laptop Axio Pro 15,2,0.0,Completed,13000000.0,26000000.0,23021200.0
ORD-104807,2026-02-09,Jakarta,Offline,C00973,UMKM,SR01,Smartphone,Smartphone Lumo A5,3,0.0,Completed,2800000.0,8400000.0,7299300.0
ORD-104808,2026-02-09,Sumatera,Offline,C01924,Retail,SR12,Aksesoris,Power Bank 20000mAh,4,0.0,Completed,320000.0,1280000.0,788400.0
ORD-104809,2026-02-09,Jawa Timur,Offline,C01856,UMKM,SR08,Networking,Router WiFi 6 R600,7,0.05,Completed,1200000.0,7980000.0,
ORD-104810,2026-02-09,Jakarta,Online,C02346,Retail,SYS-ONLINE,Smartphone,Smartphone Lumo A5,2,0.1,Completed,2800000.0,5040000.0,4901800.0
ORD-104811,2026-02-09,Kalimantan,Offline,C01832,UMKM,SR13,Smartphone,Smartphone Lumo A5,1,0.1,Completed,2800000.0,2520000.0,2414500.0
ORD-104812,2026-02-09,Sumatera,Online,K0050,Korporat,SYS-ONLINE,Peralatan Kantor,Kertas A4 80gsm (rim),10,0.0,Completed,55000.0,550000.0,385000.0
ORD-104813,2026-02-09,Sumatera,Online,K0040,Korporat,SYS-ONLINE,Aksesoris,Power Bank 20000mAh,8,0.05,Completed,320000.0,2432000.0,1621600.0
ORD-104814,2026-02-09,Sumatera,Offline,C01237,UMKM,SR11,Smartphone,Smartphone Lumo X,2,10.0,Completed,5500000.0,9900000.0,9686200.0
ORD-104815,2026-02-09,Jawa Timur,Offline,K0173,Korporat,SR08,Smartphone,Smartphone Lumo X,5,0.05,Completed,5500000.0,26125000.0,23947000.0
ORD-104816,2026-02-09,Jawa Timur,Offline,C01522,Retail,SR08,Peralatan Kantor,Kursi Ergonomis E1,4,0.1,Completed,1900000.0,6840000.0,5128800.0
ORD-104817,2026-02-09,Sulawesi,Offline,C00892,UMKM,SR17,Aksesoris,Mouse Wireless M20,9,0.05,Completed,180000.0,1539000.0,958500.0
ORD-104818,2026-02-09,Jakarta,Online,C00588,Retail,SYS-ONLINE,Aksesoris,Power Bank 20000mAh,4,0.25,Completed,320000.0,960000.0,799200.0
ORD-104819,2026-02-09,Sumatera,Offline,C00512,Retail,SR12,Peralatan Kantor,Kursi Ergonomis E1,2,0.0,Completed,1900000.0,3800000.0,2625200.0
ORD-106820,02/09/2026,Jakarta,Offline,C01429,UMKM,SR01,Aksesoris,Power Bank 20000mAh,13,0.1,Completed,320.0,3744.0,2562.3
ORD-106821,02/09/2026,Jakarta,Offline,C00466,Retail,SR03,Laptop,Laptop Axio Pro 15,2,0.05,Completed,13000.0,24700.0,22998.8
ORD-106823,02/09/2026,Jawa Barat,Offline,C01162,Retail,SR06,aksesoris ,Power Bank 20000mAh,2,0.0,Completed,320.0,640.0,398.4
ORD-106824,02/09/2026,Sumatera,Offline,C00267,Retail,SR12,Aksesoris,Headset USB H3,4,0.0,Completed,350.0,1400.0,848.0
ORD-106825,02/09/2026,Jakarta,Offline,C00011,Retail,SR03,Printer & Tinta,Tinta Botol Set CMYK,1,0.0,Completed,280.0,280.0,164.5
ORD-106826,02/09/2026,Kalimantan,Offline,C00191,Retail,SR14,Peralatan Kantor,Kursi Ergonomis E1,4,0.0,Completed,1900.0,7600.0,5126.4
ORD-105097,2026-03-09,Sumatera,Online,C00065,UMKM,SYS-ONLINE,Laptop,Laptop Axio Pro 15,3,0.1,Completed,13000000.0,35100000.0,35008800.0
ORD-105098,2026-03-09,Sumatera,Offline,C01387,UMKM,SR11,Smartphone,Smartphone Lumo X,4,10.0,Completed,5500000.0,19800000.0,19010800.0
ORD-105099,2026-03-09,Jawa Barat,Online,C02126,Retail,SYS-ONLINE,Smartphone,Smartphone Lumo A5,1,0.3,Completed,2800000.0,1960000.0,2408200.0
ORD-105100,2026-03-09,Jakarta,Offline,C00468,UMKM,SR02,Smartphone,Smartphone Lumo A5,1,0.0,Completed,2800000.0,2800000.0,2402600.0
ORD-105101,2026-03-09,Jawa Barat,Offline,C01203,Retail,SR06,Peralatan Kantor,Kertas A4 80gsm (rim),4,0.05,Completed,55000.0,209000.0,151600.0
ORD-105102,2026-03-09,Kalimantan,Offline,C00195,Retail,SR15,Aksesoris,Headset USB H3,5,0.0,Completed,350000.0,1750000.0,1040500.0
ORD-105103,2026-03-09,Jawa Timur,Online,C02045,UMKM,SYS-ONLINE,Printer&Tinta,Printer InkJet P200,2,0.15,Completed,2100000.0,3570000.0,3433400.0
ORD-105104,2026-03-09,Jawa Barat,Online,C00573,Retail,SYS-ONLINE,Peralatan Kantor,Kursi Ergonomis E1,4,0.05,Completed,1900000.0,7220000.0,5234000.0
ORD-105105,2026-03-09,Jawa Barat,Online,C01078,UMKM,SYS-ONLINE,Laptop,Laptop Veno 13,3,0.25,Completed,6200000.0,13950000.0,16617600.0
ORD-105106,2026-03-09,Jakarta,Offline,C01828,Retail,SR03,Smartphone,Smartphone Lumo X,1,0.0,Completed,5500000.0,5500000.0,4799700.0
ORD-105107,2026-03-09,Sulawesi,Offline,C02269,Retail,SR17,Peralatan Kantor,Kertas A4 80gsm (rim),2,0.0,Completed,55000.0,110000.0,76400.0
ORD-105108,2026-03-09,Jakarta,Offline,K0129,Korporat,SR01,Laptop,Laptop Axio Pro 15,3,0.05,Completed,13000000.0,37050000.0,35275800.0
ORD-106827,03/09/2026,Sumatra,Offline,C01636,Retail,SR10,Printer & Tinta,Printer InkJet P200,1,0.05,Completed,2100.0,1995.0,1721.9
ORD-106830,03/09/2026,Jawa Timur,Offline,C02341,Retail,SR09,Smartphone,Smartphone Lumo X,1,0.05,Completed,5500.0,5225.0,4835.6
ORD-106831,03/09/2026,Jakarta,Offline,C01357,Retail,SR01,Printer & Tinta,Printer InkJet P200,2,0.05,Completed,2100.0,3990.0,3422.6
ORD-106832,03/09/2026,Jawa Timur,Offline,C00584,Retail,SR09,Printer & Tinta,Tinta Botol Set CMYK,1,0.0,Completed,280.0,280.0,166.9
ORD-106833,03/09/2026,SULAWESI,Offline,C01129,UMKM,SR16,Aksesoris,Keyboard Mekanik K7,7,0.1,Completed,650.0,4095.0,2791.6
ORD-106834,03/09/2026,Jawa Barat,Offline,C00042,Retail,SR04,Aksesoris,Keyboard Mekanik K7,3,0.0,Completed,650.0,1950.0,1215.3
ORD-106835,03/09/2026,Jakarta,Offline,C00757,Retail,SR01,Laptop,Laptop Veno 13,2,0.05,Completed,6200.0,11780.0,11065.2
ORD-106836,03/09/2026,Jawa Barat,Offline,C01453,Retail,SR06,Aksesoris,Power Bank 20000mAh,2,0.0,Completed,320.0,640.0,394.2
ORD-105482,2026-04-09,Jatim,Online,C02211,Retail,SYS-ONLINE,Laptop,Laptop Axio Pro 15,2,0.1,Completed,13000000.0,23400000.0,23357200.0
ORD-105485,2026-04-09,Jawa Timur,Online,C02163,UMKM,SYS-ONLINE,Printer & Tinta,Printer InkJet P200,4,0.3,Cancelled,2100000.0,5880000.0,6764400.0
ORD-106840,04/09/2026,Jakarta,Offline,K0060,Korporat,SR03,Aksesoris,Keyboard Mekanik K7,34,0.1,Completed,650.0,19890.0,13460.6
ORD-106841,04/09/2026,Jawa Timur,Offline,C01295,Retail,SR07,Laptop,Laptop Veno 13,1,5.0,Completed,6200.0,5890.0,5575.2
ORD-106841,04/09/2026,Jawa Timur,Offline,C01295,Retail,SR07,Laptop,Laptop Veno 13,1,5.0,Completed,6200.0,5890.0,5575.2
ORD-106843,04/09/2026,Sulawesi,Offline,C00463,UMKM,SR17,Aksesoris,Keyboard Mekanik K7,9,0.05,Completed,650.0,5557.5,3564.9
ORD-106844,04/09/2026,Sumatera,Offline,C00384,Retail,SR11,Printer & Tinta,Tinta Botol Set CMYK,1,0.0,Completed,280.0,280.0,163.7
ORD-106846,04/09/2026,Sulawesi,Offline,C01534,UMKM,SR18,Laptop,Laptop Axio Pro 15,4,0.1,Completed,13000.0,46800.0,45937.2
ORD-106848,04/09/2026,Jawa Barat,Offline,C01718,UMKM,SR06,Peralatan Kantor,Kursi Ergonomis E1,10,0.05,Completed,1900.0,18050.0,12938.0
ORD-105708,2026-05-09,Jawa Barat,Online,C01121,Retail,SYS-ONLINE,Networking,Router WiFi 6 R600,2,0.05,Completed,1200000.0,2280000.0,1696600.0
ORD-105709,2026-05-09,Kalimantan,Online,C01819,Retail,SYS-ONLINE,Smartphone,Smartphone Lumo A5,1,0.2,Completed,2800000.0,2240000.0,2435000.0
ORD-105710,2026-05-09,Sumatera,Online,C01303,Retail,SYS-ONLINE,Aksesoris,Mouse Wireless M20,4,0.0,Completed,180000.0,720000.0,420800.0
ORD-105711,2026-05-09,Jakarta,Online,C00346,Retail,SYS-ONLINE,Laptop,Laptop Axio Pro 15,2,0.15,Completed,13000000.0,22100000.0,23609200.0
ORD-105712,2026-05-09,Jakarta,online,C01837,Retail,SYS-ONLINE,Smartphone,Smartphone Lumo A5,2,0.15,Completed,2800000.0,4760000.0,4900000.0
ORD-105714,2026-05-09,Jawa Barat,Online,K0031,Korporat,SYS-ONLINE,Aksesoris,Mouse Wireless M20,3,0.1,Completed,180000.0,486000.0,318300.0
ORD-105715,2026-05-09,Jawa Timur,Online,C01113,UMKM,SYS-ONLINE,Laptop,Laptop Axio 14,3,0.0,Completed,8500000.0,25500000.0,22666200.0
ORD-106851,05/09/2026,Jakarta,Offline,C00231,UMKM,SR03,Laptop,Laptop Axio Pro 15,3,0.1,Completed,13000.0,35100.0,35143.2
ORD-106853,05/09/2026,Jawa Timur,Offline,C00850,Retail,SR09,Aksesoris,Headset USB H3,5,0.05,Completed,350.0,1662.5,1060.5
ORD-106856,05/09/2026,Kalimantan,Offline,C01749,Retail,SR15,Laptop,Laptop Axio 14,1,5.0,Completed,8500.0,8075.0,7488.8
ORD-106857,05/09/2026,Kalimantan,Offline,C00288,UMKM,SR13,Printer&Tinta,Printer InkJet P200,4,0.0,Completed,2100.0,8400.0,6743.6
ORD-106859,05/09/2026,Jawa Barat,Offline,C00262,Retail,SR05,Printer & Tinta,Tinta Botol Set CMYK,2,0.0,Completed,280.0,560.0,326.2
ORD-105974,2026-06-09,Sumatera,Online,C00156,UMKM,SYS-ONLINE,Networking,Router WiFi 6 R600,2,0.25,Completed,1200000.0,1800000.0,1676000.0
ORD-106860,06/09/2026,Kalimantan,Offline,C00328,UMKM,SR14,Printer & Tinta,Printer InkJet P200,3,0.05,Completed,2100.0,5985.0,5140.5
ORD-106861,06/09/2026,Jawa Timur,Offline,C00235,Retail,SR07,Aksesori,Keyboard Mekanik K7,5,5.0,Completed,650.0,3087.5,1984.5
ORD-106862,06/09/2026,Sumatera,Offline,C00025,UMKM,SR12,Smartphone,Smartphone Lumo A5,3,0.0,Completed,2800.0,8400.0,7389.0
ORD-106863,06/09/2026,Sulawesi,Offline,C00544,Retail,SR17,Networking,Switch 8 Port S8,2,0.0,Completed,450.0,900.0,602.0
ORD-106864,06/09/2026,Jakarta,Offline,C01625,UMKM,SR02,Laptop,Laptop Veno 13,5,0.1,Completed,6200.0,27900.0,28129.0
ORD-106864,06/09/2026,Jakarta,Offline,C01625,UMKM,SR02,Laptop,Laptop Veno 13,5,0.1,Completed,6200.0,27900.0,28129.0
ORD-106865,06/09/2026,Jakarta,Offline,C00096,Retail,SR02,Smartphone,Smartphone Lumo X,2,0.0,Completed,5500.0,11000.0,9645.4
ORD-106977,06/09/2026,Jakarta,Offline,C00096,Retail,SR02,Smartphone,Smartphone Lumo X,2,0.0,Completed,5500.0,11000.0,9476.8
ORD-106275,2026-07-09,Jawa Barat,Online,C02045,UMKM,SYS-ONLINE,Aksesoris,Keyboard Mekanik K7,1,0.2,Completed,650000.0,520000.0,394100.0
ORD-106282,2026-07-09,Jawa Barat,Online,C02203,Retail,SYS-ONLINE,Peralatan Kantor,Kursi Ergonomis E1,3,0.0,Completed,1900000.0,5700000.0,3856800.0
ORD-106868,07/09/2026,jakarta,Offline,C02209,UMKM,SR03,Smartphone,Smartphone Lumo X,2,0.05,Completed,5500.0,10450.0,9653.4
ORD-106869,07/09/2026,Jakarta,Offline,C01412,Retail,SR02,Laptop,Laptop Axio Pro 15,2,0.0,Completed,13000.0,26000.0,23281.4
ORD-106870,07/09/2026,Jakarta,Offline,C01745,Retail,SR03,Aksesoris,Power Bank 20000mAh,2,0.05,Completed,320.0,608.0,405.8
ORD-106871,07/09/2026,Jawa Timur,Offline,C01294,Retail,SR08,Smartphone,Smartphone Lumo A5,1,0.2,Completed,2800.0,2240.0,2412.8
ORD-106872,07/09/2026,Kalimantan,Offline,C01273,Retail,SR15,Printer & Tinta,Tinta Botol Set CMYK,2,0.0,Completed,280.0,560.0,328.8
ORD-106874,07/09/2026,Jakarta,Offline,C01698,Retail,SR03,Peralatan Kantor,Kursi Ergonomis E1,3,0.0,Completed,1900.0,5700.0,3860.1
ORD-106875,07/09/2026,Kalimantan,Offline,C02157,UMKM,SR15,LAPTOP,Laptop Axio Pro 15,4,0.0,Completed,13000.0,52000.0,46918.8
ORD-106587,2026-08-09,Jakarta,Online,C02102,UMKM,SYS-ONLINE,Aksesoris,Power Bank 20000mAh,3,0.1,Completed,320000.0,864000.0,608400.0
ORD-106589,2026-08-09,Jawa Timur,Online,C02260,Retail,SYS-ONLINE,Aksesoris,Headset USB H3,3,0.15,Completed,350000.0,892500.0,639000.0
ORD-106877,08/09/2026,Jakarta,Offline,C01690,Retail,SR02,Printer & Tinta,Printer InkJet P200,1,0.0,Completed,2100.0,2100.0,1689.8
ORD-106878,08/09/2026,Jakarta,Offline,C00143,Retail,SR02,Aksesoris,Power Bank 20000mAh,4,0.0,Completed,320.0,1280.0,799.6
ORD-106880,08/09/2026,DKI Jakarta,Offline,C00902,UMKM,SR02,Smartphone,Smartphone Lumo A5,1,0.05,Completed,2800.0,2660.0,2425.1
ORD-106881,08/09/2026,JKT ,Offline,C01906,UMKM,SR02,Aksesoris,Keyboard Mekanik K7,5,0.0,Completed,650.0,3250.0,2029.5
ORD-106882,08/09/2026,Kalimantan,Offline,C01711,Retail,SR15,Networking,Switch 8 Port S8,3,0.0,Completed,450.0,1350.0,910.8
ORD-106884,08/09/2026,Jawa Timur,Offline,C01593,Retail,SR09,Laptop,Laptop Veno 13,2,0.2,Completed,6200.0,9920.0,11227.0
ORD-106885,08/09/2026,Jawa Timur,Offline,C00490,UMKM,SR08,Smartphone,Smartphone Lumo A5,2,0.05,Completed,2800.0,5320.0,4804.6
RET-106542,2026-08-09,Jakarta,Online,K0087,Korporat,SYS-ONLINE,Laptop,Laptop Veno 13,-6,0.0,Returned,6200000.0,-37200000.0,-32987400.0
ORD-106886,09/09/2026,Sumatera,Offline,C01794,Retail,SR10,Peralatan Kantor,Kursi Ergonomis E1,5,0.1,Completed,1900.0,8550.0,6491.0
ORD-106887,2026-09-09,Jawa Barat,Online,C01725,Retail,SYS-ONLINE,Peralatan Kantor,Kursi Ergonomis E1,3,0.25,Completed,1900000.0,4275000.0,3937800.0
ORD-106888,09/09/2026,Jakarta,Offline,C01661,Retail,SR01,Smartphone,Smartphone Lumo A5,1,0.05,Completed,2800.0,2660.0,2396.1
ORD-106888,09/09/2026,Jakarta,Offline,C01661,Retail,SR01,Smartphone,Smartphone Lumo A5,1,0.05,Completed,2800.0,2660.0,2396.1
ORD-106889,2026-09-09,Jakarta,Online,C02162,UMKM,SYS-ONLINE,Smartphone,Smartphone Lumo A5,5,0.2,Completed,2800000.0,11200000.0,12049000.0
ORD-106889,2026-09-09,Jakarta,Online,C02162,UMKM,SYS-ONLINE,Smartphone,Smartphone Lumo A5,5,0.2,Completed,2800000.0,11200000.0,12049000.0
ORD-106890,2026-09-09,Jawa Timur,Online,C00973,UMKM,SYS-ONLINE,Laptop,Laptop Axio 14,3,0.0,Completed,8500000.0,25500000.0,22777200.0
ORD-106891,2026-09-09,Jatim,Online,C01312,Retail,SYS-ONLINE,Smartphone,Smartphone Lumo A5,2,0.1,Completed,2800000.0,5040000.0,4820000.0
ORD-106892,09/09/2026,Jakarta,Offline,K0064,Korporat,SR03,Printer & Tinta,Tinta Botol Set CMYK,9,0.0,Completed,280.0,2520.0,1490.4
ORD-106893,09/09/2026,Kalimantan,Offline,C02339,Retail,SR15,Laptop,Laptop Veno 13,2,0.0,Completed,6200.0,12400.0,10975.4
ORD-106895,10/09/2026,Jawa Barat,Offline,C00386,UMKM,SR04,Printer & Tinta,Tinta Botol Set CMYK,1,0.05,Completed,280.0,266.0,167.1
ORD-106897,10/09/2026,Kalimantan,Offline,C00829,Retail,SR14,Printer & Tinta,Tinta Botol Set CMYK,2,0.0,Completed,280.0,560.0,329.2
ORD-106898,10/09/2026,Jakarta,Offline,C01117,UMKM,SR01,Networking,Router WiFi 6 R600,5,0.05,Completed,1200.0,5700.0,4261.5
ORD-106899,10/09/2026,Jawa Barat,Offline,C01348,Retail,SR06,Peralatan Kantor,Kertas A4 80gsm (rim),1,0.05,Completed,55.0,52.25,37.6
ORD-106900,10/09/2026,Sumatera,Offline,K0163,Korporat,SR10,Aksesoris,Headset USB H3,11,0.05,Completed,350.0,3657.5,2317.7
ORD-106906,10/09/2026,Sulawesi,Offline,C00634,Retail,SR18,Printer & Tinta,Tinta Botol Set CMYK,2,0.0,Completed,280.0,560.0,332.0
ORD-106908,10/09/2026,Jakarta,Offline,C02382,Retail,SR03,Networking,Router WiFi 6 R600,3,0.05,Completed,1200.0,3420.0,
ORD-106909,10/09/2026,Jawa Timur,Offline,K0179,Korporat,SR08,Peralatan Kantor,Kursi Ergonomis E1,2,0.0,Completed,1900.0,3800.0,2632.2
ORD-106910,10/09/2026,Jawa Timur,Offline,C01184,Retail,SR07,Smartphone,Smartphone Lumo X,2,20.0,Completed,5500.0,8800.0,9673.8
ORD-106911,10/09/2026,Jawa Timur,Offline,K0091,Korporat,SR09,Aksesoris,Keyboard Mekanik K7,18,0.0,Completed,650.0,11700.0,7232.4
ORD-106959,10/09/2026,Sulawesi,Offline,C00634,Retail,SR18,Printer & Tinta,Tinta Botol Set CMYK,2,0.0,Completed,280.0,560.0,328.6
ORD-106912,11/09/2026,Jakarta,Offline,C00541,UMKM,SR01,Aksesoris,Mouse Wireless M20,4,0.0,Completed,180.0,720.0,420.4
ORD-106914,11/09/2026,Kalimantan,Offline,K0114,Korporat,SR13,Laptop,Laptop Veno 13,8,0.0,Completed,6200.0,49600.0,44006.4
ORD-106916,11/09/2026,Jawa Barat,Offline,K0016,Korporat,SR05,Aksesoris,Mouse Wireless M20,21,0.0,Completed,180.0,3780.0,2217.6
ORD-106917,11/09/2026,kalimantan,Offline,C02327,Retail,SR15,Laptop,Laptop Axio Pro 15,2,0.0,Completed,13000.0,26000.0,23595.4
ORD-106917,11/09/2026,kalimantan,Offline,C02327,Retail,SR15,Laptop,Laptop Axio Pro 15,2,0.0,Completed,13000.0,26000.0,23595.4
ORD-106919,11/09/2026,Kalimantan,Offline,C00279,Retail,SR13,Smartphone,Smartphone Lumo A5,1,0.1,Completed,2800.0,2520.0,2421.0
ORD-106923,11/09/2026,Jakarta,Offline,C01467,Retail,SR01,Laptop,Laptop Axio 14,2,0.0,Cancelled,8500.0,17000.0,15134.4
ORD-106924,12/09/2026,Sulawesi,Offline,C01021,Retail,SR16,Peralatan Kantor,Kursi Ergonomis E1,3,0.0,Completed,1900.0,5700.0,3862.5
ORD-106926,12/09/2026,Jakarta,Offline,K0173,Korporat,SR02,Smartphone,Smartphone Lumo X,8,0.0,Completed,5500.0,44000.0,38798.4
ORD-106927,12/09/2026,Jakarta,Offline,C01765,Retail,SR02,Aksesoris,Headset USB H3,1,0.05,Completed,350.0,332.5,212.7
ORD-106928,13/09/2026,Jakarta,Offline,C02268,Retail,SR03,Printer & Tinta,Tinta Botol Set CMYK,1,0.0,Completed,280.0,280.0,166.2
ORD-106929,13/09/2026,Jakarta,Offline,C00905,UMKM,SR01,Smartphone,Smartphone Lumo X,3,0.05,Completed,5500.0,15675.0,14270.7
ORD-106930,2026-09-13,Sumatera,Online,C01814,UMKM,SYS-ONLINE,Networking,Switch 8 Port S8,13,0.05,Completed,450000.0,5557500.0,
ORD-106931,13/09/2026,Jawa Timur,Offline,C02126,Retail,SR08,Peralatan Kantor,Kursi Ergonomis E1,4,0.0,Completed,1900.0,7600.0,5265.2
ORD-106932,13/09/2026,Jakarta,Offline,C00321,Retail,SR02,Printer&Tinta,Tinta Botol Set CMYK,2,0.0,Completed,280.0,560.0,333.2
ORD-106932,13/09/2026,Jakarta,Offline,C00321,Retail,SR02,Printer&Tinta,Tinta Botol Set CMYK,2,0.0,Completed,280.0,560.0,333.2
ORD-106933,2026-09-13,Sumatera,Online,K0009,Korporat,SYS-ONLINE,Peralatan Kantor,Kursi Ergonomis E1,20,0.05,Completed,1900000.0,36100000.0,26368000.0
ORD-106934,2026-09-13,,Online,C02235,Retail,SYS-ONLINE,Laptop,Laptop Axio 14,2,0.05,Completed,8500000.0,16150000.0,15129400.0
ORD-106935,13/09/2026,Jawa Timur,Offline,C00319,UMKM,SR07,Printer & Tinta,Printer InkJet P200,2,5.0,Completed,2100.0,3990.0,3407.8
ORD-106936,14/09/2026,Jakarta,Offline,C00035,UMKM,SR03,Printer&Tinta,Printer InkJet P200,5,0.0,Completed,2100.0,10500.0,8531.5
ORD-106937,14/09/2026,Kalimantan,Offline,C00684,UMKM,SR14,Peralatan Kantor,Kertas A4 80gsm (rim),7,0.0,Completed,55.0,385.0,263.2
ORD-106938,2026-09-14,Jakarta,Online,K0167,Korporat,SYS-ONLINE,Networking,Router WiFi 6 R600,25,0.1,Completed,1200000.0,27000000.0,20932500.0
ORD-106939,2026-09-14,Jakarta,Online,K0051,Korporat,SYS-ONLINE,Smartphone,Smartphone Lumo X,2,0.2,Completed,5500000.0,8800000.0,9522200.0
ORD-106940,14/09/2026,Jakarta,Offline,C00727,UMKM,SR03,Printer & Tinta,Printer InkJet P200,4,0.1,Completed,2100.0,7560.0,6742.8
ORD-106941,2026-09-14,Jawa Timur,Online,C01975,UMKM,SYS-ONLINE,Aksesoris,Keyboard Mekanik K7,4,0.3,Completed,650000.0,1820000.0,1576800.0
ORD-106942,15/09/2026,Sulawesi,Offline,C00728,UMKM,SR18,Laptop,Laptop Axio 14,3,0.05,Completed,8500.0,24225.0,22465.5
ORD-106943,15/09/2026,Jakarta,Offline,C01219,Retail,SR03,Aksesoris,Power Bank 20000mAh,3,0.0,Completed,320.0,960.0,596.4
ORD-106944,15/09/2026,Jawa Barat,Offline,C01101,UMKM,SR05,Aksesoris,Keyboard Mekanik K7,9,0.0,Completed,650.0,5850.0,3578.4
ORD-106945,15/09/2026,Sumatera,Offline,C01145,Retail,SR12,Laptop,Laptop Axio 14,1,0.0,Completed,8500.0,8500.0,7674.5
ORD-106946,2026-09-15,Kalimantan,Online,C02179,UMKM,SYS-ONLINE,Aksesoris,Mouse Wireless M20,4,0.0,Completed,180000.0,720000.0,422400.0
ORD-106947,2026-09-15,Jakarta,Online,C01016,UMKM,SYS-ONLINE,networking,Switch 8 Port S8,7,0.05,Completed,450000.0,2992500.0,2105600.0
ORD-106948,2026-09-15,jakarta,Online,K0037,Korporat,SYS-ONLINE,Peralatan kantor,Kursi Ergonomis E1,21,0.15,Completed,1900000.0,33915000.0,27134100.0
ORD-106949,2026-09-15,Jawa Barat,Online,K0005,Korporat,SYS-ONLINE,Printer & Tinta,Printer InkJet P200,9,0.25,Completed,2100000.0,14175000.0,15269400.0
ORD-106950,15/09/2026,Jakarta,Offline,C00847,Retail,SR02,Printer & Tinta,Tinta Botol Set CMYK,1,0.1,Completed,280.0,252.0,162.5
ORD-106951,15/09/2026,Jawa Timur,Offline,K0111,Korporat,SR09,Peralatan Kantor,Kertas A4 80gsm (rim),47,0.0,Completed,55.0,2585.0,1757.8
ORD-106952,15/09/2026,jawa timur,Offline,C02366,UMKM,SR08,Printer & Tinta,Tinta Botol Set CMYK,5,0.05,Completed,280.0,1330.0,831.0
ORD-106953,2026-09-15,Jakarta,Online,C01951,UMKM,SYS-ONLINE,Smartphone,Smartphone Lumo A5,4,0.05,Completed,2800000.0,10640000.0,9736800.0
ORD-106954,2026-09-15,Jakarta,Online,C01879,Retail,SYS-ONLINE,laptop,Laptop Axio Pro 15,2,0.3,Completed,13000000.0,18200000.0,22955800.0
ORD-106955,15/09/2026,Jawa Barat,Offline,C01101,UMKM,SR05,Aksesoris,Keyboard Mekanik K7,9,0.0,Completed,650.0,5850.0,3577.5
ORD-104539,2026-01-10,Sulawesi,Online,C00652,Retail,SYS-ONLINE,Networking,Switch 8 Port S8,5,0.1,Completed,450000.0,2025000.0,
ORD-104540,2026-01-10,Sulawesi,online,C02273,UMKM,SYS-ONLINE,Laptop,Laptop Veno 13,1,0.05,Completed,6200000.0,5890000.0,5590600.0
ORD-104541,2026-01-10,Jakarta,Offline,C01515,UMKM,SR02,Laptop,Laptop Veno 13,3,0.0,Completed,6200000.0,18600000.0,16556400.0
ORD-104542,2026-01-10,Jawa Timur,Offline,K0114,Korporat,SR08,Printer & Tinta,Tinta Botol Set CMYK,10,0.2,Completed,280000.0,2240000.0,1654000.0
ORD-104543,2026-01-10,Kalimantan,Offline,C00867,UMKM,SR14,Smartphone,Smartphone Lumo A5,1,0.0,Completed,2800000.0,2800000.0,2453600.0
ORD-104820,2026-02-10,Jawa Barat,Online,K0040,Korporat,SYS-ONLINE,Smartphone,Smartphone Lumo X,2,0.05,Completed,5500000.0,10450000.0,9457600.0
ORD-104821,2026-02-10,Jakarta,Offline,C02179,Retail,SR03,laptop,Laptop Axio Pro 15,1,0.1,Completed,13000000.0,11700000.0,
ORD-104822,2026-02-10,Jawa Timur,Offline,C00015,Retail,SR07,Aksesoris,Headset USB H3,2,20.0,Completed,350000.0,560000.0,415000.0
ORD-104823,2026-02-10,Jawa Timur,Offline,K0029,Korporat,SR07,Laptop,Laptop Axio 14,2,5.0,Completed,8500000.0,16150000.0,15413400.0
ORD-104824,2026-02-10,Jawa Barat,Offline,K0065,Korporat,SR05,Aksesoris,Power Bank 20000mAh,41,0.0,Completed,320000.0,13120000.0,8085200.0
ORD-104825,2026-02-10,Jakarta,Offline,C02393,Retail,SR03,Smartphone,Smartphone Lumo X,2,0.0,Completed,5500000.0,11000000.0,9506200.0
ORD-104826,2026-02-10,Jawa Timur,Offline,C01171,UMKM,SR08,Laptop,Laptop Axio 14,2,0.0,Completed,8500000.0,17000000.0,15330600.0
ORD-104827,2026-02-10,kalimantan,Offline,C02399,UMKM,SR13,Networking,Router WiFi 6 R600,5,0.05,Completed,1200000.0,5700000.0,
ORD-104828,2026-02-10,Jawa Barat,Offline,C01409,UMKM,SR06,ATK,Kursi Ergonomis E1,4,0.0,Completed,1900000.0,7600000.0,5184800.0
ORD-104829,2026-02-10,Jakarta,Online,C01395,Retail,SYS-ONLINE,Smartphone,Smartphone Lumo A5,2,0.15,Completed,2800000.0,4760000.0,4847600.0
ORD-104830,2026-02-10,Jakarta,Offline,C01511,Retail,SR02,Aksesoris,Power Bank 20000mAh,2,0.1,Completed,320000.0,576000.0,398600.0
ORD-104831,2026-02-10,Sulawesi,Offline,C01527,UMKM,SR18,Networking,Router WiFi 6 R600,9,0.05,Completed,1200000.0,10260000.0,7724700.0
ORD-104832,2026-02-10,Jakarta,Offline,C00489,UMKM,SR02,Smartphone,Smartphone Lumo X,1,0.0,Completed,5500000.0,5500000.0,4817300.0
ORD-105109,2026-03-10,Jawa Timur,Online,C02157,Retail,SYS-ONLINE,Printer & Tinta,Printer InkJet P200,2,0.05,Completed,2100000.0,3990000.0,3444600.0
ORD-105110,2026-03-10,Jawa Barat,Offline,C01256,Retail,SR04,Peralatan Kantor,Kertas A4 80gsm (rim),3,0.05,Completed,55000.0,156750.0,
ORD-105111,2026-03-10,Jakarta,Offline,C00486,Retail,SR02,Peralatan Kantor,Kursi Ergonomis E1,3,0.0,Cancelled,1900000.0,5700000.0,3881100.0
ORD-105112,2026-03-10,Jawa Timur,Online,C00407,Retail,SYS-ONLINE,Peralatan Kantor,Kursi Ergonomis E1,3,0.1,Completed,1900000.0,5130000.0,3848400.0
ORD-105113,2026-03-10,Jawa Timur,Offline,C00227,Retail,SR08,Printer & Tinta,Printer InkJet P200,2,0.25,Completed,2100000.0,3150000.0,3402600.0
ORD-105114,2026-03-10,Jawa Timur,Offline,K0123,Korporat,SR08,Aksesoris,Power Bank 20000mAh,33,0.0,Completed,320000.0,10560000.0,6501000.0
ORD-105115,2026-03-10,Kalimantan,ONLINE,C01170,UMKM,SYS-ONLINE,Peralatan Kantor,Kursi Ergonomis E1,11,0.15,Completed,1900000.0,17765000.0,14327500.0
ORD-105116,2026-03-10,Sulawesi,Offline,C00932,Retail,SR17,Laptop,Laptop Axio 14,2,0.0,Completed,8500000.0,17000000.0,15009000.0
ORD-105117,2026-03-10,Sumatera,Offline,C00742,UMKM,SR12,Aksesoris,Mouse Wireless M20,5,0.0,Completed,180000.0,900000.0,526000.0
ORD-105118,2026-03-10,Jawa Barat,Online,C01631,Retail,SYS-ONLINE,Aksesoris,Power Bank 20000mAh,4,0.0,Completed,320000.0,1280000.0,796800.0
ORD-105119,2026-03-10,Sumatera,Offline,C01564,UMKM,SR12,Printer & Tinta,Tinta Botol Set CMYK,3,0.05,Completed,280000.0,798000.0,495300.0
ORD-105120,2026-03-10,Jakarta,Offline,C00345,Retail,SR03,Peralatan Kantor,Kursi Ergonomis E1,1,0.1,Completed,1900000.0,1710000.0,1287000.0
ORD-105490,2026-04-10,Jakarta,Online,C01517,UMKM,SYS-ONLINE,Aksesoris,Mouse Wireless M20,2,0.05,Completed,180000.0,342000.0,208000.0
ORD-105492,2026-04-10,Sulawesi,Online,C01031,UMKM,SYS-ONLINE,Aksesoris,Mouse Wireless M20,5,0.25,Completed,180000.0,675000.0,521000.0
ORD-105495,2026-04-10,,Online,C00011,UMKM,SYS-ONLINE,Peralatan Kantor,Kertas A4 80gsm (rim),14,0.3,Completed,55000.0,539000.0,526400.0
ORD-105497,2026-04-10,kalimantan,Online,C00680,Retail,SYS-ONLINE,Printer & Tinta,Tinta Botol Set CMYK,2,0.2,Completed,280000.0,448000.0,329800.0
ORD-105716,2026-05-10,Jabar,Online,C01701,Retail,SYS-ONLINE,Networking,Switch 8 Port S8,5,0.3,Completed,450000.0,1575000.0,
ORD-105720,2026-05-10,Sulawesi,Online,C00754,UMKM,SYS-ONLINE,Printer & Tinta,Printer InkJet P200,2,0.05,Completed,2100000.0,3990000.0,3391600.0
ORD-105721,2026-05-10,Sulawesi,E-Commerce,K0179,Korporat,SYS-ONLINE,Printer & Tinta,Tinta Botol Set CMYK,10,0.1,Completed,280000.0,2520000.0,1647000.0
ORD-105975,2026-06-10,Jawa barat ,Online,K0054,Korporat,SYS-ONLINE,Smartphone,Smartphone Lumo X,9,0.05,Completed,5500000.0,47025000.0,43330500.0
ORD-105978,2026-06-10,Jakarta,Online,C01172,UMKM,SYS-ONLINE,Peralatan Kantor,Kursi Ergonomis E1,7,0.3,Completed,1900000.0,9310000.0,9216200.0
ORD-105981,2026-06-10,Kalimantan,Online,C00691,Retail,SYS-ONLINE,Smartphone,Smartphone Lumo X,1,0.2,Completed,5500000.0,4400000.0,4754800.0
ORD-106965,2026-06-10,Kalimantan,Online,C00691,Retail,SYS-ONLINE,Smartphone,Smartphone Lumo X,1,0.2,Completed,5500000.0,4400000.0,4768800.0
ORD-106286,2026-07-10,Jatim,Online,C02296,UMKM,SYS-ONLINE,Laptop,Laptop Axio Pro 15,5,0.25,Completed,13000000.0,48750000.0,58686500.0
ORD-106288,2026-07-10,Jakarta,Online,C01783,UMKM,SYS-ONLINE,Peralatan Kantor,Kursi Ergonomis E1,12,0.0,Completed,1900000.0,22800000.0,15792000.0
ORD-106595,2026-08-10,Jawa Timur,ONLINE,C01209,UMKM,SYS-ONLINE,smartphone,Smartphone Lumo A5,1,0.2,Completed,2800000.0,2240000.0,2451600.0
ORD-106601,2026-08-10,Jakarta,Online,C02202,UMKM,SYS-ONLINE,Peralatan Kantor,Kursi Ergonomis E1,12,0.1,Completed,1900000.0,20520000.0,15530400.0
ORD-106601,2026-08-10,Jakarta,Online,C02202,UMKM,SYS-ONLINE,Peralatan Kantor,Kursi Ergonomis E1,12,0.1,Completed,1900000.0,20520000.0,15530400.0
ORD-106603,2026-08-10,Jakarta,Online,C02297,UMKM,SYS-ONLINE,Peralatan Kantor,Kertas A4 80gsm (rim),8,0.15,Completed,55000.0,374000.0,305600.0
ORD-106894,2026-09-10,kalimantan,Online,C01642,Retail,SYS-ONLINE,Aksesori,Headset USB H3,4,0.15,Completed,350000.0,1190000.0,848000.0
ORD-106896,2026-09-10,DKI Jakarta,Online,K0027,Korporat,SYS-ONLINE,Aksesoris,Headset USB H3,33,0.2,Completed,350000.0,9240000.0,7029000.0
ORD-106901,2026-09-10,Jakarta,Online,C01562,Retail,SYS-ONLINE,Printer & Tinta,Tinta Botol Set CMYK,1,0.05,Completed,280000.0,266000.0,166100.0
ORD-106902,2026-09-10,Jakarta,Online,C00280,Retail,SYS-ONLINE,Peralatan Kantor,Kertas A4 80gsm (rim),3,0.2,Completed,55000.0,132000.0,114600.0
ORD-106903,2026-09-10,Jawa barat ,Online,C01681,Retail,SYS-ONLINE,Laptop,Laptop Veno 13,1,0.05,Completed,6200000.0,5890000.0,5543000.0
ORD-106904,2026-09-10,Jawa Barat,Online,C02236,UMKM,SYS-ONLINE,Aksesori,Power Bank 20000mAh,13,0.2,Completed,320000.0,3328000.0,2575300.0
ORD-106905,2026-09-10,Jakarta,Online,C01811,Retail,SYS-ONLINE,Smartphone,Smartphone Lumo A5,1,0.05,Completed,2800000.0,2660000.0,2409400.0
ORD-106907,2026-09-10,jawa timur,Online,K0111,Korporat,SYS-ONLINE,Networking,Router WiFi 6 R600,39,0.1,Completed,1200000.0,42120000.0,
ORD-104544,2026-01-11,Jakarta,Offline,C02060,Retail,SR02,Laptop,Laptop Veno 13,1,0.0,Completed,6200000.0,6200000.0,5596400.0
ORD-104545,2026-01-11,Jawa Barat,Online,C00415,Retail,SYS-ONLINE,Smartphone,Smartphone Lumo A5,2,0.1,Completed,2800000.0,5040000.0,4791600.0
ORD-104546,2026-01-11,Kalimantan,Offline,C00872,Retail,SR14,Laptop,Laptop Veno 13,1,0.0,Completed,6200000.0,6200000.0,5549600.0
ORD-104547,2026-01-11,Jakarta,Offline,C02232,UMKM,SR02,Smartphone,Smartphone Lumo A5,2,0.0,Completed,2800000.0,5600000.0,
ORD-104548,2026-01-11,Jakarta,Online,C00582,UMKM,SYS-ONLINE,Aksesoris,Mouse Wireless M20,6,0.15,Completed,180000.0,918000.0,633600.0
ORD-104549,2026-01-11,Jawa Timur,Offline,C01477,Retail,SR09,Peralatan Kantor,Kursi Ergonomis E1,3,0.0,Completed,1900000.0,5700000.0,3877200.0
ORD-104550,2026-01-11,Jakarta,Offline,C00995,Retail,SR02,Smartphone,Smartphone Lumo A5,1,0.0,Completed,2800000.0,2800000.0,2437800.0
ORD-104551,2026-01-11,Jawa Timur,Offline,C00919,Retail,SR08,Printer & Tinta,Printer InkJet P200,2,0.0,Completed,2100000.0,4200000.0,3421400.0
RET-104455,2026-01-11,Jawa Timur,Offline,C01049,Retail,SR09,Smartphone,Smartphone Lumo X,-2,0.0,Returned,5500000.0,-11000000.0,-9576200.0
ORD-104833,2026-02-11,Jawa Barat,Offline,C01252,UMKM,SR04,Aksesoris,Keyboard Mekanik K7,5,0.0,Completed,650000.0,3250000.0,1997500.0
ORD-104834,2026-02-11,Jakarta,Online,C01019,Retail,SYS-ONLINE,Printer & Tinta,Printer InkJet P200,2,0.1,Completed,2100000.0,3780000.0,3415600.0
ORD-104835,2026-02-11,Jakarta,Offline,C00136,Retail,SR03,Peralatan kantor,Kertas A4 80gsm (rim),1,0.0,Completed,55000.0,55000.0,37700.0
ORD-104836,2026-02-11,Jakarta,Offline,K0134,Korporat,SR02,Smartphone,Smartphone Lumo A5,4,0.0,Completed,2800000.0,11200000.0,9705200.0
ORD-105121,2026-03-11,Jawa Barat,Offline,K0036,Korporat,SR04,Smartphone,Smartphone Lumo X,2,0.0,Completed,5500000.0,11000000.0,9566400.0
ORD-105122,2026-03-11,Sumatera,Online,C01469,UMKM,SYS-ONLINE,Smartphone,Smartphone Lumo A5,2,0.25,Completed,2800000.0,4200000.0,4827600.0
ORD-105123,2026-03-11,Sumatera,Online,C00648,Retail,SYS-ONLINE,Laptop,Laptop Axio 14,1,0.25,Completed,8500000.0,6375000.0,7568700.0
ORD-105124,2026-03-11,Sulawesi,Online,C00502,Retail,SYS-ONLINE,Aksesoris,Power Bank 20000mAh,3,0.0,Completed,320000.0,960000.0,594000.0
ORD-105125,2026-03-11,Sumatera,Offline,C00736,UMKM,SR11,Peralatan Kantor,Kertas A4 80gsm (rim),6,5.0,Completed,55000.0,313500.0,225600.0
ORD-105126,2026-03-11,Sulawesi,Offline,C01001,UMKM,SR17,Aksesoris,Headset USB H3,3,0.0,Completed,350000.0,1050000.0,631800.0
ORD-105500,2026-04-11,Kalimantan,ONLINE,C00404,Retail,SYS-ONLINE,Peralatan Kantor,Kursi Ergonomis E1,1,0.3,Completed,1900000.0,1330000.0,1293900.0
ORD-105501,2026-04-11,Kalimantan,Online,C00018,Retail,SYS-ONLINE,Smartphone,Smartphone Lumo X,1,0.2,Completed,5500000.0,4400000.0,4822700.0
ORD-105726,2026-05-11,Jawa Barat,Online,C00573,Retail,SYS-ONLINE,laptop,Laptop Axio Pro 15,2,0.25,Completed,13000000.0,19500000.0,23390400.0
ORD-105729,2026-05-11,Jawa Barat,Online,C02195,Retail,SYS-ONLINE,Laptop,Laptop Axio Pro 15,1,0.05,Completed,13000000.0,12350000.0,11604700.0
ORD-105734,2026-05-11,Sulawesi,Online,C01593,Retail,SYS-ONLINE,Aksesoris,Keyboard Mekanik K7,5,0.05,Completed,650000.0,3087500.0,2001000.0
ORD-105982,2026-06-11,Sumatera,Online,C01830,Retail,SYS-ONLINE,Peralatan Kantor,Kertas A4 80gsm (rim),3,0.0,Completed,55000.0,165000.0,114000.0
ORD-105987,2026-06-11,Jawa Barat,Online,C00558,Retail,SYS-ONLINE,Aksesoris,Keyboard Mekanik K7,5,0.0,Completed,650000.0,3250000.0,2027000.0
ORD-105987,2026-06-11,Jawa Barat,Online,C00558,Retail,SYS-ONLINE,Aksesoris,Keyboard Mekanik K7,5,0.0,Completed,650000.0,3250000.0,2027000.0
ORD-105988,2026-06-11,Jawa Barat,Online,C00869,Retail,SYS-ONLINE,Printer & Tinta,Printer InkJet P200,1,0.3,Completed,2100000.0,1470000.0,1713800.0
ORD-105989,2026-06-11,Jawa Barat,Online,C02375,UMKM,SYS-ONLINE,Laptop,Laptop Veno 13,4,0.3,Completed,6200000.0,17360000.0,22074800.0
ORD-106292,2026-07-11,Jakarta,Online,C01386,UMKM,SYS-ONLINE,Laptop,Laptop Axio Pro 15,2,0.05,Completed,13000000.0,24700000.0,23440800.0
ORD-106295,2026-07-11,Jakarta,Online,C00383,UMKM,SYS-ONLINE,Laptop,Laptop Axio Pro 15,1,0.05,Completed,13000000.0,12350000.0,11572400.0
ORD-106298,2026-07-11,Jakarta,Online,C01650,UMKM,SYS-ONLINE,Peralatan Kantor,Kursi Ergonomis E1,10,0.25,Completed,1900000.0,14250000.0,13038000.0
ORD-106301,2026-07-11,Sumatera,Online,C00030,Retail,SYS-ONLINE,Networking,Router WiFi 6 R600,3,0.0,Completed,1200000.0,3600000.0,2582400.0
ORD-106305,2026-07-11,Jawa Timur,Online,C00267,UMKM,SYS-ONLINE,Aksesoris,Power Bank 20000mAh,6,0.0,Completed,320000.0,1920000.0,1189800.0
RET-106263,2026-07-11,jakarta,Online,K0087,Korporat,SYS-ONLINE,Peralatan Kantor,Kertas A4 80gsm (rim),-38,0.2,Returned,55000.0,-1672000.0,-1447800.0
ORD-106607,2026-08-11,Jakarta,E-Commerce,C01049,UMKM,SYS-ONLINE,aksesoris ,Mouse Wireless M20,2,0.05,Completed,180000.0,342000.0,211400.0
ORD-106609,2026-08-11,Jawa Barat,Online,C00193,UMKM,SYS-ONLINE,Networking,Switch 8 Port S8,10,0.1,Completed,450000.0,4050000.0,
ORD-106611,2026-08-11,Jawa Barat,Online,C00614,Retail,SYS-ONLINE,Printer & Tinta,Tinta Botol Set CMYK,1,0.25,Completed,280000.0,210000.0,165800.0
ORD-106612,2026-08-11,Jawa Barat,E-Commerce,C00938,Retail,SYS-ONLINE,Smartphone,Smartphone Lumo X,1,0.05,Completed,5500000.0,5225000.0,4804100.0
ORD-106613,2026-08-11,Jawa Barat,Online,K0117,Korporat,SYS-ONLINE,Networking,Router WiFi 6 R600,2,0.05,Completed,1200000.0,2280000.0,
ORD-106913,2026-09-11,,online,C00339,Retail,SYS-ONLINE,Networking,Router WiFi 6 R600,4,0.05,Completed,1200000.0,4560000.0,
ORD-106915,2026-09-11,Jakarta,Online,C02093,UMKM,SYS-ONLINE,Printer & Tinta,Tinta Botol Set CMYK,1,0.2,Completed,280000.0,224000.0,166000.0
ORD-106918,2026-09-11,Jakarta,Online,C01206,Retail,SYS-ONLINE,Networking,Router WiFi 6 R600,2,0.05,Completed,1200000.0,2280000.0,
ORD-106920,2026-09-11,SULAWESI,Online,C02067,UMKM,SYS-ONLINE,Peralatan Kantor,Kertas A4 80gsm (rim),2,0.3,Completed,55000.0,77000.0,75400.0
ORD-106921,2026-09-11,Sulawesi,Online,K0047,Korporat,SYS-ONLINE,Laptop,Laptop Veno 13,4,0.0,Completed,6200000.0,24800000.0,22404400.0
ORD-106921,2026-09-11,Sulawesi,Online,K0047,Korporat,SYS-ONLINE,Laptop,Laptop Veno 13,4,0.0,Completed,6200000.0,24800000.0,22404400.0
ORD-106922,2026-09-11,Jakarta,Online,C02335,UMKM,SYS-ONLINE,Networking,Router WiFi 6 R600,5,0.05,Completed,1200000.0,5700000.0,4272500.0
ORD-104552,2026-01-12,Sulawesi,Online,C02341,Retail,SYS-ONLINE,Smartphone,Smartphone Lumo A5,2,0.1,Completed,2800000.0,5040000.0,4832200.0
ORD-104553,2026-01-12,Sumatera,Offline,C02310,UMKM,SR11,Laptop,Laptop Veno 13,5,5.0,Cancelled,6200000.0,29450000.0,28158500.0
ORD-104554,2026-01-12,Sumatera,Offline,K0174,Korporat,SR11,Smartphone,Smartphone Lumo X,7,0.0,Completed,5500000.0,38500000.0,34029800.0
ORD-104555,2026-01-12,Kalimantan,Online,C02362,UMKM,SYS-ONLINE,Printer & Tinta,Printer InkJet P200,5,0.0,Completed,2100000.0,10500000.0,8471500.0
ORD-104556,2026-01-12,Sumatera,Offline,C00596,Retail,SR12,Aksesoris,Keyboard Mekanik K7,2,0.0,Completed,650000.0,1300000.0,811000.0
ORD-104557,2026-01-12,Kalimantan,Offline,C01282,Retail,SR14,Aksesoris,Power Bank 20000mAh,4,0.0,Completed,320000.0,1280000.0,797600.0
ORD-104558,2026-01-12,Jawa Timur,Online,C00571,Retail,SYS-ONLINE,Peralatan Kantor,Kertas A4 80gsm (rim),4,0.1,Completed,55000.0,198000.0,150400.0
ORD-104837,2026-02-12,Jakarta,Online,C02132,Retail,SYS-ONLINE,Networking,Switch 8 Port S8,4,0.05,Completed,450000.0,1710000.0,
ORD-104838,2026-02-12,Jawa Timur,Offline,C00891,UMKM,SR09,Smartphone,Smartphone Lumo X,3,0.0,Completed,5500000.0,16500000.0,14422800.0
ORD-104839,2026-02-12,Jakarta,Online,C00229,Retail,SYS-ONLINE,Printer & Tinta,Printer InkJet P200,1,0.05,Completed,2100000.0,1995000.0,1682400.0
ORD-104840,2026-02-12,Sumatra,Online,C01829,Retail,SYS-ONLINE,Peralatan Kantor,Kursi Ergonomis E1,5,0.0,Completed,1900000.0,9500000.0,6468000.0
ORD-104841,2026-02-12,Sumatera,Offline,K0098,Korporat,SR11,Aksesori,Power Bank 20000mAh,28,5.0,Completed,320000.0,8512000.0,5656000.0
ORD-104842,2026-02-12,Jakarta,Offline,C01763,Retail,SR01,Aksesoris,Headset USB H3,3,0.05,Completed,350000.0,997500.0,635700.0
ORD-104843,2026-02-12,Sumatera,Offline,K0098,Korporat,SR10,Networking,Switch 8 Port S8,10,0.0,Completed,450000.0,4500000.0,3007000.0
ORD-104844,2026-02-12,Kalimantan,Online,K0042,Korporat,SYS-ONLINE,Aksesoris,Keyboard Mekanik K7,17,0.0,Completed,650000.0,11050000.0,6822100.0
ORD-104845,2026-02-12,Jakarta,Offline,K0067,Korporat,SR01,Aksesoris,Mouse Wireless M20,33,0.1,Completed,180000.0,5346000.0,3461700.0
ORD-105127,2026-03-12,Jakarta,Online,C02224,UMKM,SYS-ONLINE,Networking,Router WiFi 6 R600,11,0.3,Completed,1200000.0,9240000.0,
ORD-105128,2026-03-12,Jawa Timur,Offline,C01712,UMKM,SR09,Printer & Tinta,Tinta Botol Set CMYK,1,0.3,Completed,280000.0,196000.0,165600.0
ORD-105129,2026-03-12,Jawa Barat,Offline,K0122,Korporat,SR04,Aksesoris,Power Bank 20000mAh,35,0.0,Completed,320000.0,11200000.0,7007000.0
ORD-105130,2026-03-12,Jawa Barat,Online,C01236,Retail,SYS-ONLINE,Aksesoris,Mouse Wireless M20,4,0.05,Completed,180000.0,684000.0,419600.0
ORD-105131,2026-03-12,Jawa Barat,Online,C01229,UMKM,SYS-ONLINE,Printer & Tinta,Tinta Botol Set CMYK,1,0.1,Completed,280000.0,252000.0,165700.0
ORD-105132,2026-03-12,Jawa Barat,Offline,C00679,Retail,SR06,Peralatan Kantor,Kursi Ergonomis E1,2,0.0,Completed,1900000.0,3800000.0,2596000.0
ORD-105133,2026-03-12,Kalimantan,Offline,C01864,Retail,SR13,Aksesoris,Keyboard Mekanik K7,4,0.0,Completed,650000.0,2600000.0,1588400.0
ORD-105134,2026-03-12,Sulawesi,Offline,C02384,UMKM,SR17,Aksesoris,Power Bank 20000mAh,3,0.0,Completed,320000.0,960000.0,599400.0
ORD-105135,2026-03-12,Sumatera,Offline,C00101,UMKM,SR12,Laptop,Laptop Axio Pro 15,3,0.05,Completed,13000000.0,37050000.0,34458300.0
ORD-105136,2026-03-12,Jakarta,Online,C00588,UMKM,SYS-ONLINE,Aksesoris,Mouse Wireless M20,5,0.0,Completed,180000.0,900000.0,524500.0
ORD-105137,2026-03-12,Jakarta,Online,C00329,Retail,SYS-ONLINE,LAPTOP,Laptop Veno 13,1,0.1,Cancelled,6200000.0,5580000.0,5483900.0
ORD-105506,2026-04-12,Jakarta,Online,K0082,Korporat,SYS-ONLINE,Peralatan Kantor,Kertas A4 80gsm (rim),9,0.1,Completed,55000.0,445500.0,342000.0
ORD-105510,2026-04-12,Jawa Timur,online,C00962,UMKM,SYS-ONLINE,Aksesoris,Headset USB H3,12,0.3,Completed,350000.0,2940000.0,2529600.0
ORD-105737,2026-05-12,Jakarta,Online,C00557,Retail,SYS-ONLINE,Networking,Switch 8 Port S8,1,0.25,Completed,450000.0,337500.0,
ORD-105738,2026-05-12,Jakarta,Online,C02074,Retail,SYS-ONLINE,Printer & Tinta,Tinta Botol Set CMYK,1,0.0,Completed,280000.0,280000.0,166900.0
ORD-105739,2026-05-12,Jawa Timur,Online,C02274,Retail,SYS-ONLINE,Laptop,Laptop Veno 13,1,0.3,Completed,6200000.0,4340000.0,5592000.0
ORD-106958,2026-05-12,Jakarta,Online,C02074,Retail,SYS-ONLINE,Printer & Tinta,Tinta Botol Set CMYK,1,0.0,Completed,280000.0,280000.0,163400.0
ORD-105994,2026-06-12,Jawa Timur,Online,C00152,UMKM,SYS-ONLINE,Printer & Tinta,Tinta Botol Set CMYK,3,0.05,Completed,280000.0,798000.0,491700.0
ORD-105995,2026-06-12,Sumatera,Online,C01715,Retail,SYS-ONLINE,Laptop,Laptop Axio 14,1,0.15,Completed,8500000.0,7225000.0,7633400.0
ORD-105996,2026-06-12,Kalimantan,Online,C00403,Retail,SYS-ONLINE,Laptop,Laptop Veno 13,2,0.3,Cancelled,6200000.0,8680000.0,11206200.0
ORD-105997,2026-06-12,Jakarta,Online,C01670,UMKM,SYS-ONLINE,Printer & Tinta,Printer InkJet P200,4,0.3,Completed,2100000.0,5880000.0,6796400.0
ORD-105998,2026-06-12,Sulawesi,Online,C01606,Retail,SYS-ONLINE,Smartphone,Smartphone Lumo A5,2,0.0,Completed,2800000.0,5600000.0,4827600.0
ORD-105999,2026-06-12,Sulawesi,Online,C02204,Retail,SYS-ONLINE,Peralatan Kantor,Kertas A4 80gsm (rim),2,0.05,Completed,55000.0,104500.0,76000.0
ORD-106308,2026-07-12,Jawa Timur,Online,C00748,Retail,SYS-ONLINE,Laptop,Laptop Axio 14,2,0.2,Completed,8500000.0,13600000.0,15404600.0
ORD-106312,2026-07-12,Sumatera,Online,C00951,Retail,SYS-ONLINE,Networking,Switch 8 Port S8,2,0.1,Completed,450000.0,810000.0,602000.0
ORD-106314,2026-07-12,Sulawesi,Online,C00436,Retail,SYS-ONLINE,Laptop,Laptop Axio 14,1,0.25,Completed,8500000.0,6375000.0,7631300.0
ORD-106315,2026-07-12,Sumatra,Online,K0154,Korporat,SYS-ONLINE,Smartphone,Smartphone Lumo X,8,0.0,Completed,5500000.0,44000000.0,38113600.0
ORD-106316,2026-07-12,Jakarta,Online,C01917,UMKM,SYS-ONLINE,Smartphone,Smartphone Lumo A5,5,0.3,Completed,2800000.0,9800000.0,12172000.0
ORD-106316,2026-07-12,Jakarta,Online,C01917,UMKM,SYS-ONLINE,Smartphone,Smartphone Lumo A5,5,0.3,Completed,2800000.0,9800000.0,12172000.0
ORD-106616,2026-08-12,Jakarta,Online,C01901,Retail,SYS-ONLINE,Peralatan Kantor,Kursi Ergonomis E1,3,0.2,Completed,1900000.0,4560000.0,3873000.0
ORD-106617,2026-08-12,Sumatra,Online,C00127,Retail,SYS-ONLINE,Printer & Tinta,Tinta Botol Set CMYK,2,0.3,Completed,280000.0,392000.0,334800.0
ORD-106620,2026-08-12,Sumatera,Online,C00413,Retail,SYS-ONLINE,Smartphone,Smartphone Lumo A5,1,0.15,Completed,2800000.0,2380000.0,2448600.0
ORD-106925,2026-09-12,SULAWESI,Online,C00579,UMKM,SYS-ONLINE,Networking,Router WiFi 6 R600,6,0.0,Completed,1200000.0,7200000.0,
